Age,Weight,Height,BMI,Fitness Goal
18,40,150,17.77777777777778,Gain Weight
18,45,150,20.0,Maintain Weight
18,50,150,22.22222222222222,Maintain Weight
18,55,150,24.444444444444443,Maintain Weight
18,60,150,26.666666666666668,Lose Weight
18,65,150,28.88888888888889,Lose Weight
18,70,150,31.11111111111111,Lose Weight
18,75,150,33.333333333333336,Lose Weight
18,80,150,35.55555555555556,Lose Weight
18,85,150,37.77777777777778,Lose Weight
18,90,150,40.0,Lose Weight
18,95,150,42.22222222222222,Lose Weight
18,100,150,44.44444444444444,Lose Weight
18,105,150,46.666666666666664,Lose Weight
18,110,150,48.888888888888886,Lose Weight
18,115,150,51.111111111111114,Lose Weight
18,120,150,53.333333333333336,Lose Weight
18,125,150,55.55555555555556,Lose Weight
18,130,150,57.77777777777778,Lose Weight
18,135,150,60.0,Lose Weight
18,140,150,62.22222222222222,Lose Weight
18,145,150,64.44444444444444,Lose Weight
18,40,155,16.649323621227886,Gain Weight
18,45,155,18.730489073881373,Maintain Weight
18,50,155,20.811654526534856,Maintain Weight
18,55,155,22.892819979188342,Maintain Weight
18,60,155,24.97398543184183,Lose Weight
18,65,155,27.055150884495315,Lose Weight
18,70,155,29.1363163371488,Lose Weight
18,75,155,31.217481789802285,Lose Weight
18,80,155,33.29864724245577,Lose Weight
18,85,155,35.37981269510926,Lose Weight
18,90,155,37.460978147762745,Lose Weight
18,95,155,39.54214360041623,Lose Weight
18,100,155,41.62330905306971,Lose Weight
18,105,155,43.7044745057232,Lose Weight
18,110,155,45.785639958376684,Lose Weight
18,115,155,47.86680541103017,Lose Weight
18,120,155,49.94797086368366,Lose Weight
18,125,155,52.029136316337144,Lose Weight
18,130,155,54.11030176899063,Lose Weight
18,135,155,56.19146722164411,Lose Weight
18,140,155,58.2726326742976,Lose Weight
18,145,155,60.353798126951084,Lose Weight
18,40,160,15.624999999999996,Gain Weight
18,45,160,17.578124999999996,Gain Weight
18,50,160,19.531249999999996,Maintain Weight
18,55,160,21.484374999999996,Maintain Weight
18,60,160,23.437499999999996,Maintain Weight
18,65,160,25.390624999999996,Lose Weight
18,70,160,27.343749999999996,Lose Weight
18,75,160,29.296874999999993,Lose Weight
18,80,160,31.249999999999993,Lose Weight
18,85,160,33.20312499999999,Lose Weight
18,90,160,35.15624999999999,Lose Weight
18,95,160,37.10937499999999,Lose Weight
18,100,160,39.06249999999999,Lose Weight
18,105,160,41.01562499999999,Lose Weight
18,110,160,42.96874999999999,Lose Weight
18,115,160,44.92187499999999,Lose Weight
18,120,160,46.87499999999999,Lose Weight
18,125,160,48.82812499999999,Lose Weight
18,130,160,50.78124999999999,Lose Weight
18,135,160,52.73437499999999,Lose Weight
18,140,160,54.68749999999999,Lose Weight
18,145,160,56.640624999999986,Lose Weight
18,40,165,14.692378328741967,Gain Weight
18,45,165,16.528925619834713,Gain Weight
18,50,165,18.36547291092746,Gain Weight
18,55,165,20.202020202020204,Maintain Weight
18,60,165,22.03856749311295,Maintain Weight
18,65,165,23.875114784205696,Maintain Weight
18,70,165,25.71166207529844,Lose Weight
18,75,165,27.548209366391188,Lose Weight
18,80,165,29.384756657483933,Lose Weight
18,85,165,31.22130394857668,Lose Weight
18,90,165,33.057851239669425,Lose Weight
18,95,165,34.894398530762174,Lose Weight
18,100,165,36.73094582185492,Lose Weight
18,105,165,38.567493112947666,Lose Weight
18,110,165,40.40404040404041,Lose Weight
18,115,165,42.24058769513316,Lose Weight
18,120,165,44.0771349862259,Lose Weight
18,125,165,45.91368227731865,Lose Weight
18,130,165,47.75022956841139,Lose Weight
18,135,165,49.58677685950414,Lose Weight
18,140,165,51.42332415059688,Lose Weight
18,145,165,53.25987144168963,Lose Weight
18,40,170,13.84083044982699,Gain Weight
18,45,170,15.570934256055365,Gain Weight
18,50,170,17.301038062283737,Gain Weight
18,55,170,19.031141868512112,Maintain Weight
18,60,170,20.761245674740486,Maintain Weight
18,65,170,22.49134948096886,Maintain Weight
18,70,170,24.221453287197235,Maintain Weight
18,75,170,25.95155709342561,Lose Weight
18,80,170,27.68166089965398,Lose Weight
18,85,170,29.411764705882355,Lose Weight
18,90,170,31.14186851211073,Lose Weight
18,95,170,32.871972318339104,Lose Weight
18,100,170,34.602076124567475,Lose Weight
18,105,170,36.33217993079585,Lose Weight
18,110,170,38.062283737024224,Lose Weight
18,115,170,39.7923875432526,Lose Weight
18,120,170,41.52249134948097,Lose Weight
18,125,170,43.25259515570935,Lose Weight
18,130,170,44.98269896193772,Lose Weight
18,135,170,46.71280276816609,Lose Weight
18,140,170,48.44290657439447,Lose Weight
18,145,170,50.17301038062284,Lose Weight
18,40,175,13.061224489795919,Gain Weight
18,45,175,14.693877551020408,Gain Weight
18,50,175,16.3265306122449,Gain Weight
18,55,175,17.959183673469386,Gain Weight
18,60,175,19.591836734693878,Maintain Weight
18,65,175,21.224489795918366,Maintain Weight
18,70,175,22.857142857142858,Maintain Weight
18,75,175,24.489795918367346,Maintain Weight
18,80,175,26.122448979591837,Lose Weight
18,85,175,27.755102040816325,Lose Weight
18,90,175,29.387755102040817,Lose Weight
18,95,175,31.020408163265305,Lose Weight
18,100,175,32.6530612244898,Lose Weight
18,105,175,34.285714285714285,Lose Weight
18,110,175,35.91836734693877,Lose Weight
18,115,175,37.55102040816327,Lose Weight
18,120,175,39.183673469387756,Lose Weight
18,125,175,40.816326530612244,Lose Weight
18,130,175,42.44897959183673,Lose Weight
18,135,175,44.08163265306123,Lose Weight
18,140,175,45.714285714285715,Lose Weight
18,145,175,47.3469387755102,Lose Weight
18,40,180,12.345679012345679,Gain Weight
18,45,180,13.888888888888888,Gain Weight
18,50,180,15.432098765432098,Gain Weight
18,55,180,16.975308641975307,Gain Weight
18,60,180,18.51851851851852,Maintain Weight
18,65,180,20.061728395061728,Maintain Weight
18,70,180,21.604938271604937,Maintain Weight
18,75,180,23.148148148148145,Maintain Weight
18,80,180,24.691358024691358,Maintain Weight
18,85,180,26.234567901234566,Lose Weight
18,90,180,27.777777777777775,Lose Weight
18,95,180,29.320987654320987,Lose Weight
18,100,180,30.864197530864196,Lose Weight
18,105,180,32.407407407407405,Lose Weight
18,110,180,33.95061728395061,Lose Weight
18,115,180,35.49382716049382,Lose Weight
18,120,180,37.03703703703704,Lose Weight
18,125,180,38.58024691358025,Lose Weight
18,130,180,40.123456790123456,Lose Weight
18,135,180,41.666666666666664,Lose Weight
18,140,180,43.20987654320987,Lose Weight
18,145,180,44.75308641975308,Lose Weight
18,40,185,11.68736303871439,Gain Weight
18,45,185,13.148283418553687,Gain Weight
18,50,185,14.609203798392986,Gain Weight
18,55,185,16.070124178232284,Gain Weight
18,60,185,17.531044558071585,Gain Weight
18,65,185,18.991964937910883,Maintain Weight
18,70,185,20.45288531775018,Maintain Weight
18,75,185,21.913805697589478,Maintain Weight
18,80,185,23.37472607742878,Maintain Weight
18,85,185,24.835646457268076,Maintain Weight
18,90,185,26.296566837107374,Lose Weight
18,95,185,27.757487216946675,Lose Weight
18,100,185,29.218407596785973,Lose Weight
18,105,185,30.67932797662527,Lose Weight
18,110,185,32.14024835646457,Lose Weight
18,115,185,33.60116873630387,Lose Weight
18,120,185,35.06208911614317,Lose Weight
18,125,185,36.523009495982464,Lose Weight
18,130,185,37.983929875821765,Lose Weight
18,135,185,39.444850255661066,Lose Weight
18,140,185,40.90577063550036,Lose Weight
18,145,185,42.36669101533966,Lose Weight
18,40,190,11.0803324099723,Gain Weight
18,45,190,12.465373961218837,Gain Weight
18,50,190,13.850415512465375,Gain Weight
18,55,190,15.235457063711912,Gain Weight
18,60,190,16.62049861495845,Gain Weight
18,65,190,18.005540166204987,Gain Weight
18,70,190,19.390581717451525,Maintain Weight
18,75,190,20.775623268698062,Maintain Weight
18,80,190,22.1606648199446,Maintain Weight
18,85,190,23.545706371191137,Maintain Weight
18,90,190,24.930747922437675,Lose Weight
18,95,190,26.315789473684212,Lose Weight
18,100,190,27.70083102493075,Lose Weight
18,105,190,29.085872576177287,Lose Weight
18,110,190,30.470914127423825,Lose Weight
18,115,190,31.855955678670362,Lose Weight
18,120,190,33.2409972299169,Lose Weight
18,125,190,34.62603878116344,Lose Weight
18,130,190,36.011080332409975,Lose Weight
18,135,190,37.39612188365651,Lose Weight
18,140,190,38.78116343490305,Lose Weight
18,145,190,40.16620498614959,Lose Weight
18,40,195,10.519395134779751,Gain Weight
18,45,195,11.834319526627219,Gain Weight
18,50,195,13.149243918474689,Gain Weight
18,55,195,14.464168310322158,Gain Weight
18,60,195,15.779092702169626,Gain Weight
18,65,195,17.094017094017094,Gain Weight
18,70,195,18.408941485864563,Gain Weight
18,75,195,19.723865877712033,Maintain Weight
18,80,195,21.038790269559502,Maintain Weight
18,85,195,22.353714661406972,Maintain Weight
18,90,195,23.668639053254438,Maintain Weight
18,95,195,24.983563445101908,Lose Weight
18,100,195,26.298487836949377,Lose Weight
18,105,195,27.613412228796847,Lose Weight
18,110,195,28.928336620644316,Lose Weight
18,115,195,30.243261012491782,Lose Weight
18,120,195,31.558185404339252,Lose Weight
18,125,195,32.87310979618672,Lose Weight
18,130,195,34.18803418803419,Lose Weight
18,135,195,35.50295857988166,Lose Weight
18,140,195,36.81788297172913,Lose Weight
18,145,195,38.132807363576596,Lose Weight
19,40,150,17.77777777777778,Gain Weight
19,45,150,20.0,Maintain Weight
19,50,150,22.22222222222222,Maintain Weight
19,55,150,24.444444444444443,Maintain Weight
19,60,150,26.666666666666668,Lose Weight
19,65,150,28.88888888888889,Lose Weight
19,70,150,31.11111111111111,Lose Weight
19,75,150,33.333333333333336,Lose Weight
19,80,150,35.55555555555556,Lose Weight
19,85,150,37.77777777777778,Lose Weight
19,90,150,40.0,Lose Weight
19,95,150,42.22222222222222,Lose Weight
19,100,150,44.44444444444444,Lose Weight
19,105,150,46.666666666666664,Lose Weight
19,110,150,48.888888888888886,Lose Weight
19,115,150,51.111111111111114,Lose Weight
19,120,150,53.333333333333336,Lose Weight
19,125,150,55.55555555555556,Lose Weight
19,130,150,57.77777777777778,Lose Weight
19,135,150,60.0,Lose Weight
19,140,150,62.22222222222222,Lose Weight
19,145,150,64.44444444444444,Lose Weight
19,40,155,16.649323621227886,Gain Weight
19,45,155,18.730489073881373,Maintain Weight
19,50,155,20.811654526534856,Maintain Weight
19,55,155,22.892819979188342,Maintain Weight
19,60,155,24.97398543184183,Lose Weight
19,65,155,27.055150884495315,Lose Weight
19,70,155,29.1363163371488,Lose Weight
19,75,155,31.217481789802285,Lose Weight
19,80,155,33.29864724245577,Lose Weight
19,85,155,35.37981269510926,Lose Weight
19,90,155,37.460978147762745,Lose Weight
19,95,155,39.54214360041623,Lose Weight
19,100,155,41.62330905306971,Lose Weight
19,105,155,43.7044745057232,Lose Weight
19,110,155,45.785639958376684,Lose Weight
19,115,155,47.86680541103017,Lose Weight
19,120,155,49.94797086368366,Lose Weight
19,125,155,52.029136316337144,Lose Weight
19,130,155,54.11030176899063,Lose Weight
19,135,155,56.19146722164411,Lose Weight
19,140,155,58.2726326742976,Lose Weight
19,145,155,60.353798126951084,Lose Weight
19,40,160,15.624999999999996,Gain Weight
19,45,160,17.578124999999996,Gain Weight
19,50,160,19.531249999999996,Maintain Weight
19,55,160,21.484374999999996,Maintain Weight
19,60,160,23.437499999999996,Maintain Weight
19,65,160,25.390624999999996,Lose Weight
19,70,160,27.343749999999996,Lose Weight
19,75,160,29.296874999999993,Lose Weight
19,80,160,31.249999999999993,Lose Weight
19,85,160,33.20312499999999,Lose Weight
19,90,160,35.15624999999999,Lose Weight
19,95,160,37.10937499999999,Lose Weight
19,100,160,39.06249999999999,Lose Weight
19,105,160,41.01562499999999,Lose Weight
19,110,160,42.96874999999999,Lose Weight
19,115,160,44.92187499999999,Lose Weight
19,120,160,46.87499999999999,Lose Weight
19,125,160,48.82812499999999,Lose Weight
19,130,160,50.78124999999999,Lose Weight
19,135,160,52.73437499999999,Lose Weight
19,140,160,54.68749999999999,Lose Weight
19,145,160,56.640624999999986,Lose Weight
19,40,165,14.692378328741967,Gain Weight
19,45,165,16.528925619834713,Gain Weight
19,50,165,18.36547291092746,Gain Weight
19,55,165,20.202020202020204,Maintain Weight
19,60,165,22.03856749311295,Maintain Weight
19,65,165,23.875114784205696,Maintain Weight
19,70,165,25.71166207529844,Lose Weight
19,75,165,27.548209366391188,Lose Weight
19,80,165,29.384756657483933,Lose Weight
19,85,165,31.22130394857668,Lose Weight
19,90,165,33.057851239669425,Lose Weight
19,95,165,34.894398530762174,Lose Weight
19,100,165,36.73094582185492,Lose Weight
19,105,165,38.567493112947666,Lose Weight
19,110,165,40.40404040404041,Lose Weight
19,115,165,42.24058769513316,Lose Weight
19,120,165,44.0771349862259,Lose Weight
19,125,165,45.91368227731865,Lose Weight
19,130,165,47.75022956841139,Lose Weight
19,135,165,49.58677685950414,Lose Weight
19,140,165,51.42332415059688,Lose Weight
19,145,165,53.25987144168963,Lose Weight
19,40,170,13.84083044982699,Gain Weight
19,45,170,15.570934256055365,Gain Weight
19,50,170,17.301038062283737,Gain Weight
19,55,170,19.031141868512112,Maintain Weight
19,60,170,20.761245674740486,Maintain Weight
19,65,170,22.49134948096886,Maintain Weight
19,70,170,24.221453287197235,Maintain Weight
19,75,170,25.95155709342561,Lose Weight
19,80,170,27.68166089965398,Lose Weight
19,85,170,29.411764705882355,Lose Weight
19,90,170,31.14186851211073,Lose Weight
19,95,170,32.871972318339104,Lose Weight
19,100,170,34.602076124567475,Lose Weight
19,105,170,36.33217993079585,Lose Weight
19,110,170,38.062283737024224,Lose Weight
19,115,170,39.7923875432526,Lose Weight
19,120,170,41.52249134948097,Lose Weight
19,125,170,43.25259515570935,Lose Weight
19,130,170,44.98269896193772,Lose Weight
19,135,170,46.71280276816609,Lose Weight
19,140,170,48.44290657439447,Lose Weight
19,145,170,50.17301038062284,Lose Weight
19,40,175,13.061224489795919,Gain Weight
19,45,175,14.693877551020408,Gain Weight
19,50,175,16.3265306122449,Gain Weight
19,55,175,17.959183673469386,Gain Weight
19,60,175,19.591836734693878,Maintain Weight
19,65,175,21.224489795918366,Maintain Weight
19,70,175,22.857142857142858,Maintain Weight
19,75,175,24.489795918367346,Maintain Weight
19,80,175,26.122448979591837,Lose Weight
19,85,175,27.755102040816325,Lose Weight
19,90,175,29.387755102040817,Lose Weight
19,95,175,31.020408163265305,Lose Weight
19,100,175,32.6530612244898,Lose Weight
19,105,175,34.285714285714285,Lose Weight
19,110,175,35.91836734693877,Lose Weight
19,115,175,37.55102040816327,Lose Weight
19,120,175,39.183673469387756,Lose Weight
19,125,175,40.816326530612244,Lose Weight
19,130,175,42.44897959183673,Lose Weight
19,135,175,44.08163265306123,Lose Weight
19,140,175,45.714285714285715,Lose Weight
19,145,175,47.3469387755102,Lose Weight
19,40,180,12.345679012345679,Gain Weight
19,45,180,13.888888888888888,Gain Weight
19,50,180,15.432098765432098,Gain Weight
19,55,180,16.975308641975307,Gain Weight
19,60,180,18.51851851851852,Maintain Weight
19,65,180,20.061728395061728,Maintain Weight
19,70,180,21.604938271604937,Maintain Weight
19,75,180,23.148148148148145,Maintain Weight
19,80,180,24.691358024691358,Maintain Weight
19,85,180,26.234567901234566,Lose Weight
19,90,180,27.777777777777775,Lose Weight
19,95,180,29.320987654320987,Lose Weight
19,100,180,30.864197530864196,Lose Weight
19,105,180,32.407407407407405,Lose Weight
19,110,180,33.95061728395061,Lose Weight
19,115,180,35.49382716049382,Lose Weight
19,120,180,37.03703703703704,Lose Weight
19,125,180,38.58024691358025,Lose Weight
19,130,180,40.123456790123456,Lose Weight
19,135,180,41.666666666666664,Lose Weight
19,140,180,43.20987654320987,Lose Weight
19,145,180,44.75308641975308,Lose Weight
19,40,185,11.68736303871439,Gain Weight
19,45,185,13.148283418553687,Gain Weight
19,50,185,14.609203798392986,Gain Weight
19,55,185,16.070124178232284,Gain Weight
19,60,185,17.531044558071585,Gain Weight
19,65,185,18.991964937910883,Maintain Weight
19,70,185,20.45288531775018,Maintain Weight
19,75,185,21.913805697589478,Maintain Weight
19,80,185,23.37472607742878,Maintain Weight
19,85,185,24.835646457268076,Maintain Weight
19,90,185,26.296566837107374,Lose Weight
19,95,185,27.757487216946675,Lose Weight
19,100,185,29.218407596785973,Lose Weight
19,105,185,30.67932797662527,Lose Weight
19,110,185,32.14024835646457,Lose Weight
19,115,185,33.60116873630387,Lose Weight
19,120,185,35.06208911614317,Lose Weight
19,125,185,36.523009495982464,Lose Weight
19,130,185,37.983929875821765,Lose Weight
19,135,185,39.444850255661066,Lose Weight
19,140,185,40.90577063550036,Lose Weight
19,145,185,42.36669101533966,Lose Weight
19,40,190,11.0803324099723,Gain Weight
19,45,190,12.465373961218837,Gain Weight
19,50,190,13.850415512465375,Gain Weight
19,55,190,15.235457063711912,Gain Weight
19,60,190,16.62049861495845,Gain Weight
19,65,190,18.005540166204987,Gain Weight
19,70,190,19.390581717451525,Maintain Weight
19,75,190,20.775623268698062,Maintain Weight
19,80,190,22.1606648199446,Maintain Weight
19,85,190,23.545706371191137,Maintain Weight
19,90,190,24.930747922437675,Lose Weight
19,95,190,26.315789473684212,Lose Weight
19,100,190,27.70083102493075,Lose Weight
19,105,190,29.085872576177287,Lose Weight
19,110,190,30.470914127423825,Lose Weight
19,115,190,31.855955678670362,Lose Weight
19,120,190,33.2409972299169,Lose Weight
19,125,190,34.62603878116344,Lose Weight
19,130,190,36.011080332409975,Lose Weight
19,135,190,37.39612188365651,Lose Weight
19,140,190,38.78116343490305,Lose Weight
19,145,190,40.16620498614959,Lose Weight
19,40,195,10.519395134779751,Gain Weight
19,45,195,11.834319526627219,Gain Weight
19,50,195,13.149243918474689,Gain Weight
19,55,195,14.464168310322158,Gain Weight
19,60,195,15.779092702169626,Gain Weight
19,65,195,17.094017094017094,Gain Weight
19,70,195,18.408941485864563,Gain Weight
19,75,195,19.723865877712033,Maintain Weight
19,80,195,21.038790269559502,Maintain Weight
19,85,195,22.353714661406972,Maintain Weight
19,90,195,23.668639053254438,Maintain Weight
19,95,195,24.983563445101908,Lose Weight
19,100,195,26.298487836949377,Lose Weight
19,105,195,27.613412228796847,Lose Weight
19,110,195,28.928336620644316,Lose Weight
19,115,195,30.243261012491782,Lose Weight
19,120,195,31.558185404339252,Lose Weight
19,125,195,32.87310979618672,Lose Weight
19,130,195,34.18803418803419,Lose Weight
19,135,195,35.50295857988166,Lose Weight
19,140,195,36.81788297172913,Lose Weight
19,145,195,38.132807363576596,Lose Weight
20,40,150,17.77777777777778,Gain Weight
20,45,150,20.0,Maintain Weight
20,50,150,22.22222222222222,Maintain Weight
20,55,150,24.444444444444443,Maintain Weight
20,60,150,26.666666666666668,Lose Weight
20,65,150,28.88888888888889,Lose Weight
20,70,150,31.11111111111111,Lose Weight
20,75,150,33.333333333333336,Lose Weight
20,80,150,35.55555555555556,Lose Weight
20,85,150,37.77777777777778,Lose Weight
20,90,150,40.0,Lose Weight
20,95,150,42.22222222222222,Lose Weight
20,100,150,44.44444444444444,Lose Weight
20,105,150,46.666666666666664,Lose Weight
20,110,150,48.888888888888886,Lose Weight
20,115,150,51.111111111111114,Lose Weight
20,120,150,53.333333333333336,Lose Weight
20,125,150,55.55555555555556,Lose Weight
20,130,150,57.77777777777778,Lose Weight
20,135,150,60.0,Lose Weight
20,140,150,62.22222222222222,Lose Weight
20,145,150,64.44444444444444,Lose Weight
20,40,155,16.649323621227886,Gain Weight
20,45,155,18.730489073881373,Maintain Weight
20,50,155,20.811654526534856,Maintain Weight
20,55,155,22.892819979188342,Maintain Weight
20,60,155,24.97398543184183,Lose Weight
20,65,155,27.055150884495315,Lose Weight
20,70,155,29.1363163371488,Lose Weight
20,75,155,31.217481789802285,Lose Weight
20,80,155,33.29864724245577,Lose Weight
20,85,155,35.37981269510926,Lose Weight
20,90,155,37.460978147762745,Lose Weight
20,95,155,39.54214360041623,Lose Weight
20,100,155,41.62330905306971,Lose Weight
20,105,155,43.7044745057232,Lose Weight
20,110,155,45.785639958376684,Lose Weight
20,115,155,47.86680541103017,Lose Weight
20,120,155,49.94797086368366,Lose Weight
20,125,155,52.029136316337144,Lose Weight
20,130,155,54.11030176899063,Lose Weight
20,135,155,56.19146722164411,Lose Weight
20,140,155,58.2726326742976,Lose Weight
20,145,155,60.353798126951084,Lose Weight
20,40,160,15.624999999999996,Gain Weight
20,45,160,17.578124999999996,Gain Weight
20,50,160,19.531249999999996,Maintain Weight
20,55,160,21.484374999999996,Maintain Weight
20,60,160,23.437499999999996,Maintain Weight
20,65,160,25.390624999999996,Lose Weight
20,70,160,27.343749999999996,Lose Weight
20,75,160,29.296874999999993,Lose Weight
20,80,160,31.249999999999993,Lose Weight
20,85,160,33.20312499999999,Lose Weight
20,90,160,35.15624999999999,Lose Weight
20,95,160,37.10937499999999,Lose Weight
20,100,160,39.06249999999999,Lose Weight
20,105,160,41.01562499999999,Lose Weight
20,110,160,42.96874999999999,Lose Weight
20,115,160,44.92187499999999,Lose Weight
20,120,160,46.87499999999999,Lose Weight
20,125,160,48.82812499999999,Lose Weight
20,130,160,50.78124999999999,Lose Weight
20,135,160,52.73437499999999,Lose Weight
20,140,160,54.68749999999999,Lose Weight
20,145,160,56.640624999999986,Lose Weight
20,40,165,14.692378328741967,Gain Weight
20,45,165,16.528925619834713,Gain Weight
20,50,165,18.36547291092746,Gain Weight
20,55,165,20.202020202020204,Maintain Weight
20,60,165,22.03856749311295,Maintain Weight
20,65,165,23.875114784205696,Maintain Weight
20,70,165,25.71166207529844,Lose Weight
20,75,165,27.548209366391188,Lose Weight
20,80,165,29.384756657483933,Lose Weight
20,85,165,31.22130394857668,Lose Weight
20,90,165,33.057851239669425,Lose Weight
20,95,165,34.894398530762174,Lose Weight
20,100,165,36.73094582185492,Lose Weight
20,105,165,38.567493112947666,Lose Weight
20,110,165,40.40404040404041,Lose Weight
20,115,165,42.24058769513316,Lose Weight
20,120,165,44.0771349862259,Lose Weight
20,125,165,45.91368227731865,Lose Weight
20,130,165,47.75022956841139,Lose Weight
20,135,165,49.58677685950414,Lose Weight
20,140,165,51.42332415059688,Lose Weight
20,145,165,53.25987144168963,Lose Weight
20,40,170,13.84083044982699,Gain Weight
20,45,170,15.570934256055365,Gain Weight
20,50,170,17.301038062283737,Gain Weight
20,55,170,19.031141868512112,Maintain Weight
20,60,170,20.761245674740486,Maintain Weight
20,65,170,22.49134948096886,Maintain Weight
20,70,170,24.221453287197235,Maintain Weight
20,75,170,25.95155709342561,Lose Weight
20,80,170,27.68166089965398,Lose Weight
20,85,170,29.411764705882355,Lose Weight
20,90,170,31.14186851211073,Lose Weight
20,95,170,32.871972318339104,Lose Weight
20,100,170,34.602076124567475,Lose Weight
20,105,170,36.33217993079585,Lose Weight
20,110,170,38.062283737024224,Lose Weight
20,115,170,39.7923875432526,Lose Weight
20,120,170,41.52249134948097,Lose Weight
20,125,170,43.25259515570935,Lose Weight
20,130,170,44.98269896193772,Lose Weight
20,135,170,46.71280276816609,Lose Weight
20,140,170,48.44290657439447,Lose Weight
20,145,170,50.17301038062284,Lose Weight
20,40,175,13.061224489795919,Gain Weight
20,45,175,14.693877551020408,Gain Weight
20,50,175,16.3265306122449,Gain Weight
20,55,175,17.959183673469386,Gain Weight
20,60,175,19.591836734693878,Maintain Weight
20,65,175,21.224489795918366,Maintain Weight
20,70,175,22.857142857142858,Maintain Weight
20,75,175,24.489795918367346,Maintain Weight
20,80,175,26.122448979591837,Lose Weight
20,85,175,27.755102040816325,Lose Weight
20,90,175,29.387755102040817,Lose Weight
20,95,175,31.020408163265305,Lose Weight
20,100,175,32.6530612244898,Lose Weight
20,105,175,34.285714285714285,Lose Weight
20,110,175,35.91836734693877,Lose Weight
20,115,175,37.55102040816327,Lose Weight
20,120,175,39.183673469387756,Lose Weight
20,125,175,40.816326530612244,Lose Weight
20,130,175,42.44897959183673,Lose Weight
20,135,175,44.08163265306123,Lose Weight
20,140,175,45.714285714285715,Lose Weight
20,145,175,47.3469387755102,Lose Weight
20,40,180,12.345679012345679,Gain Weight
20,45,180,13.888888888888888,Gain Weight
20,50,180,15.432098765432098,Gain Weight
20,55,180,16.975308641975307,Gain Weight
20,60,180,18.51851851851852,Maintain Weight
20,65,180,20.061728395061728,Maintain Weight
20,70,180,21.604938271604937,Maintain Weight
20,75,180,23.148148148148145,Maintain Weight
20,80,180,24.691358024691358,Maintain Weight
20,85,180,26.234567901234566,Lose Weight
20,90,180,27.777777777777775,Lose Weight
20,95,180,29.320987654320987,Lose Weight
20,100,180,30.864197530864196,Lose Weight
20,105,180,32.407407407407405,Lose Weight
20,110,180,33.95061728395061,Lose Weight
20,115,180,35.49382716049382,Lose Weight
20,120,180,37.03703703703704,Lose Weight
20,125,180,38.58024691358025,Lose Weight
20,130,180,40.123456790123456,Lose Weight
20,135,180,41.666666666666664,Lose Weight
20,140,180,43.20987654320987,Lose Weight
20,145,180,44.75308641975308,Lose Weight
20,40,185,11.68736303871439,Gain Weight
20,45,185,13.148283418553687,Gain Weight
20,50,185,14.609203798392986,Gain Weight
20,55,185,16.070124178232284,Gain Weight
20,60,185,17.531044558071585,Gain Weight
20,65,185,18.991964937910883,Maintain Weight
20,70,185,20.45288531775018,Maintain Weight
20,75,185,21.913805697589478,Maintain Weight
20,80,185,23.37472607742878,Maintain Weight
20,85,185,24.835646457268076,Maintain Weight
20,90,185,26.296566837107374,Lose Weight
20,95,185,27.757487216946675,Lose Weight
20,100,185,29.218407596785973,Lose Weight
20,105,185,30.67932797662527,Lose Weight
20,110,185,32.14024835646457,Lose Weight
20,115,185,33.60116873630387,Lose Weight
20,120,185,35.06208911614317,Lose Weight
20,125,185,36.523009495982464,Lose Weight
20,130,185,37.983929875821765,Lose Weight
20,135,185,39.444850255661066,Lose Weight
20,140,185,40.90577063550036,Lose Weight
20,145,185,42.36669101533966,Lose Weight
20,40,190,11.0803324099723,Gain Weight
20,45,190,12.465373961218837,Gain Weight
20,50,190,13.850415512465375,Gain Weight
20,55,190,15.235457063711912,Gain Weight
20,60,190,16.62049861495845,Gain Weight
20,65,190,18.005540166204987,Gain Weight
20,70,190,19.390581717451525,Maintain Weight
20,75,190,20.775623268698062,Maintain Weight
20,80,190,22.1606648199446,Maintain Weight
20,85,190,23.545706371191137,Maintain Weight
20,90,190,24.930747922437675,Lose Weight
20,95,190,26.315789473684212,Lose Weight
20,100,190,27.70083102493075,Lose Weight
20,105,190,29.085872576177287,Lose Weight
20,110,190,30.470914127423825,Lose Weight
20,115,190,31.855955678670362,Lose Weight
20,120,190,33.2409972299169,Lose Weight
20,125,190,34.62603878116344,Lose Weight
20,130,190,36.011080332409975,Lose Weight
20,135,190,37.39612188365651,Lose Weight
20,140,190,38.78116343490305,Lose Weight
20,145,190,40.16620498614959,Lose Weight
20,40,195,10.519395134779751,Gain Weight
20,45,195,11.834319526627219,Gain Weight
20,50,195,13.149243918474689,Gain Weight
20,55,195,14.464168310322158,Gain Weight
20,60,195,15.779092702169626,Gain Weight
20,65,195,17.094017094017094,Gain Weight
20,70,195,18.408941485864563,Gain Weight
20,75,195,19.723865877712033,Maintain Weight
20,80,195,21.038790269559502,Maintain Weight
20,85,195,22.353714661406972,Maintain Weight
20,90,195,23.668639053254438,Maintain Weight
20,95,195,24.983563445101908,Lose Weight
20,100,195,26.298487836949377,Lose Weight
20,105,195,27.613412228796847,Lose Weight
20,110,195,28.928336620644316,Lose Weight
20,115,195,30.243261012491782,Lose Weight
20,120,195,31.558185404339252,Lose Weight
20,125,195,32.87310979618672,Lose Weight
20,130,195,34.18803418803419,Lose Weight
20,135,195,35.50295857988166,Lose Weight
20,140,195,36.81788297172913,Lose Weight
20,145,195,38.132807363576596,Lose Weight
21,40,150,17.77777777777778,Gain Weight
21,45,150,20.0,Maintain Weight
21,50,150,22.22222222222222,Maintain Weight
21,55,150,24.444444444444443,Maintain Weight
21,60,150,26.666666666666668,Lose Weight
21,65,150,28.88888888888889,Lose Weight
21,70,150,31.11111111111111,Lose Weight
21,75,150,33.333333333333336,Lose Weight
21,80,150,35.55555555555556,Lose Weight
21,85,150,37.77777777777778,Lose Weight
21,90,150,40.0,Lose Weight
21,95,150,42.22222222222222,Lose Weight
21,100,150,44.44444444444444,Lose Weight
21,105,150,46.666666666666664,Lose Weight
21,110,150,48.888888888888886,Lose Weight
21,115,150,51.111111111111114,Lose Weight
21,120,150,53.333333333333336,Lose Weight
21,125,150,55.55555555555556,Lose Weight
21,130,150,57.77777777777778,Lose Weight
21,135,150,60.0,Lose Weight
21,140,150,62.22222222222222,Lose Weight
21,145,150,64.44444444444444,Lose Weight
21,40,155,16.649323621227886,Gain Weight
21,45,155,18.730489073881373,Maintain Weight
21,50,155,20.811654526534856,Maintain Weight
21,55,155,22.892819979188342,Maintain Weight
21,60,155,24.97398543184183,Lose Weight
21,65,155,27.055150884495315,Lose Weight
21,70,155,29.1363163371488,Lose Weight
21,75,155,31.217481789802285,Lose Weight
21,80,155,33.29864724245577,Lose Weight
21,85,155,35.37981269510926,Lose Weight
21,90,155,37.460978147762745,Lose Weight
21,95,155,39.54214360041623,Lose Weight
21,100,155,41.62330905306971,Lose Weight
21,105,155,43.7044745057232,Lose Weight
21,110,155,45.785639958376684,Lose Weight
21,115,155,47.86680541103017,Lose Weight
21,120,155,49.94797086368366,Lose Weight
21,125,155,52.029136316337144,Lose Weight
21,130,155,54.11030176899063,Lose Weight
21,135,155,56.19146722164411,Lose Weight
21,140,155,58.2726326742976,Lose Weight
21,145,155,60.353798126951084,Lose Weight
21,40,160,15.624999999999996,Gain Weight
21,45,160,17.578124999999996,Gain Weight
21,50,160,19.531249999999996,Maintain Weight
21,55,160,21.484374999999996,Maintain Weight
21,60,160,23.437499999999996,Maintain Weight
21,65,160,25.390624999999996,Lose Weight
21,70,160,27.343749999999996,Lose Weight
21,75,160,29.296874999999993,Lose Weight
21,80,160,31.249999999999993,Lose Weight
21,85,160,33.20312499999999,Lose Weight
21,90,160,35.15624999999999,Lose Weight
21,95,160,37.10937499999999,Lose Weight
21,100,160,39.06249999999999,Lose Weight
21,105,160,41.01562499999999,Lose Weight
21,110,160,42.96874999999999,Lose Weight
21,115,160,44.92187499999999,Lose Weight
21,120,160,46.87499999999999,Lose Weight
21,125,160,48.82812499999999,Lose Weight
21,130,160,50.78124999999999,Lose Weight
21,135,160,52.73437499999999,Lose Weight
21,140,160,54.68749999999999,Lose Weight
21,145,160,56.640624999999986,Lose Weight
21,40,165,14.692378328741967,Gain Weight
21,45,165,16.528925619834713,Gain Weight
21,50,165,18.36547291092746,Gain Weight
21,55,165,20.202020202020204,Maintain Weight
21,60,165,22.03856749311295,Maintain Weight
21,65,165,23.875114784205696,Maintain Weight
21,70,165,25.71166207529844,Lose Weight
21,75,165,27.548209366391188,Lose Weight
21,80,165,29.384756657483933,Lose Weight
21,85,165,31.22130394857668,Lose Weight
21,90,165,33.057851239669425,Lose Weight
21,95,165,34.894398530762174,Lose Weight
21,100,165,36.73094582185492,Lose Weight
21,105,165,38.567493112947666,Lose Weight
21,110,165,40.40404040404041,Lose Weight
21,115,165,42.24058769513316,Lose Weight
21,120,165,44.0771349862259,Lose Weight
21,125,165,45.91368227731865,Lose Weight
21,130,165,47.75022956841139,Lose Weight
21,135,165,49.58677685950414,Lose Weight
21,140,165,51.42332415059688,Lose Weight
21,145,165,53.25987144168963,Lose Weight
21,40,170,13.84083044982699,Gain Weight
21,45,170,15.570934256055365,Gain Weight
21,50,170,17.301038062283737,Gain Weight
21,55,170,19.031141868512112,Maintain Weight
21,60,170,20.761245674740486,Maintain Weight
21,65,170,22.49134948096886,Maintain Weight
21,70,170,24.221453287197235,Maintain Weight
21,75,170,25.95155709342561,Lose Weight
21,80,170,27.68166089965398,Lose Weight
21,85,170,29.411764705882355,Lose Weight
21,90,170,31.14186851211073,Lose Weight
21,95,170,32.871972318339104,Lose Weight
21,100,170,34.602076124567475,Lose Weight
21,105,170,36.33217993079585,Lose Weight
21,110,170,38.062283737024224,Lose Weight
21,115,170,39.7923875432526,Lose Weight
21,120,170,41.52249134948097,Lose Weight
21,125,170,43.25259515570935,Lose Weight
21,130,170,44.98269896193772,Lose Weight
21,135,170,46.71280276816609,Lose Weight
21,140,170,48.44290657439447,Lose Weight
21,145,170,50.17301038062284,Lose Weight
21,40,175,13.061224489795919,Gain Weight
21,45,175,14.693877551020408,Gain Weight
21,50,175,16.3265306122449,Gain Weight
21,55,175,17.959183673469386,Gain Weight
21,60,175,19.591836734693878,Maintain Weight
21,65,175,21.224489795918366,Maintain Weight
21,70,175,22.857142857142858,Maintain Weight
21,75,175,24.489795918367346,Maintain Weight
21,80,175,26.122448979591837,Lose Weight
21,85,175,27.755102040816325,Lose Weight
21,90,175,29.387755102040817,Lose Weight
21,95,175,31.020408163265305,Lose Weight
21,100,175,32.6530612244898,Lose Weight
21,105,175,34.285714285714285,Lose Weight
21,110,175,35.91836734693877,Lose Weight
21,115,175,37.55102040816327,Lose Weight
21,120,175,39.183673469387756,Lose Weight
21,125,175,40.816326530612244,Lose Weight
21,130,175,42.44897959183673,Lose Weight
21,135,175,44.08163265306123,Lose Weight
21,140,175,45.714285714285715,Lose Weight
21,145,175,47.3469387755102,Lose Weight
21,40,180,12.345679012345679,Gain Weight
21,45,180,13.888888888888888,Gain Weight
21,50,180,15.432098765432098,Gain Weight
21,55,180,16.975308641975307,Gain Weight
21,60,180,18.51851851851852,Maintain Weight
21,65,180,20.061728395061728,Maintain Weight
21,70,180,21.604938271604937,Maintain Weight
21,75,180,23.148148148148145,Maintain Weight
21,80,180,24.691358024691358,Maintain Weight
21,85,180,26.234567901234566,Lose Weight
21,90,180,27.777777777777775,Lose Weight
21,95,180,29.320987654320987,Lose Weight
21,100,180,30.864197530864196,Lose Weight
21,105,180,32.407407407407405,Lose Weight
21,110,180,33.95061728395061,Lose Weight
21,115,180,35.49382716049382,Lose Weight
21,120,180,37.03703703703704,Lose Weight
21,125,180,38.58024691358025,Lose Weight
21,130,180,40.123456790123456,Lose Weight
21,135,180,41.666666666666664,Lose Weight
21,140,180,43.20987654320987,Lose Weight
21,145,180,44.75308641975308,Lose Weight
21,40,185,11.68736303871439,Gain Weight
21,45,185,13.148283418553687,Gain Weight
21,50,185,14.609203798392986,Gain Weight
21,55,185,16.070124178232284,Gain Weight
21,60,185,17.531044558071585,Gain Weight
21,65,185,18.991964937910883,Maintain Weight
21,70,185,20.45288531775018,Maintain Weight
21,75,185,21.913805697589478,Maintain Weight
21,80,185,23.37472607742878,Maintain Weight
21,85,185,24.835646457268076,Maintain Weight
21,90,185,26.296566837107374,Lose Weight
21,95,185,27.757487216946675,Lose Weight
21,100,185,29.218407596785973,Lose Weight
21,105,185,30.67932797662527,Lose Weight
21,110,185,32.14024835646457,Lose Weight
21,115,185,33.60116873630387,Lose Weight
21,120,185,35.06208911614317,Lose Weight
21,125,185,36.523009495982464,Lose Weight
21,130,185,37.983929875821765,Lose Weight
21,135,185,39.444850255661066,Lose Weight
21,140,185,40.90577063550036,Lose Weight
21,145,185,42.36669101533966,Lose Weight
21,40,190,11.0803324099723,Gain Weight
21,45,190,12.465373961218837,Gain Weight
21,50,190,13.850415512465375,Gain Weight
21,55,190,15.235457063711912,Gain Weight
21,60,190,16.62049861495845,Gain Weight
21,65,190,18.005540166204987,Gain Weight
21,70,190,19.390581717451525,Maintain Weight
21,75,190,20.775623268698062,Maintain Weight
21,80,190,22.1606648199446,Maintain Weight
21,85,190,23.545706371191137,Maintain Weight
21,90,190,24.930747922437675,Lose Weight
21,95,190,26.315789473684212,Lose Weight
21,100,190,27.70083102493075,Lose Weight
21,105,190,29.085872576177287,Lose Weight
21,110,190,30.470914127423825,Lose Weight
21,115,190,31.855955678670362,Lose Weight
21,120,190,33.2409972299169,Lose Weight
21,125,190,34.62603878116344,Lose Weight
21,130,190,36.011080332409975,Lose Weight
21,135,190,37.39612188365651,Lose Weight
21,140,190,38.78116343490305,Lose Weight
21,145,190,40.16620498614959,Lose Weight
21,40,195,10.519395134779751,Gain Weight
21,45,195,11.834319526627219,Gain Weight
21,50,195,13.149243918474689,Gain Weight
21,55,195,14.464168310322158,Gain Weight
21,60,195,15.779092702169626,Gain Weight
21,65,195,17.094017094017094,Gain Weight
21,70,195,18.408941485864563,Gain Weight
21,75,195,19.723865877712033,Maintain Weight
21,80,195,21.038790269559502,Maintain Weight
21,85,195,22.353714661406972,Maintain Weight
21,90,195,23.668639053254438,Maintain Weight
21,95,195,24.983563445101908,Lose Weight
21,100,195,26.298487836949377,Lose Weight
21,105,195,27.613412228796847,Lose Weight
21,110,195,28.928336620644316,Lose Weight
21,115,195,30.243261012491782,Lose Weight
21,120,195,31.558185404339252,Lose Weight
21,125,195,32.87310979618672,Lose Weight
21,130,195,34.18803418803419,Lose Weight
21,135,195,35.50295857988166,Lose Weight
21,140,195,36.81788297172913,Lose Weight
21,145,195,38.132807363576596,Lose Weight
22,40,150,17.77777777777778,Gain Weight
22,45,150,20.0,Maintain Weight
22,50,150,22.22222222222222,Maintain Weight
22,55,150,24.444444444444443,Maintain Weight
22,60,150,26.666666666666668,Lose Weight
22,65,150,28.88888888888889,Lose Weight
22,70,150,31.11111111111111,Lose Weight
22,75,150,33.333333333333336,Lose Weight
22,80,150,35.55555555555556,Lose Weight
22,85,150,37.77777777777778,Lose Weight
22,90,150,40.0,Lose Weight
22,95,150,42.22222222222222,Lose Weight
22,100,150,44.44444444444444,Lose Weight
22,105,150,46.666666666666664,Lose Weight
22,110,150,48.888888888888886,Lose Weight
22,115,150,51.111111111111114,Lose Weight
22,120,150,53.333333333333336,Lose Weight
22,125,150,55.55555555555556,Lose Weight
22,130,150,57.77777777777778,Lose Weight
22,135,150,60.0,Lose Weight
22,140,150,62.22222222222222,Lose Weight
22,145,150,64.44444444444444,Lose Weight
22,40,155,16.649323621227886,Gain Weight
22,45,155,18.730489073881373,Maintain Weight
22,50,155,20.811654526534856,Maintain Weight
22,55,155,22.892819979188342,Maintain Weight
22,60,155,24.97398543184183,Lose Weight
22,65,155,27.055150884495315,Lose Weight
22,70,155,29.1363163371488,Lose Weight
22,75,155,31.217481789802285,Lose Weight
22,80,155,33.29864724245577,Lose Weight
22,85,155,35.37981269510926,Lose Weight
22,90,155,37.460978147762745,Lose Weight
22,95,155,39.54214360041623,Lose Weight
22,100,155,41.62330905306971,Lose Weight
22,105,155,43.7044745057232,Lose Weight
22,110,155,45.785639958376684,Lose Weight
22,115,155,47.86680541103017,Lose Weight
22,120,155,49.94797086368366,Lose Weight
22,125,155,52.029136316337144,Lose Weight
22,130,155,54.11030176899063,Lose Weight
22,135,155,56.19146722164411,Lose Weight
22,140,155,58.2726326742976,Lose Weight
22,145,155,60.353798126951084,Lose Weight
22,40,160,15.624999999999996,Gain Weight
22,45,160,17.578124999999996,Gain Weight
22,50,160,19.531249999999996,Maintain Weight
22,55,160,21.484374999999996,Maintain Weight
22,60,160,23.437499999999996,Maintain Weight
22,65,160,25.390624999999996,Lose Weight
22,70,160,27.343749999999996,Lose Weight
22,75,160,29.296874999999993,Lose Weight
22,80,160,31.249999999999993,Lose Weight
22,85,160,33.20312499999999,Lose Weight
22,90,160,35.15624999999999,Lose Weight
22,95,160,37.10937499999999,Lose Weight
22,100,160,39.06249999999999,Lose Weight
22,105,160,41.01562499999999,Lose Weight
22,110,160,42.96874999999999,Lose Weight
22,115,160,44.92187499999999,Lose Weight
22,120,160,46.87499999999999,Lose Weight
22,125,160,48.82812499999999,Lose Weight
22,130,160,50.78124999999999,Lose Weight
22,135,160,52.73437499999999,Lose Weight
22,140,160,54.68749999999999,Lose Weight
22,145,160,56.640624999999986,Lose Weight
22,40,165,14.692378328741967,Gain Weight
22,45,165,16.528925619834713,Gain Weight
22,50,165,18.36547291092746,Gain Weight
22,55,165,20.202020202020204,Maintain Weight
22,60,165,22.03856749311295,Maintain Weight
22,65,165,23.875114784205696,Maintain Weight
22,70,165,25.71166207529844,Lose Weight
22,75,165,27.548209366391188,Lose Weight
22,80,165,29.384756657483933,Lose Weight
22,85,165,31.22130394857668,Lose Weight
22,90,165,33.057851239669425,Lose Weight
22,95,165,34.894398530762174,Lose Weight
22,100,165,36.73094582185492,Lose Weight
22,105,165,38.567493112947666,Lose Weight
22,110,165,40.40404040404041,Lose Weight
22,115,165,42.24058769513316,Lose Weight
22,120,165,44.0771349862259,Lose Weight
22,125,165,45.91368227731865,Lose Weight
22,130,165,47.75022956841139,Lose Weight
22,135,165,49.58677685950414,Lose Weight
22,140,165,51.42332415059688,Lose Weight
22,145,165,53.25987144168963,Lose Weight
22,40,170,13.84083044982699,Gain Weight
22,45,170,15.570934256055365,Gain Weight
22,50,170,17.301038062283737,Gain Weight
22,55,170,19.031141868512112,Maintain Weight
22,60,170,20.761245674740486,Maintain Weight
22,65,170,22.49134948096886,Maintain Weight
22,70,170,24.221453287197235,Maintain Weight
22,75,170,25.95155709342561,Lose Weight
22,80,170,27.68166089965398,Lose Weight
22,85,170,29.411764705882355,Lose Weight
22,90,170,31.14186851211073,Lose Weight
22,95,170,32.871972318339104,Lose Weight
22,100,170,34.602076124567475,Lose Weight
22,105,170,36.33217993079585,Lose Weight
22,110,170,38.062283737024224,Lose Weight
22,115,170,39.7923875432526,Lose Weight
22,120,170,41.52249134948097,Lose Weight
22,125,170,43.25259515570935,Lose Weight
22,130,170,44.98269896193772,Lose Weight
22,135,170,46.71280276816609,Lose Weight
22,140,170,48.44290657439447,Lose Weight
22,145,170,50.17301038062284,Lose Weight
22,40,175,13.061224489795919,Gain Weight
22,45,175,14.693877551020408,Gain Weight
22,50,175,16.3265306122449,Gain Weight
22,55,175,17.959183673469386,Gain Weight
22,60,175,19.591836734693878,Maintain Weight
22,65,175,21.224489795918366,Maintain Weight
22,70,175,22.857142857142858,Maintain Weight
22,75,175,24.489795918367346,Maintain Weight
22,80,175,26.122448979591837,Lose Weight
22,85,175,27.755102040816325,Lose Weight
22,90,175,29.387755102040817,Lose Weight
22,95,175,31.020408163265305,Lose Weight
22,100,175,32.6530612244898,Lose Weight
22,105,175,34.285714285714285,Lose Weight
22,110,175,35.91836734693877,Lose Weight
22,115,175,37.55102040816327,Lose Weight
22,120,175,39.183673469387756,Lose Weight
22,125,175,40.816326530612244,Lose Weight
22,130,175,42.44897959183673,Lose Weight
22,135,175,44.08163265306123,Lose Weight
22,140,175,45.714285714285715,Lose Weight
22,145,175,47.3469387755102,Lose Weight
22,40,180,12.345679012345679,Gain Weight
22,45,180,13.888888888888888,Gain Weight
22,50,180,15.432098765432098,Gain Weight
22,55,180,16.975308641975307,Gain Weight
22,60,180,18.51851851851852,Maintain Weight
22,65,180,20.061728395061728,Maintain Weight
22,70,180,21.604938271604937,Maintain Weight
22,75,180,23.148148148148145,Maintain Weight
22,80,180,24.691358024691358,Maintain Weight
22,85,180,26.234567901234566,Lose Weight
22,90,180,27.777777777777775,Lose Weight
22,95,180,29.320987654320987,Lose Weight
22,100,180,30.864197530864196,Lose Weight
22,105,180,32.407407407407405,Lose Weight
22,110,180,33.95061728395061,Lose Weight
22,115,180,35.49382716049382,Lose Weight
22,120,180,37.03703703703704,Lose Weight
22,125,180,38.58024691358025,Lose Weight
22,130,180,40.123456790123456,Lose Weight
22,135,180,41.666666666666664,Lose Weight
22,140,180,43.20987654320987,Lose Weight
22,145,180,44.75308641975308,Lose Weight
22,40,185,11.68736303871439,Gain Weight
22,45,185,13.148283418553687,Gain Weight
22,50,185,14.609203798392986,Gain Weight
22,55,185,16.070124178232284,Gain Weight
22,60,185,17.531044558071585,Gain Weight
22,65,185,18.991964937910883,Maintain Weight
22,70,185,20.45288531775018,Maintain Weight
22,75,185,21.913805697589478,Maintain Weight
22,80,185,23.37472607742878,Maintain Weight
22,85,185,24.835646457268076,Maintain Weight
22,90,185,26.296566837107374,Lose Weight
22,95,185,27.757487216946675,Lose Weight
22,100,185,29.218407596785973,Lose Weight
22,105,185,30.67932797662527,Lose Weight
22,110,185,32.14024835646457,Lose Weight
22,115,185,33.60116873630387,Lose Weight
22,120,185,35.06208911614317,Lose Weight
22,125,185,36.523009495982464,Lose Weight
22,130,185,37.983929875821765,Lose Weight
22,135,185,39.444850255661066,Lose Weight
22,140,185,40.90577063550036,Lose Weight
22,145,185,42.36669101533966,Lose Weight
22,40,190,11.0803324099723,Gain Weight
22,45,190,12.465373961218837,Gain Weight
22,50,190,13.850415512465375,Gain Weight
22,55,190,15.235457063711912,Gain Weight
22,60,190,16.62049861495845,Gain Weight
22,65,190,18.005540166204987,Gain Weight
22,70,190,19.390581717451525,Maintain Weight
22,75,190,20.775623268698062,Maintain Weight
22,80,190,22.1606648199446,Maintain Weight
22,85,190,23.545706371191137,Maintain Weight
22,90,190,24.930747922437675,Lose Weight
22,95,190,26.315789473684212,Lose Weight
22,100,190,27.70083102493075,Lose Weight
22,105,190,29.085872576177287,Lose Weight
22,110,190,30.470914127423825,Lose Weight
22,115,190,31.855955678670362,Lose Weight
22,120,190,33.2409972299169,Lose Weight
22,125,190,34.62603878116344,Lose Weight
22,130,190,36.011080332409975,Lose Weight
22,135,190,37.39612188365651,Lose Weight
22,140,190,38.78116343490305,Lose Weight
22,145,190,40.16620498614959,Lose Weight
22,40,195,10.519395134779751,Gain Weight
22,45,195,11.834319526627219,Gain Weight
22,50,195,13.149243918474689,Gain Weight
22,55,195,14.464168310322158,Gain Weight
22,60,195,15.779092702169626,Gain Weight
22,65,195,17.094017094017094,Gain Weight
22,70,195,18.408941485864563,Gain Weight
22,75,195,19.723865877712033,Maintain Weight
22,80,195,21.038790269559502,Maintain Weight
22,85,195,22.353714661406972,Maintain Weight
22,90,195,23.668639053254438,Maintain Weight
22,95,195,24.983563445101908,Lose Weight
22,100,195,26.298487836949377,Lose Weight
22,105,195,27.613412228796847,Lose Weight
22,110,195,28.928336620644316,Lose Weight
22,115,195,30.243261012491782,Lose Weight
22,120,195,31.558185404339252,Lose Weight
22,125,195,32.87310979618672,Lose Weight
22,130,195,34.18803418803419,Lose Weight
22,135,195,35.50295857988166,Lose Weight
22,140,195,36.81788297172913,Lose Weight
22,145,195,38.132807363576596,Lose Weight
23,40,150,17.77777777777778,Gain Weight
23,45,150,20.0,Maintain Weight
23,50,150,22.22222222222222,Maintain Weight
23,55,150,24.444444444444443,Maintain Weight
23,60,150,26.666666666666668,Lose Weight
23,65,150,28.88888888888889,Lose Weight
23,70,150,31.11111111111111,Lose Weight
23,75,150,33.333333333333336,Lose Weight
23,80,150,35.55555555555556,Lose Weight
23,85,150,37.77777777777778,Lose Weight
23,90,150,40.0,Lose Weight
23,95,150,42.22222222222222,Lose Weight
23,100,150,44.44444444444444,Lose Weight
23,105,150,46.666666666666664,Lose Weight
23,110,150,48.888888888888886,Lose Weight
23,115,150,51.111111111111114,Lose Weight
23,120,150,53.333333333333336,Lose Weight
23,125,150,55.55555555555556,Lose Weight
23,130,150,57.77777777777778,Lose Weight
23,135,150,60.0,Lose Weight
23,140,150,62.22222222222222,Lose Weight
23,145,150,64.44444444444444,Lose Weight
23,40,155,16.649323621227886,Gain Weight
23,45,155,18.730489073881373,Maintain Weight
23,50,155,20.811654526534856,Maintain Weight
23,55,155,22.892819979188342,Maintain Weight
23,60,155,24.97398543184183,Lose Weight
23,65,155,27.055150884495315,Lose Weight
23,70,155,29.1363163371488,Lose Weight
23,75,155,31.217481789802285,Lose Weight
23,80,155,33.29864724245577,Lose Weight
23,85,155,35.37981269510926,Lose Weight
23,90,155,37.460978147762745,Lose Weight
23,95,155,39.54214360041623,Lose Weight
23,100,155,41.62330905306971,Lose Weight
23,105,155,43.7044745057232,Lose Weight
23,110,155,45.785639958376684,Lose Weight
23,115,155,47.86680541103017,Lose Weight
23,120,155,49.94797086368366,Lose Weight
23,125,155,52.029136316337144,Lose Weight
23,130,155,54.11030176899063,Lose Weight
23,135,155,56.19146722164411,Lose Weight
23,140,155,58.2726326742976,Lose Weight
23,145,155,60.353798126951084,Lose Weight
23,40,160,15.624999999999996,Gain Weight
23,45,160,17.578124999999996,Gain Weight
23,50,160,19.531249999999996,Maintain Weight
23,55,160,21.484374999999996,Maintain Weight
23,60,160,23.437499999999996,Maintain Weight
23,65,160,25.390624999999996,Lose Weight
23,70,160,27.343749999999996,Lose Weight
23,75,160,29.296874999999993,Lose Weight
23,80,160,31.249999999999993,Lose Weight
23,85,160,33.20312499999999,Lose Weight
23,90,160,35.15624999999999,Lose Weight
23,95,160,37.10937499999999,Lose Weight
23,100,160,39.06249999999999,Lose Weight
23,105,160,41.01562499999999,Lose Weight
23,110,160,42.96874999999999,Lose Weight
23,115,160,44.92187499999999,Lose Weight
23,120,160,46.87499999999999,Lose Weight
23,125,160,48.82812499999999,Lose Weight
23,130,160,50.78124999999999,Lose Weight
23,135,160,52.73437499999999,Lose Weight
23,140,160,54.68749999999999,Lose Weight
23,145,160,56.640624999999986,Lose Weight
23,40,165,14.692378328741967,Gain Weight
23,45,165,16.528925619834713,Gain Weight
23,50,165,18.36547291092746,Gain Weight
23,55,165,20.202020202020204,Maintain Weight
23,60,165,22.03856749311295,Maintain Weight
23,65,165,23.875114784205696,Maintain Weight
23,70,165,25.71166207529844,Lose Weight
23,75,165,27.548209366391188,Lose Weight
23,80,165,29.384756657483933,Lose Weight
23,85,165,31.22130394857668,Lose Weight
23,90,165,33.057851239669425,Lose Weight
23,95,165,34.894398530762174,Lose Weight
23,100,165,36.73094582185492,Lose Weight
23,105,165,38.567493112947666,Lose Weight
23,110,165,40.40404040404041,Lose Weight
23,115,165,42.24058769513316,Lose Weight
23,120,165,44.0771349862259,Lose Weight
23,125,165,45.91368227731865,Lose Weight
23,130,165,47.75022956841139,Lose Weight
23,135,165,49.58677685950414,Lose Weight
23,140,165,51.42332415059688,Lose Weight
23,145,165,53.25987144168963,Lose Weight
23,40,170,13.84083044982699,Gain Weight
23,45,170,15.570934256055365,Gain Weight
23,50,170,17.301038062283737,Gain Weight
23,55,170,19.031141868512112,Maintain Weight
23,60,170,20.761245674740486,Maintain Weight
23,65,170,22.49134948096886,Maintain Weight
23,70,170,24.221453287197235,Maintain Weight
23,75,170,25.95155709342561,Lose Weight
23,80,170,27.68166089965398,Lose Weight
23,85,170,29.411764705882355,Lose Weight
23,90,170,31.14186851211073,Lose Weight
23,95,170,32.871972318339104,Lose Weight
23,100,170,34.602076124567475,Lose Weight
23,105,170,36.33217993079585,Lose Weight
23,110,170,38.062283737024224,Lose Weight
23,115,170,39.7923875432526,Lose Weight
23,120,170,41.52249134948097,Lose Weight
23,125,170,43.25259515570935,Lose Weight
23,130,170,44.98269896193772,Lose Weight
23,135,170,46.71280276816609,Lose Weight
23,140,170,48.44290657439447,Lose Weight
23,145,170,50.17301038062284,Lose Weight
23,40,175,13.061224489795919,Gain Weight
23,45,175,14.693877551020408,Gain Weight
23,50,175,16.3265306122449,Gain Weight
23,55,175,17.959183673469386,Gain Weight
23,60,175,19.591836734693878,Maintain Weight
23,65,175,21.224489795918366,Maintain Weight
23,70,175,22.857142857142858,Maintain Weight
23,75,175,24.489795918367346,Maintain Weight
23,80,175,26.122448979591837,Lose Weight
23,85,175,27.755102040816325,Lose Weight
23,90,175,29.387755102040817,Lose Weight
23,95,175,31.020408163265305,Lose Weight
23,100,175,32.6530612244898,Lose Weight
23,105,175,34.285714285714285,Lose Weight
23,110,175,35.91836734693877,Lose Weight
23,115,175,37.55102040816327,Lose Weight
23,120,175,39.183673469387756,Lose Weight
23,125,175,40.816326530612244,Lose Weight
23,130,175,42.44897959183673,Lose Weight
23,135,175,44.08163265306123,Lose Weight
23,140,175,45.714285714285715,Lose Weight
23,145,175,47.3469387755102,Lose Weight
23,40,180,12.345679012345679,Gain Weight
23,45,180,13.888888888888888,Gain Weight
23,50,180,15.432098765432098,Gain Weight
23,55,180,16.975308641975307,Gain Weight
23,60,180,18.51851851851852,Maintain Weight
23,65,180,20.061728395061728,Maintain Weight
23,70,180,21.604938271604937,Maintain Weight
23,75,180,23.148148148148145,Maintain Weight
23,80,180,24.691358024691358,Maintain Weight
23,85,180,26.234567901234566,Lose Weight
23,90,180,27.777777777777775,Lose Weight
23,95,180,29.320987654320987,Lose Weight
23,100,180,30.864197530864196,Lose Weight
23,105,180,32.407407407407405,Lose Weight
23,110,180,33.95061728395061,Lose Weight
23,115,180,35.49382716049382,Lose Weight
23,120,180,37.03703703703704,Lose Weight
23,125,180,38.58024691358025,Lose Weight
23,130,180,40.123456790123456,Lose Weight
23,135,180,41.666666666666664,Lose Weight
23,140,180,43.20987654320987,Lose Weight
23,145,180,44.75308641975308,Lose Weight
23,40,185,11.68736303871439,Gain Weight
23,45,185,13.148283418553687,Gain Weight
23,50,185,14.609203798392986,Gain Weight
23,55,185,16.070124178232284,Gain Weight
23,60,185,17.531044558071585,Gain Weight
23,65,185,18.991964937910883,Maintain Weight
23,70,185,20.45288531775018,Maintain Weight
23,75,185,21.913805697589478,Maintain Weight
23,80,185,23.37472607742878,Maintain Weight
23,85,185,24.835646457268076,Maintain Weight
23,90,185,26.296566837107374,Lose Weight
23,95,185,27.757487216946675,Lose Weight
23,100,185,29.218407596785973,Lose Weight
23,105,185,30.67932797662527,Lose Weight
23,110,185,32.14024835646457,Lose Weight
23,115,185,33.60116873630387,Lose Weight
23,120,185,35.06208911614317,Lose Weight
23,125,185,36.523009495982464,Lose Weight
23,130,185,37.983929875821765,Lose Weight
23,135,185,39.444850255661066,Lose Weight
23,140,185,40.90577063550036,Lose Weight
23,145,185,42.36669101533966,Lose Weight
23,40,190,11.0803324099723,Gain Weight
23,45,190,12.465373961218837,Gain Weight
23,50,190,13.850415512465375,Gain Weight
23,55,190,15.235457063711912,Gain Weight
23,60,190,16.62049861495845,Gain Weight
23,65,190,18.005540166204987,Gain Weight
23,70,190,19.390581717451525,Maintain Weight
23,75,190,20.775623268698062,Maintain Weight
23,80,190,22.1606648199446,Maintain Weight
23,85,190,23.545706371191137,Maintain Weight
23,90,190,24.930747922437675,Lose Weight
23,95,190,26.315789473684212,Lose Weight
23,100,190,27.70083102493075,Lose Weight
23,105,190,29.085872576177287,Lose Weight
23,110,190,30.470914127423825,Lose Weight
23,115,190,31.855955678670362,Lose Weight
23,120,190,33.2409972299169,Lose Weight
23,125,190,34.62603878116344,Lose Weight
23,130,190,36.011080332409975,Lose Weight
23,135,190,37.39612188365651,Lose Weight
23,140,190,38.78116343490305,Lose Weight
23,145,190,40.16620498614959,Lose Weight
23,40,195,10.519395134779751,Gain Weight
23,45,195,11.834319526627219,Gain Weight
23,50,195,13.149243918474689,Gain Weight
23,55,195,14.464168310322158,Gain Weight
23,60,195,15.779092702169626,Gain Weight
23,65,195,17.094017094017094,Gain Weight
23,70,195,18.408941485864563,Gain Weight
23,75,195,19.723865877712033,Maintain Weight
23,80,195,21.038790269559502,Maintain Weight
23,85,195,22.353714661406972,Maintain Weight
23,90,195,23.668639053254438,Maintain Weight
23,95,195,24.983563445101908,Lose Weight
23,100,195,26.298487836949377,Lose Weight
23,105,195,27.613412228796847,Lose Weight
23,110,195,28.928336620644316,Lose Weight
23,115,195,30.243261012491782,Lose Weight
23,120,195,31.558185404339252,Lose Weight
23,125,195,32.87310979618672,Lose Weight
23,130,195,34.18803418803419,Lose Weight
23,135,195,35.50295857988166,Lose Weight
23,140,195,36.81788297172913,Lose Weight
23,145,195,38.132807363576596,Lose Weight
24,40,150,17.77777777777778,Gain Weight
24,45,150,20.0,Maintain Weight
24,50,150,22.22222222222222,Maintain Weight
24,55,150,24.444444444444443,Maintain Weight
24,60,150,26.666666666666668,Lose Weight
24,65,150,28.88888888888889,Lose Weight
24,70,150,31.11111111111111,Lose Weight
24,75,150,33.333333333333336,Lose Weight
24,80,150,35.55555555555556,Lose Weight
24,85,150,37.77777777777778,Lose Weight
24,90,150,40.0,Lose Weight
24,95,150,42.22222222222222,Lose Weight
24,100,150,44.44444444444444,Lose Weight
24,105,150,46.666666666666664,Lose Weight
24,110,150,48.888888888888886,Lose Weight
24,115,150,51.111111111111114,Lose Weight
24,120,150,53.333333333333336,Lose Weight
24,125,150,55.55555555555556,Lose Weight
24,130,150,57.77777777777778,Lose Weight
24,135,150,60.0,Lose Weight
24,140,150,62.22222222222222,Lose Weight
24,145,150,64.44444444444444,Lose Weight
24,40,155,16.649323621227886,Gain Weight
24,45,155,18.730489073881373,Maintain Weight
24,50,155,20.811654526534856,Maintain Weight
24,55,155,22.892819979188342,Maintain Weight
24,60,155,24.97398543184183,Lose Weight
24,65,155,27.055150884495315,Lose Weight
24,70,155,29.1363163371488,Lose Weight
24,75,155,31.217481789802285,Lose Weight
24,80,155,33.29864724245577,Lose Weight
24,85,155,35.37981269510926,Lose Weight
24,90,155,37.460978147762745,Lose Weight
24,95,155,39.54214360041623,Lose Weight
24,100,155,41.62330905306971,Lose Weight
24,105,155,43.7044745057232,Lose Weight
24,110,155,45.785639958376684,Lose Weight
24,115,155,47.86680541103017,Lose Weight
24,120,155,49.94797086368366,Lose Weight
24,125,155,52.029136316337144,Lose Weight
24,130,155,54.11030176899063,Lose Weight
24,135,155,56.19146722164411,Lose Weight
24,140,155,58.2726326742976,Lose Weight
24,145,155,60.353798126951084,Lose Weight
24,40,160,15.624999999999996,Gain Weight
24,45,160,17.578124999999996,Gain Weight
24,50,160,19.531249999999996,Maintain Weight
24,55,160,21.484374999999996,Maintain Weight
24,60,160,23.437499999999996,Maintain Weight
24,65,160,25.390624999999996,Lose Weight
24,70,160,27.343749999999996,Lose Weight
24,75,160,29.296874999999993,Lose Weight
24,80,160,31.249999999999993,Lose Weight
24,85,160,33.20312499999999,Lose Weight
24,90,160,35.15624999999999,Lose Weight
24,95,160,37.10937499999999,Lose Weight
24,100,160,39.06249999999999,Lose Weight
24,105,160,41.01562499999999,Lose Weight
24,110,160,42.96874999999999,Lose Weight
24,115,160,44.92187499999999,Lose Weight
24,120,160,46.87499999999999,Lose Weight
24,125,160,48.82812499999999,Lose Weight
24,130,160,50.78124999999999,Lose Weight
24,135,160,52.73437499999999,Lose Weight
24,140,160,54.68749999999999,Lose Weight
24,145,160,56.640624999999986,Lose Weight
24,40,165,14.692378328741967,Gain Weight
24,45,165,16.528925619834713,Gain Weight
24,50,165,18.36547291092746,Gain Weight
24,55,165,20.202020202020204,Maintain Weight
24,60,165,22.03856749311295,Maintain Weight
24,65,165,23.875114784205696,Maintain Weight
24,70,165,25.71166207529844,Lose Weight
24,75,165,27.548209366391188,Lose Weight
24,80,165,29.384756657483933,Lose Weight
24,85,165,31.22130394857668,Lose Weight
24,90,165,33.057851239669425,Lose Weight
24,95,165,34.894398530762174,Lose Weight
24,100,165,36.73094582185492,Lose Weight
24,105,165,38.567493112947666,Lose Weight
24,110,165,40.40404040404041,Lose Weight
24,115,165,42.24058769513316,Lose Weight
24,120,165,44.0771349862259,Lose Weight
24,125,165,45.91368227731865,Lose Weight
24,130,165,47.75022956841139,Lose Weight
24,135,165,49.58677685950414,Lose Weight
24,140,165,51.42332415059688,Lose Weight
24,145,165,53.25987144168963,Lose Weight
24,40,170,13.84083044982699,Gain Weight
24,45,170,15.570934256055365,Gain Weight
24,50,170,17.301038062283737,Gain Weight
24,55,170,19.031141868512112,Maintain Weight
24,60,170,20.761245674740486,Maintain Weight
24,65,170,22.49134948096886,Maintain Weight
24,70,170,24.221453287197235,Maintain Weight
24,75,170,25.95155709342561,Lose Weight
24,80,170,27.68166089965398,Lose Weight
24,85,170,29.411764705882355,Lose Weight
24,90,170,31.14186851211073,Lose Weight
24,95,170,32.871972318339104,Lose Weight
24,100,170,34.602076124567475,Lose Weight
24,105,170,36.33217993079585,Lose Weight
24,110,170,38.062283737024224,Lose Weight
24,115,170,39.7923875432526,Lose Weight
24,120,170,41.52249134948097,Lose Weight
24,125,170,43.25259515570935,Lose Weight
24,130,170,44.98269896193772,Lose Weight
24,135,170,46.71280276816609,Lose Weight
24,140,170,48.44290657439447,Lose Weight
24,145,170,50.17301038062284,Lose Weight
24,40,175,13.061224489795919,Gain Weight
24,45,175,14.693877551020408,Gain Weight
24,50,175,16.3265306122449,Gain Weight
24,55,175,17.959183673469386,Gain Weight
24,60,175,19.591836734693878,Maintain Weight
24,65,175,21.224489795918366,Maintain Weight
24,70,175,22.857142857142858,Maintain Weight
24,75,175,24.489795918367346,Maintain Weight
24,80,175,26.122448979591837,Lose Weight
24,85,175,27.755102040816325,Lose Weight
24,90,175,29.387755102040817,Lose Weight
24,95,175,31.020408163265305,Lose Weight
24,100,175,32.6530612244898,Lose Weight
24,105,175,34.285714285714285,Lose Weight
24,110,175,35.91836734693877,Lose Weight
24,115,175,37.55102040816327,Lose Weight
24,120,175,39.183673469387756,Lose Weight
24,125,175,40.816326530612244,Lose Weight
24,130,175,42.44897959183673,Lose Weight
24,135,175,44.08163265306123,Lose Weight
24,140,175,45.714285714285715,Lose Weight
24,145,175,47.3469387755102,Lose Weight
24,40,180,12.345679012345679,Gain Weight
24,45,180,13.888888888888888,Gain Weight
24,50,180,15.432098765432098,Gain Weight
24,55,180,16.975308641975307,Gain Weight
24,60,180,18.51851851851852,Maintain Weight
24,65,180,20.061728395061728,Maintain Weight
24,70,180,21.604938271604937,Maintain Weight
24,75,180,23.148148148148145,Maintain Weight
24,80,180,24.691358024691358,Maintain Weight
24,85,180,26.234567901234566,Lose Weight
24,90,180,27.777777777777775,Lose Weight
24,95,180,29.320987654320987,Lose Weight
24,100,180,30.864197530864196,Lose Weight
24,105,180,32.407407407407405,Lose Weight
24,110,180,33.95061728395061,Lose Weight
24,115,180,35.49382716049382,Lose Weight
24,120,180,37.03703703703704,Lose Weight
24,125,180,38.58024691358025,Lose Weight
24,130,180,40.123456790123456,Lose Weight
24,135,180,41.666666666666664,Lose Weight
24,140,180,43.20987654320987,Lose Weight
24,145,180,44.75308641975308,Lose Weight
24,40,185,11.68736303871439,Gain Weight
24,45,185,13.148283418553687,Gain Weight
24,50,185,14.609203798392986,Gain Weight
24,55,185,16.070124178232284,Gain Weight
24,60,185,17.531044558071585,Gain Weight
24,65,185,18.991964937910883,Maintain Weight
24,70,185,20.45288531775018,Maintain Weight
24,75,185,21.913805697589478,Maintain Weight
24,80,185,23.37472607742878,Maintain Weight
24,85,185,24.835646457268076,Maintain Weight
24,90,185,26.296566837107374,Lose Weight
24,95,185,27.757487216946675,Lose Weight
24,100,185,29.218407596785973,Lose Weight
24,105,185,30.67932797662527,Lose Weight
24,110,185,32.14024835646457,Lose Weight
24,115,185,33.60116873630387,Lose Weight
24,120,185,35.06208911614317,Lose Weight
24,125,185,36.523009495982464,Lose Weight
24,130,185,37.983929875821765,Lose Weight
24,135,185,39.444850255661066,Lose Weight
24,140,185,40.90577063550036,Lose Weight
24,145,185,42.36669101533966,Lose Weight
24,40,190,11.0803324099723,Gain Weight
24,45,190,12.465373961218837,Gain Weight
24,50,190,13.850415512465375,Gain Weight
24,55,190,15.235457063711912,Gain Weight
24,60,190,16.62049861495845,Gain Weight
24,65,190,18.005540166204987,Gain Weight
24,70,190,19.390581717451525,Maintain Weight
24,75,190,20.775623268698062,Maintain Weight
24,80,190,22.1606648199446,Maintain Weight
24,85,190,23.545706371191137,Maintain Weight
24,90,190,24.930747922437675,Lose Weight
24,95,190,26.315789473684212,Lose Weight
24,100,190,27.70083102493075,Lose Weight
24,105,190,29.085872576177287,Lose Weight
24,110,190,30.470914127423825,Lose Weight
24,115,190,31.855955678670362,Lose Weight
24,120,190,33.2409972299169,Lose Weight
24,125,190,34.62603878116344,Lose Weight
24,130,190,36.011080332409975,Lose Weight
24,135,190,37.39612188365651,Lose Weight
24,140,190,38.78116343490305,Lose Weight
24,145,190,40.16620498614959,Lose Weight
24,40,195,10.519395134779751,Gain Weight
24,45,195,11.834319526627219,Gain Weight
24,50,195,13.149243918474689,Gain Weight
24,55,195,14.464168310322158,Gain Weight
24,60,195,15.779092702169626,Gain Weight
24,65,195,17.094017094017094,Gain Weight
24,70,195,18.408941485864563,Gain Weight
24,75,195,19.723865877712033,Maintain Weight
24,80,195,21.038790269559502,Maintain Weight
24,85,195,22.353714661406972,Maintain Weight
24,90,195,23.668639053254438,Maintain Weight
24,95,195,24.983563445101908,Lose Weight
24,100,195,26.298487836949377,Lose Weight
24,105,195,27.613412228796847,Lose Weight
24,110,195,28.928336620644316,Lose Weight
24,115,195,30.243261012491782,Lose Weight
24,120,195,31.558185404339252,Lose Weight
24,125,195,32.87310979618672,Lose Weight
24,130,195,34.18803418803419,Lose Weight
24,135,195,35.50295857988166,Lose Weight
24,140,195,36.81788297172913,Lose Weight
24,145,195,38.132807363576596,Lose Weight
25,40,150,17.77777777777778,Gain Weight
25,45,150,20.0,Maintain Weight
25,50,150,22.22222222222222,Maintain Weight
25,55,150,24.444444444444443,Maintain Weight
25,60,150,26.666666666666668,Lose Weight
25,65,150,28.88888888888889,Lose Weight
25,70,150,31.11111111111111,Lose Weight
25,75,150,33.333333333333336,Lose Weight
25,80,150,35.55555555555556,Lose Weight
25,85,150,37.77777777777778,Lose Weight
25,90,150,40.0,Lose Weight
25,95,150,42.22222222222222,Lose Weight
25,100,150,44.44444444444444,Lose Weight
25,105,150,46.666666666666664,Lose Weight
25,110,150,48.888888888888886,Lose Weight
25,115,150,51.111111111111114,Lose Weight
25,120,150,53.333333333333336,Lose Weight
25,125,150,55.55555555555556,Lose Weight
25,130,150,57.77777777777778,Lose Weight
25,135,150,60.0,Lose Weight
25,140,150,62.22222222222222,Lose Weight
25,145,150,64.44444444444444,Lose Weight
25,40,155,16.649323621227886,Gain Weight
25,45,155,18.730489073881373,Maintain Weight
25,50,155,20.811654526534856,Maintain Weight
25,55,155,22.892819979188342,Maintain Weight
25,60,155,24.97398543184183,Lose Weight
25,65,155,27.055150884495315,Lose Weight
25,70,155,29.1363163371488,Lose Weight
25,75,155,31.217481789802285,Lose Weight
25,80,155,33.29864724245577,Lose Weight
25,85,155,35.37981269510926,Lose Weight
25,90,155,37.460978147762745,Lose Weight
25,95,155,39.54214360041623,Lose Weight
25,100,155,41.62330905306971,Lose Weight
25,105,155,43.7044745057232,Lose Weight
25,110,155,45.785639958376684,Lose Weight
25,115,155,47.86680541103017,Lose Weight
25,120,155,49.94797086368366,Lose Weight
25,125,155,52.029136316337144,Lose Weight
25,130,155,54.11030176899063,Lose Weight
25,135,155,56.19146722164411,Lose Weight
25,140,155,58.2726326742976,Lose Weight
25,145,155,60.353798126951084,Lose Weight
25,40,160,15.624999999999996,Gain Weight
25,45,160,17.578124999999996,Gain Weight
25,50,160,19.531249999999996,Maintain Weight
25,55,160,21.484374999999996,Maintain Weight
25,60,160,23.437499999999996,Maintain Weight
25,65,160,25.390624999999996,Lose Weight
25,70,160,27.343749999999996,Lose Weight
25,75,160,29.296874999999993,Lose Weight
25,80,160,31.249999999999993,Lose Weight
25,85,160,33.20312499999999,Lose Weight
25,90,160,35.15624999999999,Lose Weight
25,95,160,37.10937499999999,Lose Weight
25,100,160,39.06249999999999,Lose Weight
25,105,160,41.01562499999999,Lose Weight
25,110,160,42.96874999999999,Lose Weight
25,115,160,44.92187499999999,Lose Weight
25,120,160,46.87499999999999,Lose Weight
25,125,160,48.82812499999999,Lose Weight
25,130,160,50.78124999999999,Lose Weight
25,135,160,52.73437499999999,Lose Weight
25,140,160,54.68749999999999,Lose Weight
25,145,160,56.640624999999986,Lose Weight
25,40,165,14.692378328741967,Gain Weight
25,45,165,16.528925619834713,Gain Weight
25,50,165,18.36547291092746,Gain Weight
25,55,165,20.202020202020204,Maintain Weight
25,60,165,22.03856749311295,Maintain Weight
25,65,165,23.875114784205696,Maintain Weight
25,70,165,25.71166207529844,Lose Weight
25,75,165,27.548209366391188,Lose Weight
25,80,165,29.384756657483933,Lose Weight
25,85,165,31.22130394857668,Lose Weight
25,90,165,33.057851239669425,Lose Weight
25,95,165,34.894398530762174,Lose Weight
25,100,165,36.73094582185492,Lose Weight
25,105,165,38.567493112947666,Lose Weight
25,110,165,40.40404040404041,Lose Weight
25,115,165,42.24058769513316,Lose Weight
25,120,165,44.0771349862259,Lose Weight
25,125,165,45.91368227731865,Lose Weight
25,130,165,47.75022956841139,Lose Weight
25,135,165,49.58677685950414,Lose Weight
25,140,165,51.42332415059688,Lose Weight
25,145,165,53.25987144168963,Lose Weight
25,40,170,13.84083044982699,Gain Weight
25,45,170,15.570934256055365,Gain Weight
25,50,170,17.301038062283737,Gain Weight
25,55,170,19.031141868512112,Maintain Weight
25,60,170,20.761245674740486,Maintain Weight
25,65,170,22.49134948096886,Maintain Weight
25,70,170,24.221453287197235,Maintain Weight
25,75,170,25.95155709342561,Lose Weight
25,80,170,27.68166089965398,Lose Weight
25,85,170,29.411764705882355,Lose Weight
25,90,170,31.14186851211073,Lose Weight
25,95,170,32.871972318339104,Lose Weight
25,100,170,34.602076124567475,Lose Weight
25,105,170,36.33217993079585,Lose Weight
25,110,170,38.062283737024224,Lose Weight
25,115,170,39.7923875432526,Lose Weight
25,120,170,41.52249134948097,Lose Weight
25,125,170,43.25259515570935,Lose Weight
25,130,170,44.98269896193772,Lose Weight
25,135,170,46.71280276816609,Lose Weight
25,140,170,48.44290657439447,Lose Weight
25,145,170,50.17301038062284,Lose Weight
25,40,175,13.061224489795919,Gain Weight
25,45,175,14.693877551020408,Gain Weight
25,50,175,16.3265306122449,Gain Weight
25,55,175,17.959183673469386,Gain Weight
25,60,175,19.591836734693878,Maintain Weight
25,65,175,21.224489795918366,Maintain Weight
25,70,175,22.857142857142858,Maintain Weight
25,75,175,24.489795918367346,Maintain Weight
25,80,175,26.122448979591837,Lose Weight
25,85,175,27.755102040816325,Lose Weight
25,90,175,29.387755102040817,Lose Weight
25,95,175,31.020408163265305,Lose Weight
25,100,175,32.6530612244898,Lose Weight
25,105,175,34.285714285714285,Lose Weight
25,110,175,35.91836734693877,Lose Weight
25,115,175,37.55102040816327,Lose Weight
25,120,175,39.183673469387756,Lose Weight
25,125,175,40.816326530612244,Lose Weight
25,130,175,42.44897959183673,Lose Weight
25,135,175,44.08163265306123,Lose Weight
25,140,175,45.714285714285715,Lose Weight
25,145,175,47.3469387755102,Lose Weight
25,40,180,12.345679012345679,Gain Weight
25,45,180,13.888888888888888,Gain Weight
25,50,180,15.432098765432098,Gain Weight
25,55,180,16.975308641975307,Gain Weight
25,60,180,18.51851851851852,Maintain Weight
25,65,180,20.061728395061728,Maintain Weight
25,70,180,21.604938271604937,Maintain Weight
25,75,180,23.148148148148145,Maintain Weight
25,80,180,24.691358024691358,Maintain Weight
25,85,180,26.234567901234566,Lose Weight
25,90,180,27.777777777777775,Lose Weight
25,95,180,29.320987654320987,Lose Weight
25,100,180,30.864197530864196,Lose Weight
25,105,180,32.407407407407405,Lose Weight
25,110,180,33.95061728395061,Lose Weight
25,115,180,35.49382716049382,Lose Weight
25,120,180,37.03703703703704,Lose Weight
25,125,180,38.58024691358025,Lose Weight
25,130,180,40.123456790123456,Lose Weight
25,135,180,41.666666666666664,Lose Weight
25,140,180,43.20987654320987,Lose Weight
25,145,180,44.75308641975308,Lose Weight
25,40,185,11.68736303871439,Gain Weight
25,45,185,13.148283418553687,Gain Weight
25,50,185,14.609203798392986,Gain Weight
25,55,185,16.070124178232284,Gain Weight
25,60,185,17.531044558071585,Gain Weight
25,65,185,18.991964937910883,Maintain Weight
25,70,185,20.45288531775018,Maintain Weight
25,75,185,21.913805697589478,Maintain Weight
25,80,185,23.37472607742878,Maintain Weight
25,85,185,24.835646457268076,Maintain Weight
25,90,185,26.296566837107374,Lose Weight
25,95,185,27.757487216946675,Lose Weight
25,100,185,29.218407596785973,Lose Weight
25,105,185,30.67932797662527,Lose Weight
25,110,185,32.14024835646457,Lose Weight
25,115,185,33.60116873630387,Lose Weight
25,120,185,35.06208911614317,Lose Weight
25,125,185,36.523009495982464,Lose Weight
25,130,185,37.983929875821765,Lose Weight
25,135,185,39.444850255661066,Lose Weight
25,140,185,40.90577063550036,Lose Weight
25,145,185,42.36669101533966,Lose Weight
25,40,190,11.0803324099723,Gain Weight
25,45,190,12.465373961218837,Gain Weight
25,50,190,13.850415512465375,Gain Weight
25,55,190,15.235457063711912,Gain Weight
25,60,190,16.62049861495845,Gain Weight
25,65,190,18.005540166204987,Gain Weight
25,70,190,19.390581717451525,Maintain Weight
25,75,190,20.775623268698062,Maintain Weight
25,80,190,22.1606648199446,Maintain Weight
25,85,190,23.545706371191137,Maintain Weight
25,90,190,24.930747922437675,Lose Weight
25,95,190,26.315789473684212,Lose Weight
25,100,190,27.70083102493075,Lose Weight
25,105,190,29.085872576177287,Lose Weight
25,110,190,30.470914127423825,Lose Weight
25,115,190,31.855955678670362,Lose Weight
25,120,190,33.2409972299169,Lose Weight
25,125,190,34.62603878116344,Lose Weight
25,130,190,36.011080332409975,Lose Weight
25,135,190,37.39612188365651,Lose Weight
25,140,190,38.78116343490305,Lose Weight
25,145,190,40.16620498614959,Lose Weight
25,40,195,10.519395134779751,Gain Weight
25,45,195,11.834319526627219,Gain Weight
25,50,195,13.149243918474689,Gain Weight
25,55,195,14.464168310322158,Gain Weight
25,60,195,15.779092702169626,Gain Weight
25,65,195,17.094017094017094,Gain Weight
25,70,195,18.408941485864563,Gain Weight
25,75,195,19.723865877712033,Maintain Weight
25,80,195,21.038790269559502,Maintain Weight
25,85,195,22.353714661406972,Maintain Weight
25,90,195,23.668639053254438,Maintain Weight
25,95,195,24.983563445101908,Lose Weight
25,100,195,26.298487836949377,Lose Weight
25,105,195,27.613412228796847,Lose Weight
25,110,195,28.928336620644316,Lose Weight
25,115,195,30.243261012491782,Lose Weight
25,120,195,31.558185404339252,Lose Weight
25,125,195,32.87310979618672,Lose Weight
25,130,195,34.18803418803419,Lose Weight
25,135,195,35.50295857988166,Lose Weight
25,140,195,36.81788297172913,Lose Weight
25,145,195,38.132807363576596,Lose Weight
26,40,150,17.77777777777778,Gain Weight
26,45,150,20.0,Maintain Weight
26,50,150,22.22222222222222,Maintain Weight
26,55,150,24.444444444444443,Maintain Weight
26,60,150,26.666666666666668,Lose Weight
26,65,150,28.88888888888889,Lose Weight
26,70,150,31.11111111111111,Lose Weight
26,75,150,33.333333333333336,Lose Weight
26,80,150,35.55555555555556,Lose Weight
26,85,150,37.77777777777778,Lose Weight
26,90,150,40.0,Lose Weight
26,95,150,42.22222222222222,Lose Weight
26,100,150,44.44444444444444,Lose Weight
26,105,150,46.666666666666664,Lose Weight
26,110,150,48.888888888888886,Lose Weight
26,115,150,51.111111111111114,Lose Weight
26,120,150,53.333333333333336,Lose Weight
26,125,150,55.55555555555556,Lose Weight
26,130,150,57.77777777777778,Lose Weight
26,135,150,60.0,Lose Weight
26,140,150,62.22222222222222,Lose Weight
26,145,150,64.44444444444444,Lose Weight
26,40,155,16.649323621227886,Gain Weight
26,45,155,18.730489073881373,Maintain Weight
26,50,155,20.811654526534856,Maintain Weight
26,55,155,22.892819979188342,Maintain Weight
26,60,155,24.97398543184183,Lose Weight
26,65,155,27.055150884495315,Lose Weight
26,70,155,29.1363163371488,Lose Weight
26,75,155,31.217481789802285,Lose Weight
26,80,155,33.29864724245577,Lose Weight
26,85,155,35.37981269510926,Lose Weight
26,90,155,37.460978147762745,Lose Weight
26,95,155,39.54214360041623,Lose Weight
26,100,155,41.62330905306971,Lose Weight
26,105,155,43.7044745057232,Lose Weight
26,110,155,45.785639958376684,Lose Weight
26,115,155,47.86680541103017,Lose Weight
26,120,155,49.94797086368366,Lose Weight
26,125,155,52.029136316337144,Lose Weight
26,130,155,54.11030176899063,Lose Weight
26,135,155,56.19146722164411,Lose Weight
26,140,155,58.2726326742976,Lose Weight
26,145,155,60.353798126951084,Lose Weight
26,40,160,15.624999999999996,Gain Weight
26,45,160,17.578124999999996,Gain Weight
26,50,160,19.531249999999996,Maintain Weight
26,55,160,21.484374999999996,Maintain Weight
26,60,160,23.437499999999996,Maintain Weight
26,65,160,25.390624999999996,Lose Weight
26,70,160,27.343749999999996,Lose Weight
26,75,160,29.296874999999993,Lose Weight
26,80,160,31.249999999999993,Lose Weight
26,85,160,33.20312499999999,Lose Weight
26,90,160,35.15624999999999,Lose Weight
26,95,160,37.10937499999999,Lose Weight
26,100,160,39.06249999999999,Lose Weight
26,105,160,41.01562499999999,Lose Weight
26,110,160,42.96874999999999,Lose Weight
26,115,160,44.92187499999999,Lose Weight
26,120,160,46.87499999999999,Lose Weight
26,125,160,48.82812499999999,Lose Weight
26,130,160,50.78124999999999,Lose Weight
26,135,160,52.73437499999999,Lose Weight
26,140,160,54.68749999999999,Lose Weight
26,145,160,56.640624999999986,Lose Weight
26,40,165,14.692378328741967,Gain Weight
26,45,165,16.528925619834713,Gain Weight
26,50,165,18.36547291092746,Gain Weight
26,55,165,20.202020202020204,Maintain Weight
26,60,165,22.03856749311295,Maintain Weight
26,65,165,23.875114784205696,Maintain Weight
26,70,165,25.71166207529844,Lose Weight
26,75,165,27.548209366391188,Lose Weight
26,80,165,29.384756657483933,Lose Weight
26,85,165,31.22130394857668,Lose Weight
26,90,165,33.057851239669425,Lose Weight
26,95,165,34.894398530762174,Lose Weight
26,100,165,36.73094582185492,Lose Weight
26,105,165,38.567493112947666,Lose Weight
26,110,165,40.40404040404041,Lose Weight
26,115,165,42.24058769513316,Lose Weight
26,120,165,44.0771349862259,Lose Weight
26,125,165,45.91368227731865,Lose Weight
26,130,165,47.75022956841139,Lose Weight
26,135,165,49.58677685950414,Lose Weight
26,140,165,51.42332415059688,Lose Weight
26,145,165,53.25987144168963,Lose Weight
26,40,170,13.84083044982699,Gain Weight
26,45,170,15.570934256055365,Gain Weight
26,50,170,17.301038062283737,Gain Weight
26,55,170,19.031141868512112,Maintain Weight
26,60,170,20.761245674740486,Maintain Weight
26,65,170,22.49134948096886,Maintain Weight
26,70,170,24.221453287197235,Maintain Weight
26,75,170,25.95155709342561,Lose Weight
26,80,170,27.68166089965398,Lose Weight
26,85,170,29.411764705882355,Lose Weight
26,90,170,31.14186851211073,Lose Weight
26,95,170,32.871972318339104,Lose Weight
26,100,170,34.602076124567475,Lose Weight
26,105,170,36.33217993079585,Lose Weight
26,110,170,38.062283737024224,Lose Weight
26,115,170,39.7923875432526,Lose Weight
26,120,170,41.52249134948097,Lose Weight
26,125,170,43.25259515570935,Lose Weight
26,130,170,44.98269896193772,Lose Weight
26,135,170,46.71280276816609,Lose Weight
26,140,170,48.44290657439447,Lose Weight
26,145,170,50.17301038062284,Lose Weight
26,40,175,13.061224489795919,Gain Weight
26,45,175,14.693877551020408,Gain Weight
26,50,175,16.3265306122449,Gain Weight
26,55,175,17.959183673469386,Gain Weight
26,60,175,19.591836734693878,Maintain Weight
26,65,175,21.224489795918366,Maintain Weight
26,70,175,22.857142857142858,Maintain Weight
26,75,175,24.489795918367346,Maintain Weight
26,80,175,26.122448979591837,Lose Weight
26,85,175,27.755102040816325,Lose Weight
26,90,175,29.387755102040817,Lose Weight
26,95,175,31.020408163265305,Lose Weight
26,100,175,32.6530612244898,Lose Weight
26,105,175,34.285714285714285,Lose Weight
26,110,175,35.91836734693877,Lose Weight
26,115,175,37.55102040816327,Lose Weight
26,120,175,39.183673469387756,Lose Weight
26,125,175,40.816326530612244,Lose Weight
26,130,175,42.44897959183673,Lose Weight
26,135,175,44.08163265306123,Lose Weight
26,140,175,45.714285714285715,Lose Weight
26,145,175,47.3469387755102,Lose Weight
26,40,180,12.345679012345679,Gain Weight
26,45,180,13.888888888888888,Gain Weight
26,50,180,15.432098765432098,Gain Weight
26,55,180,16.975308641975307,Gain Weight
26,60,180,18.51851851851852,Maintain Weight
26,65,180,20.061728395061728,Maintain Weight
26,70,180,21.604938271604937,Maintain Weight
26,75,180,23.148148148148145,Maintain Weight
26,80,180,24.691358024691358,Maintain Weight
26,85,180,26.234567901234566,Lose Weight
26,90,180,27.777777777777775,Lose Weight
26,95,180,29.320987654320987,Lose Weight
26,100,180,30.864197530864196,Lose Weight
26,105,180,32.407407407407405,Lose Weight
26,110,180,33.95061728395061,Lose Weight
26,115,180,35.49382716049382,Lose Weight
26,120,180,37.03703703703704,Lose Weight
26,125,180,38.58024691358025,Lose Weight
26,130,180,40.123456790123456,Lose Weight
26,135,180,41.666666666666664,Lose Weight
26,140,180,43.20987654320987,Lose Weight
26,145,180,44.75308641975308,Lose Weight
26,40,185,11.68736303871439,Gain Weight
26,45,185,13.148283418553687,Gain Weight
26,50,185,14.609203798392986,Gain Weight
26,55,185,16.070124178232284,Gain Weight
26,60,185,17.531044558071585,Gain Weight
26,65,185,18.991964937910883,Maintain Weight
26,70,185,20.45288531775018,Maintain Weight
26,75,185,21.913805697589478,Maintain Weight
26,80,185,23.37472607742878,Maintain Weight
26,85,185,24.835646457268076,Maintain Weight
26,90,185,26.296566837107374,Lose Weight
26,95,185,27.757487216946675,Lose Weight
26,100,185,29.218407596785973,Lose Weight
26,105,185,30.67932797662527,Lose Weight
26,110,185,32.14024835646457,Lose Weight
26,115,185,33.60116873630387,Lose Weight
26,120,185,35.06208911614317,Lose Weight
26,125,185,36.523009495982464,Lose Weight
26,130,185,37.983929875821765,Lose Weight
26,135,185,39.444850255661066,Lose Weight
26,140,185,40.90577063550036,Lose Weight
26,145,185,42.36669101533966,Lose Weight
26,40,190,11.0803324099723,Gain Weight
26,45,190,12.465373961218837,Gain Weight
26,50,190,13.850415512465375,Gain Weight
26,55,190,15.235457063711912,Gain Weight
26,60,190,16.62049861495845,Gain Weight
26,65,190,18.005540166204987,Gain Weight
26,70,190,19.390581717451525,Maintain Weight
26,75,190,20.775623268698062,Maintain Weight
26,80,190,22.1606648199446,Maintain Weight
26,85,190,23.545706371191137,Maintain Weight
26,90,190,24.930747922437675,Lose Weight
26,95,190,26.315789473684212,Lose Weight
26,100,190,27.70083102493075,Lose Weight
26,105,190,29.085872576177287,Lose Weight
26,110,190,30.470914127423825,Lose Weight
26,115,190,31.855955678670362,Lose Weight
26,120,190,33.2409972299169,Lose Weight
26,125,190,34.62603878116344,Lose Weight
26,130,190,36.011080332409975,Lose Weight
26,135,190,37.39612188365651,Lose Weight
26,140,190,38.78116343490305,Lose Weight
26,145,190,40.16620498614959,Lose Weight
26,40,195,10.519395134779751,Gain Weight
26,45,195,11.834319526627219,Gain Weight
26,50,195,13.149243918474689,Gain Weight
26,55,195,14.464168310322158,Gain Weight
26,60,195,15.779092702169626,Gain Weight
26,65,195,17.094017094017094,Gain Weight
26,70,195,18.408941485864563,Gain Weight
26,75,195,19.723865877712033,Maintain Weight
26,80,195,21.038790269559502,Maintain Weight
26,85,195,22.353714661406972,Maintain Weight
26,90,195,23.668639053254438,Maintain Weight
26,95,195,24.983563445101908,Lose Weight
26,100,195,26.298487836949377,Lose Weight
26,105,195,27.613412228796847,Lose Weight
26,110,195,28.928336620644316,Lose Weight
26,115,195,30.243261012491782,Lose Weight
26,120,195,31.558185404339252,Lose Weight
26,125,195,32.87310979618672,Lose Weight
26,130,195,34.18803418803419,Lose Weight
26,135,195,35.50295857988166,Lose Weight
26,140,195,36.81788297172913,Lose Weight
26,145,195,38.132807363576596,Lose Weight
27,40,150,17.77777777777778,Gain Weight
27,45,150,20.0,Maintain Weight
27,50,150,22.22222222222222,Maintain Weight
27,55,150,24.444444444444443,Maintain Weight
27,60,150,26.666666666666668,Lose Weight
27,65,150,28.88888888888889,Lose Weight
27,70,150,31.11111111111111,Lose Weight
27,75,150,33.333333333333336,Lose Weight
27,80,150,35.55555555555556,Lose Weight
27,85,150,37.77777777777778,Lose Weight
27,90,150,40.0,Lose Weight
27,95,150,42.22222222222222,Lose Weight
27,100,150,44.44444444444444,Lose Weight
27,105,150,46.666666666666664,Lose Weight
27,110,150,48.888888888888886,Lose Weight
27,115,150,51.111111111111114,Lose Weight
27,120,150,53.333333333333336,Lose Weight
27,125,150,55.55555555555556,Lose Weight
27,130,150,57.77777777777778,Lose Weight
27,135,150,60.0,Lose Weight
27,140,150,62.22222222222222,Lose Weight
27,145,150,64.44444444444444,Lose Weight
27,40,155,16.649323621227886,Gain Weight
27,45,155,18.730489073881373,Maintain Weight
27,50,155,20.811654526534856,Maintain Weight
27,55,155,22.892819979188342,Maintain Weight
27,60,155,24.97398543184183,Lose Weight
27,65,155,27.055150884495315,Lose Weight
27,70,155,29.1363163371488,Lose Weight
27,75,155,31.217481789802285,Lose Weight
27,80,155,33.29864724245577,Lose Weight
27,85,155,35.37981269510926,Lose Weight
27,90,155,37.460978147762745,Lose Weight
27,95,155,39.54214360041623,Lose Weight
27,100,155,41.62330905306971,Lose Weight
27,105,155,43.7044745057232,Lose Weight
27,110,155,45.785639958376684,Lose Weight
27,115,155,47.86680541103017,Lose Weight
27,120,155,49.94797086368366,Lose Weight
27,125,155,52.029136316337144,Lose Weight
27,130,155,54.11030176899063,Lose Weight
27,135,155,56.19146722164411,Lose Weight
27,140,155,58.2726326742976,Lose Weight
27,145,155,60.353798126951084,Lose Weight
27,40,160,15.624999999999996,Gain Weight
27,45,160,17.578124999999996,Gain Weight
27,50,160,19.531249999999996,Maintain Weight
27,55,160,21.484374999999996,Maintain Weight
27,60,160,23.437499999999996,Maintain Weight
27,65,160,25.390624999999996,Lose Weight
27,70,160,27.343749999999996,Lose Weight
27,75,160,29.296874999999993,Lose Weight
27,80,160,31.249999999999993,Lose Weight
27,85,160,33.20312499999999,Lose Weight
27,90,160,35.15624999999999,Lose Weight
27,95,160,37.10937499999999,Lose Weight
27,100,160,39.06249999999999,Lose Weight
27,105,160,41.01562499999999,Lose Weight
27,110,160,42.96874999999999,Lose Weight
27,115,160,44.92187499999999,Lose Weight
27,120,160,46.87499999999999,Lose Weight
27,125,160,48.82812499999999,Lose Weight
27,130,160,50.78124999999999,Lose Weight
27,135,160,52.73437499999999,Lose Weight
27,140,160,54.68749999999999,Lose Weight
27,145,160,56.640624999999986,Lose Weight
27,40,165,14.692378328741967,Gain Weight
27,45,165,16.528925619834713,Gain Weight
27,50,165,18.36547291092746,Gain Weight
27,55,165,20.202020202020204,Maintain Weight
27,60,165,22.03856749311295,Maintain Weight
27,65,165,23.875114784205696,Maintain Weight
27,70,165,25.71166207529844,Lose Weight
27,75,165,27.548209366391188,Lose Weight
27,80,165,29.384756657483933,Lose Weight
27,85,165,31.22130394857668,Lose Weight
27,90,165,33.057851239669425,Lose Weight
27,95,165,34.894398530762174,Lose Weight
27,100,165,36.73094582185492,Lose Weight
27,105,165,38.567493112947666,Lose Weight
27,110,165,40.40404040404041,Lose Weight
27,115,165,42.24058769513316,Lose Weight
27,120,165,44.0771349862259,Lose Weight
27,125,165,45.91368227731865,Lose Weight
27,130,165,47.75022956841139,Lose Weight
27,135,165,49.58677685950414,Lose Weight
27,140,165,51.42332415059688,Lose Weight
27,145,165,53.25987144168963,Lose Weight
27,40,170,13.84083044982699,Gain Weight
27,45,170,15.570934256055365,Gain Weight
27,50,170,17.301038062283737,Gain Weight
27,55,170,19.031141868512112,Maintain Weight
27,60,170,20.761245674740486,Maintain Weight
27,65,170,22.49134948096886,Maintain Weight
27,70,170,24.221453287197235,Maintain Weight
27,75,170,25.95155709342561,Lose Weight
27,80,170,27.68166089965398,Lose Weight
27,85,170,29.411764705882355,Lose Weight
27,90,170,31.14186851211073,Lose Weight
27,95,170,32.871972318339104,Lose Weight
27,100,170,34.602076124567475,Lose Weight
27,105,170,36.33217993079585,Lose Weight
27,110,170,38.062283737024224,Lose Weight
27,115,170,39.7923875432526,Lose Weight
27,120,170,41.52249134948097,Lose Weight
27,125,170,43.25259515570935,Lose Weight
27,130,170,44.98269896193772,Lose Weight
27,135,170,46.71280276816609,Lose Weight
27,140,170,48.44290657439447,Lose Weight
27,145,170,50.17301038062284,Lose Weight
27,40,175,13.061224489795919,Gain Weight
27,45,175,14.693877551020408,Gain Weight
27,50,175,16.3265306122449,Gain Weight
27,55,175,17.959183673469386,Gain Weight
27,60,175,19.591836734693878,Maintain Weight
27,65,175,21.224489795918366,Maintain Weight
27,70,175,22.857142857142858,Maintain Weight
27,75,175,24.489795918367346,Maintain Weight
27,80,175,26.122448979591837,Lose Weight
27,85,175,27.755102040816325,Lose Weight
27,90,175,29.387755102040817,Lose Weight
27,95,175,31.020408163265305,Lose Weight
27,100,175,32.6530612244898,Lose Weight
27,105,175,34.285714285714285,Lose Weight
27,110,175,35.91836734693877,Lose Weight
27,115,175,37.55102040816327,Lose Weight
27,120,175,39.183673469387756,Lose Weight
27,125,175,40.816326530612244,Lose Weight
27,130,175,42.44897959183673,Lose Weight
27,135,175,44.08163265306123,Lose Weight
27,140,175,45.714285714285715,Lose Weight
27,145,175,47.3469387755102,Lose Weight
27,40,180,12.345679012345679,Gain Weight
27,45,180,13.888888888888888,Gain Weight
27,50,180,15.432098765432098,Gain Weight
27,55,180,16.975308641975307,Gain Weight
27,60,180,18.51851851851852,Maintain Weight
27,65,180,20.061728395061728,Maintain Weight
27,70,180,21.604938271604937,Maintain Weight
27,75,180,23.148148148148145,Maintain Weight
27,80,180,24.691358024691358,Maintain Weight
27,85,180,26.234567901234566,Lose Weight
27,90,180,27.777777777777775,Lose Weight
27,95,180,29.320987654320987,Lose Weight
27,100,180,30.864197530864196,Lose Weight
27,105,180,32.407407407407405,Lose Weight
27,110,180,33.95061728395061,Lose Weight
27,115,180,35.49382716049382,Lose Weight
27,120,180,37.03703703703704,Lose Weight
27,125,180,38.58024691358025,Lose Weight
27,130,180,40.123456790123456,Lose Weight
27,135,180,41.666666666666664,Lose Weight
27,140,180,43.20987654320987,Lose Weight
27,145,180,44.75308641975308,Lose Weight
27,40,185,11.68736303871439,Gain Weight
27,45,185,13.148283418553687,Gain Weight
27,50,185,14.609203798392986,Gain Weight
27,55,185,16.070124178232284,Gain Weight
27,60,185,17.531044558071585,Gain Weight
27,65,185,18.991964937910883,Maintain Weight
27,70,185,20.45288531775018,Maintain Weight
27,75,185,21.913805697589478,Maintain Weight
27,80,185,23.37472607742878,Maintain Weight
27,85,185,24.835646457268076,Maintain Weight
27,90,185,26.296566837107374,Lose Weight
27,95,185,27.757487216946675,Lose Weight
27,100,185,29.218407596785973,Lose Weight
27,105,185,30.67932797662527,Lose Weight
27,110,185,32.14024835646457,Lose Weight
27,115,185,33.60116873630387,Lose Weight
27,120,185,35.06208911614317,Lose Weight
27,125,185,36.523009495982464,Lose Weight
27,130,185,37.983929875821765,Lose Weight
27,135,185,39.444850255661066,Lose Weight
27,140,185,40.90577063550036,Lose Weight
27,145,185,42.36669101533966,Lose Weight
27,40,190,11.0803324099723,Gain Weight
27,45,190,12.465373961218837,Gain Weight
27,50,190,13.850415512465375,Gain Weight
27,55,190,15.235457063711912,Gain Weight
27,60,190,16.62049861495845,Gain Weight
27,65,190,18.005540166204987,Gain Weight
27,70,190,19.390581717451525,Maintain Weight
27,75,190,20.775623268698062,Maintain Weight
27,80,190,22.1606648199446,Maintain Weight
27,85,190,23.545706371191137,Maintain Weight
27,90,190,24.930747922437675,Lose Weight
27,95,190,26.315789473684212,Lose Weight
27,100,190,27.70083102493075,Lose Weight
27,105,190,29.085872576177287,Lose Weight
27,110,190,30.470914127423825,Lose Weight
27,115,190,31.855955678670362,Lose Weight
27,120,190,33.2409972299169,Lose Weight
27,125,190,34.62603878116344,Lose Weight
27,130,190,36.011080332409975,Lose Weight
27,135,190,37.39612188365651,Lose Weight
27,140,190,38.78116343490305,Lose Weight
27,145,190,40.16620498614959,Lose Weight
27,40,195,10.519395134779751,Gain Weight
27,45,195,11.834319526627219,Gain Weight
27,50,195,13.149243918474689,Gain Weight
27,55,195,14.464168310322158,Gain Weight
27,60,195,15.779092702169626,Gain Weight
27,65,195,17.094017094017094,Gain Weight
27,70,195,18.408941485864563,Gain Weight
27,75,195,19.723865877712033,Maintain Weight
27,80,195,21.038790269559502,Maintain Weight
27,85,195,22.353714661406972,Maintain Weight
27,90,195,23.668639053254438,Maintain Weight
27,95,195,24.983563445101908,Lose Weight
27,100,195,26.298487836949377,Lose Weight
27,105,195,27.613412228796847,Lose Weight
27,110,195,28.928336620644316,Lose Weight
27,115,195,30.243261012491782,Lose Weight
27,120,195,31.558185404339252,Lose Weight
27,125,195,32.87310979618672,Lose Weight
27,130,195,34.18803418803419,Lose Weight
27,135,195,35.50295857988166,Lose Weight
27,140,195,36.81788297172913,Lose Weight
27,145,195,38.132807363576596,Lose Weight
28,40,150,17.77777777777778,Gain Weight
28,45,150,20.0,Maintain Weight
28,50,150,22.22222222222222,Maintain Weight
28,55,150,24.444444444444443,Maintain Weight
28,60,150,26.666666666666668,Lose Weight
28,65,150,28.88888888888889,Lose Weight
28,70,150,31.11111111111111,Lose Weight
28,75,150,33.333333333333336,Lose Weight
28,80,150,35.55555555555556,Lose Weight
28,85,150,37.77777777777778,Lose Weight
28,90,150,40.0,Lose Weight
28,95,150,42.22222222222222,Lose Weight
28,100,150,44.44444444444444,Lose Weight
28,105,150,46.666666666666664,Lose Weight
28,110,150,48.888888888888886,Lose Weight
28,115,150,51.111111111111114,Lose Weight
28,120,150,53.333333333333336,Lose Weight
28,125,150,55.55555555555556,Lose Weight
28,130,150,57.77777777777778,Lose Weight
28,135,150,60.0,Lose Weight
28,140,150,62.22222222222222,Lose Weight
28,145,150,64.44444444444444,Lose Weight
28,40,155,16.649323621227886,Gain Weight
28,45,155,18.730489073881373,Maintain Weight
28,50,155,20.811654526534856,Maintain Weight
28,55,155,22.892819979188342,Maintain Weight
28,60,155,24.97398543184183,Lose Weight
28,65,155,27.055150884495315,Lose Weight
28,70,155,29.1363163371488,Lose Weight
28,75,155,31.217481789802285,Lose Weight
28,80,155,33.29864724245577,Lose Weight
28,85,155,35.37981269510926,Lose Weight
28,90,155,37.460978147762745,Lose Weight
28,95,155,39.54214360041623,Lose Weight
28,100,155,41.62330905306971,Lose Weight
28,105,155,43.7044745057232,Lose Weight
28,110,155,45.785639958376684,Lose Weight
28,115,155,47.86680541103017,Lose Weight
28,120,155,49.94797086368366,Lose Weight
28,125,155,52.029136316337144,Lose Weight
28,130,155,54.11030176899063,Lose Weight
28,135,155,56.19146722164411,Lose Weight
28,140,155,58.2726326742976,Lose Weight
28,145,155,60.353798126951084,Lose Weight
28,40,160,15.624999999999996,Gain Weight
28,45,160,17.578124999999996,Gain Weight
28,50,160,19.531249999999996,Maintain Weight
28,55,160,21.484374999999996,Maintain Weight
28,60,160,23.437499999999996,Maintain Weight
28,65,160,25.390624999999996,Lose Weight
28,70,160,27.343749999999996,Lose Weight
28,75,160,29.296874999999993,Lose Weight
28,80,160,31.249999999999993,Lose Weight
28,85,160,33.20312499999999,Lose Weight
28,90,160,35.15624999999999,Lose Weight
28,95,160,37.10937499999999,Lose Weight
28,100,160,39.06249999999999,Lose Weight
28,105,160,41.01562499999999,Lose Weight
28,110,160,42.96874999999999,Lose Weight
28,115,160,44.92187499999999,Lose Weight
28,120,160,46.87499999999999,Lose Weight
28,125,160,48.82812499999999,Lose Weight
28,130,160,50.78124999999999,Lose Weight
28,135,160,52.73437499999999,Lose Weight
28,140,160,54.68749999999999,Lose Weight
28,145,160,56.640624999999986,Lose Weight
28,40,165,14.692378328741967,Gain Weight
28,45,165,16.528925619834713,Gain Weight
28,50,165,18.36547291092746,Gain Weight
28,55,165,20.202020202020204,Maintain Weight
28,60,165,22.03856749311295,Maintain Weight
28,65,165,23.875114784205696,Maintain Weight
28,70,165,25.71166207529844,Lose Weight
28,75,165,27.548209366391188,Lose Weight
28,80,165,29.384756657483933,Lose Weight
28,85,165,31.22130394857668,Lose Weight
28,90,165,33.057851239669425,Lose Weight
28,95,165,34.894398530762174,Lose Weight
28,100,165,36.73094582185492,Lose Weight
28,105,165,38.567493112947666,Lose Weight
28,110,165,40.40404040404041,Lose Weight
28,115,165,42.24058769513316,Lose Weight
28,120,165,44.0771349862259,Lose Weight
28,125,165,45.91368227731865,Lose Weight
28,130,165,47.75022956841139,Lose Weight
28,135,165,49.58677685950414,Lose Weight
28,140,165,51.42332415059688,Lose Weight
28,145,165,53.25987144168963,Lose Weight
28,40,170,13.84083044982699,Gain Weight
28,45,170,15.570934256055365,Gain Weight
28,50,170,17.301038062283737,Gain Weight
28,55,170,19.031141868512112,Maintain Weight
28,60,170,20.761245674740486,Maintain Weight
28,65,170,22.49134948096886,Maintain Weight
28,70,170,24.221453287197235,Maintain Weight
28,75,170,25.95155709342561,Lose Weight
28,80,170,27.68166089965398,Lose Weight
28,85,170,29.411764705882355,Lose Weight
28,90,170,31.14186851211073,Lose Weight
28,95,170,32.871972318339104,Lose Weight
28,100,170,34.602076124567475,Lose Weight
28,105,170,36.33217993079585,Lose Weight
28,110,170,38.062283737024224,Lose Weight
28,115,170,39.7923875432526,Lose Weight
28,120,170,41.52249134948097,Lose Weight
28,125,170,43.25259515570935,Lose Weight
28,130,170,44.98269896193772,Lose Weight
28,135,170,46.71280276816609,Lose Weight
28,140,170,48.44290657439447,Lose Weight
28,145,170,50.17301038062284,Lose Weight
28,40,175,13.061224489795919,Gain Weight
28,45,175,14.693877551020408,Gain Weight
28,50,175,16.3265306122449,Gain Weight
28,55,175,17.959183673469386,Gain Weight
28,60,175,19.591836734693878,Maintain Weight
28,65,175,21.224489795918366,Maintain Weight
28,70,175,22.857142857142858,Maintain Weight
28,75,175,24.489795918367346,Maintain Weight
28,80,175,26.122448979591837,Lose Weight
28,85,175,27.755102040816325,Lose Weight
28,90,175,29.387755102040817,Lose Weight
28,95,175,31.020408163265305,Lose Weight
28,100,175,32.6530612244898,Lose Weight
28,105,175,34.285714285714285,Lose Weight
28,110,175,35.91836734693877,Lose Weight
28,115,175,37.55102040816327,Lose Weight
28,120,175,39.183673469387756,Lose Weight
28,125,175,40.816326530612244,Lose Weight
28,130,175,42.44897959183673,Lose Weight
28,135,175,44.08163265306123,Lose Weight
28,140,175,45.714285714285715,Lose Weight
28,145,175,47.3469387755102,Lose Weight
28,40,180,12.345679012345679,Gain Weight
28,45,180,13.888888888888888,Gain Weight
28,50,180,15.432098765432098,Gain Weight
28,55,180,16.975308641975307,Gain Weight
28,60,180,18.51851851851852,Maintain Weight
28,65,180,20.061728395061728,Maintain Weight
28,70,180,21.604938271604937,Maintain Weight
28,75,180,23.148148148148145,Maintain Weight
28,80,180,24.691358024691358,Maintain Weight
28,85,180,26.234567901234566,Lose Weight
28,90,180,27.777777777777775,Lose Weight
28,95,180,29.320987654320987,Lose Weight
28,100,180,30.864197530864196,Lose Weight
28,105,180,32.407407407407405,Lose Weight
28,110,180,33.95061728395061,Lose Weight
28,115,180,35.49382716049382,Lose Weight
28,120,180,37.03703703703704,Lose Weight
28,125,180,38.58024691358025,Lose Weight
28,130,180,40.123456790123456,Lose Weight
28,135,180,41.666666666666664,Lose Weight
28,140,180,43.20987654320987,Lose Weight
28,145,180,44.75308641975308,Lose Weight
28,40,185,11.68736303871439,Gain Weight
28,45,185,13.148283418553687,Gain Weight
28,50,185,14.609203798392986,Gain Weight
28,55,185,16.070124178232284,Gain Weight
28,60,185,17.531044558071585,Gain Weight
28,65,185,18.991964937910883,Maintain Weight
28,70,185,20.45288531775018,Maintain Weight
28,75,185,21.913805697589478,Maintain Weight
28,80,185,23.37472607742878,Maintain Weight
28,85,185,24.835646457268076,Maintain Weight
28,90,185,26.296566837107374,Lose Weight
28,95,185,27.757487216946675,Lose Weight
28,100,185,29.218407596785973,Lose Weight
28,105,185,30.67932797662527,Lose Weight
28,110,185,32.14024835646457,Lose Weight
28,115,185,33.60116873630387,Lose Weight
28,120,185,35.06208911614317,Lose Weight
28,125,185,36.523009495982464,Lose Weight
28,130,185,37.983929875821765,Lose Weight
28,135,185,39.444850255661066,Lose Weight
28,140,185,40.90577063550036,Lose Weight
28,145,185,42.36669101533966,Lose Weight
28,40,190,11.0803324099723,Gain Weight
28,45,190,12.465373961218837,Gain Weight
28,50,190,13.850415512465375,Gain Weight
28,55,190,15.235457063711912,Gain Weight
28,60,190,16.62049861495845,Gain Weight
28,65,190,18.005540166204987,Gain Weight
28,70,190,19.390581717451525,Maintain Weight
28,75,190,20.775623268698062,Maintain Weight
28,80,190,22.1606648199446,Maintain Weight
28,85,190,23.545706371191137,Maintain Weight
28,90,190,24.930747922437675,Lose Weight
28,95,190,26.315789473684212,Lose Weight
28,100,190,27.70083102493075,Lose Weight
28,105,190,29.085872576177287,Lose Weight
28,110,190,30.470914127423825,Lose Weight
28,115,190,31.855955678670362,Lose Weight
28,120,190,33.2409972299169,Lose Weight
28,125,190,34.62603878116344,Lose Weight
28,130,190,36.011080332409975,Lose Weight
28,135,190,37.39612188365651,Lose Weight
28,140,190,38.78116343490305,Lose Weight
28,145,190,40.16620498614959,Lose Weight
28,40,195,10.519395134779751,Gain Weight
28,45,195,11.834319526627219,Gain Weight
28,50,195,13.149243918474689,Gain Weight
28,55,195,14.464168310322158,Gain Weight
28,60,195,15.779092702169626,Gain Weight
28,65,195,17.094017094017094,Gain Weight
28,70,195,18.408941485864563,Gain Weight
28,75,195,19.723865877712033,Maintain Weight
28,80,195,21.038790269559502,Maintain Weight
28,85,195,22.353714661406972,Maintain Weight
28,90,195,23.668639053254438,Maintain Weight
28,95,195,24.983563445101908,Lose Weight
28,100,195,26.298487836949377,Lose Weight
28,105,195,27.613412228796847,Lose Weight
28,110,195,28.928336620644316,Lose Weight
28,115,195,30.243261012491782,Lose Weight
28,120,195,31.558185404339252,Lose Weight
28,125,195,32.87310979618672,Lose Weight
28,130,195,34.18803418803419,Lose Weight
28,135,195,35.50295857988166,Lose Weight
28,140,195,36.81788297172913,Lose Weight
28,145,195,38.132807363576596,Lose Weight
29,40,150,17.77777777777778,Gain Weight
29,45,150,20.0,Maintain Weight
29,50,150,22.22222222222222,Maintain Weight
29,55,150,24.444444444444443,Maintain Weight
29,60,150,26.666666666666668,Lose Weight
29,65,150,28.88888888888889,Lose Weight
29,70,150,31.11111111111111,Lose Weight
29,75,150,33.333333333333336,Lose Weight
29,80,150,35.55555555555556,Lose Weight
29,85,150,37.77777777777778,Lose Weight
29,90,150,40.0,Lose Weight
29,95,150,42.22222222222222,Lose Weight
29,100,150,44.44444444444444,Lose Weight
29,105,150,46.666666666666664,Lose Weight
29,110,150,48.888888888888886,Lose Weight
29,115,150,51.111111111111114,Lose Weight
29,120,150,53.333333333333336,Lose Weight
29,125,150,55.55555555555556,Lose Weight
29,130,150,57.77777777777778,Lose Weight
29,135,150,60.0,Lose Weight
29,140,150,62.22222222222222,Lose Weight
29,145,150,64.44444444444444,Lose Weight
29,40,155,16.649323621227886,Gain Weight
29,45,155,18.730489073881373,Maintain Weight
29,50,155,20.811654526534856,Maintain Weight
29,55,155,22.892819979188342,Maintain Weight
29,60,155,24.97398543184183,Lose Weight
29,65,155,27.055150884495315,Lose Weight
29,70,155,29.1363163371488,Lose Weight
29,75,155,31.217481789802285,Lose Weight
29,80,155,33.29864724245577,Lose Weight
29,85,155,35.37981269510926,Lose Weight
29,90,155,37.460978147762745,Lose Weight
29,95,155,39.54214360041623,Lose Weight
29,100,155,41.62330905306971,Lose Weight
29,105,155,43.7044745057232,Lose Weight
29,110,155,45.785639958376684,Lose Weight
29,115,155,47.86680541103017,Lose Weight
29,120,155,49.94797086368366,Lose Weight
29,125,155,52.029136316337144,Lose Weight
29,130,155,54.11030176899063,Lose Weight
29,135,155,56.19146722164411,Lose Weight
29,140,155,58.2726326742976,Lose Weight
29,145,155,60.353798126951084,Lose Weight
29,40,160,15.624999999999996,Gain Weight
29,45,160,17.578124999999996,Gain Weight
29,50,160,19.531249999999996,Maintain Weight
29,55,160,21.484374999999996,Maintain Weight
29,60,160,23.437499999999996,Maintain Weight
29,65,160,25.390624999999996,Lose Weight
29,70,160,27.343749999999996,Lose Weight
29,75,160,29.296874999999993,Lose Weight
29,80,160,31.249999999999993,Lose Weight
29,85,160,33.20312499999999,Lose Weight
29,90,160,35.15624999999999,Lose Weight
29,95,160,37.10937499999999,Lose Weight
29,100,160,39.06249999999999,Lose Weight
29,105,160,41.01562499999999,Lose Weight
29,110,160,42.96874999999999,Lose Weight
29,115,160,44.92187499999999,Lose Weight
29,120,160,46.87499999999999,Lose Weight
29,125,160,48.82812499999999,Lose Weight
29,130,160,50.78124999999999,Lose Weight
29,135,160,52.73437499999999,Lose Weight
29,140,160,54.68749999999999,Lose Weight
29,145,160,56.640624999999986,Lose Weight
29,40,165,14.692378328741967,Gain Weight
29,45,165,16.528925619834713,Gain Weight
29,50,165,18.36547291092746,Gain Weight
29,55,165,20.202020202020204,Maintain Weight
29,60,165,22.03856749311295,Maintain Weight
29,65,165,23.875114784205696,Maintain Weight
29,70,165,25.71166207529844,Lose Weight
29,75,165,27.548209366391188,Lose Weight
29,80,165,29.384756657483933,Lose Weight
29,85,165,31.22130394857668,Lose Weight
29,90,165,33.057851239669425,Lose Weight
29,95,165,34.894398530762174,Lose Weight
29,100,165,36.73094582185492,Lose Weight
29,105,165,38.567493112947666,Lose Weight
29,110,165,40.40404040404041,Lose Weight
29,115,165,42.24058769513316,Lose Weight
29,120,165,44.0771349862259,Lose Weight
29,125,165,45.91368227731865,Lose Weight
29,130,165,47.75022956841139,Lose Weight
29,135,165,49.58677685950414,Lose Weight
29,140,165,51.42332415059688,Lose Weight
29,145,165,53.25987144168963,Lose Weight
29,40,170,13.84083044982699,Gain Weight
29,45,170,15.570934256055365,Gain Weight
29,50,170,17.301038062283737,Gain Weight
29,55,170,19.031141868512112,Maintain Weight
29,60,170,20.761245674740486,Maintain Weight
29,65,170,22.49134948096886,Maintain Weight
29,70,170,24.221453287197235,Maintain Weight
29,75,170,25.95155709342561,Lose Weight
29,80,170,27.68166089965398,Lose Weight
29,85,170,29.411764705882355,Lose Weight
29,90,170,31.14186851211073,Lose Weight
29,95,170,32.871972318339104,Lose Weight
29,100,170,34.602076124567475,Lose Weight
29,105,170,36.33217993079585,Lose Weight
29,110,170,38.062283737024224,Lose Weight
29,115,170,39.7923875432526,Lose Weight
29,120,170,41.52249134948097,Lose Weight
29,125,170,43.25259515570935,Lose Weight
29,130,170,44.98269896193772,Lose Weight
29,135,170,46.71280276816609,Lose Weight
29,140,170,48.44290657439447,Lose Weight
29,145,170,50.17301038062284,Lose Weight
29,40,175,13.061224489795919,Gain Weight
29,45,175,14.693877551020408,Gain Weight
29,50,175,16.3265306122449,Gain Weight
29,55,175,17.959183673469386,Gain Weight
29,60,175,19.591836734693878,Maintain Weight
29,65,175,21.224489795918366,Maintain Weight
29,70,175,22.857142857142858,Maintain Weight
29,75,175,24.489795918367346,Maintain Weight
29,80,175,26.122448979591837,Lose Weight
29,85,175,27.755102040816325,Lose Weight
29,90,175,29.387755102040817,Lose Weight
29,95,175,31.020408163265305,Lose Weight
29,100,175,32.6530612244898,Lose Weight
29,105,175,34.285714285714285,Lose Weight
29,110,175,35.91836734693877,Lose Weight
29,115,175,37.55102040816327,Lose Weight
29,120,175,39.183673469387756,Lose Weight
29,125,175,40.816326530612244,Lose Weight
29,130,175,42.44897959183673,Lose Weight
29,135,175,44.08163265306123,Lose Weight
29,140,175,45.714285714285715,Lose Weight
29,145,175,47.3469387755102,Lose Weight
29,40,180,12.345679012345679,Gain Weight
29,45,180,13.888888888888888,Gain Weight
29,50,180,15.432098765432098,Gain Weight
29,55,180,16.975308641975307,Gain Weight
29,60,180,18.51851851851852,Maintain Weight
29,65,180,20.061728395061728,Maintain Weight
29,70,180,21.604938271604937,Maintain Weight
29,75,180,23.148148148148145,Maintain Weight
29,80,180,24.691358024691358,Maintain Weight
29,85,180,26.234567901234566,Lose Weight
29,90,180,27.777777777777775,Lose Weight
29,95,180,29.320987654320987,Lose Weight
29,100,180,30.864197530864196,Lose Weight
29,105,180,32.407407407407405,Lose Weight
29,110,180,33.95061728395061,Lose Weight
29,115,180,35.49382716049382,Lose Weight
29,120,180,37.03703703703704,Lose Weight
29,125,180,38.58024691358025,Lose Weight
29,130,180,40.123456790123456,Lose Weight
29,135,180,41.666666666666664,Lose Weight
29,140,180,43.20987654320987,Lose Weight
29,145,180,44.75308641975308,Lose Weight
29,40,185,11.68736303871439,Gain Weight
29,45,185,13.148283418553687,Gain Weight
29,50,185,14.609203798392986,Gain Weight
29,55,185,16.070124178232284,Gain Weight
29,60,185,17.531044558071585,Gain Weight
29,65,185,18.991964937910883,Maintain Weight
29,70,185,20.45288531775018,Maintain Weight
29,75,185,21.913805697589478,Maintain Weight
29,80,185,23.37472607742878,Maintain Weight
29,85,185,24.835646457268076,Maintain Weight
29,90,185,26.296566837107374,Lose Weight
29,95,185,27.757487216946675,Lose Weight
29,100,185,29.218407596785973,Lose Weight
29,105,185,30.67932797662527,Lose Weight
29,110,185,32.14024835646457,Lose Weight
29,115,185,33.60116873630387,Lose Weight
29,120,185,35.06208911614317,Lose Weight
29,125,185,36.523009495982464,Lose Weight
29,130,185,37.983929875821765,Lose Weight
29,135,185,39.444850255661066,Lose Weight
29,140,185,40.90577063550036,Lose Weight
29,145,185,42.36669101533966,Lose Weight
29,40,190,11.0803324099723,Gain Weight
29,45,190,12.465373961218837,Gain Weight
29,50,190,13.850415512465375,Gain Weight
29,55,190,15.235457063711912,Gain Weight
29,60,190,16.62049861495845,Gain Weight
29,65,190,18.005540166204987,Gain Weight
29,70,190,19.390581717451525,Maintain Weight
29,75,190,20.775623268698062,Maintain Weight
29,80,190,22.1606648199446,Maintain Weight
29,85,190,23.545706371191137,Maintain Weight
29,90,190,24.930747922437675,Lose Weight
29,95,190,26.315789473684212,Lose Weight
29,100,190,27.70083102493075,Lose Weight
29,105,190,29.085872576177287,Lose Weight
29,110,190,30.470914127423825,Lose Weight
29,115,190,31.855955678670362,Lose Weight
29,120,190,33.2409972299169,Lose Weight
29,125,190,34.62603878116344,Lose Weight
29,130,190,36.011080332409975,Lose Weight
29,135,190,37.39612188365651,Lose Weight
29,140,190,38.78116343490305,Lose Weight
29,145,190,40.16620498614959,Lose Weight
29,40,195,10.519395134779751,Gain Weight
29,45,195,11.834319526627219,Gain Weight
29,50,195,13.149243918474689,Gain Weight
29,55,195,14.464168310322158,Gain Weight
29,60,195,15.779092702169626,Gain Weight
29,65,195,17.094017094017094,Gain Weight
29,70,195,18.408941485864563,Gain Weight
29,75,195,19.723865877712033,Maintain Weight
29,80,195,21.038790269559502,Maintain Weight
29,85,195,22.353714661406972,Maintain Weight
29,90,195,23.668639053254438,Maintain Weight
29,95,195,24.983563445101908,Lose Weight
29,100,195,26.298487836949377,Lose Weight
29,105,195,27.613412228796847,Lose Weight
29,110,195,28.928336620644316,Lose Weight
29,115,195,30.243261012491782,Lose Weight
29,120,195,31.558185404339252,Lose Weight
29,125,195,32.87310979618672,Lose Weight
29,130,195,34.18803418803419,Lose Weight
29,135,195,35.50295857988166,Lose Weight
29,140,195,36.81788297172913,Lose Weight
29,145,195,38.132807363576596,Lose Weight
30,40,150,17.77777777777778,Gain Weight
30,45,150,20.0,Maintain Weight
30,50,150,22.22222222222222,Maintain Weight
30,55,150,24.444444444444443,Maintain Weight
30,60,150,26.666666666666668,Lose Weight
30,65,150,28.88888888888889,Lose Weight
30,70,150,31.11111111111111,Lose Weight
30,75,150,33.333333333333336,Lose Weight
30,80,150,35.55555555555556,Lose Weight
30,85,150,37.77777777777778,Lose Weight
30,90,150,40.0,Lose Weight
30,95,150,42.22222222222222,Lose Weight
30,100,150,44.44444444444444,Lose Weight
30,105,150,46.666666666666664,Lose Weight
30,110,150,48.888888888888886,Lose Weight
30,115,150,51.111111111111114,Lose Weight
30,120,150,53.333333333333336,Lose Weight
30,125,150,55.55555555555556,Lose Weight
30,130,150,57.77777777777778,Lose Weight
30,135,150,60.0,Lose Weight
30,140,150,62.22222222222222,Lose Weight
30,145,150,64.44444444444444,Lose Weight
30,40,155,16.649323621227886,Gain Weight
30,45,155,18.730489073881373,Maintain Weight
30,50,155,20.811654526534856,Maintain Weight
30,55,155,22.892819979188342,Maintain Weight
30,60,155,24.97398543184183,Lose Weight
30,65,155,27.055150884495315,Lose Weight
30,70,155,29.1363163371488,Lose Weight
30,75,155,31.217481789802285,Lose Weight
30,80,155,33.29864724245577,Lose Weight
30,85,155,35.37981269510926,Lose Weight
30,90,155,37.460978147762745,Lose Weight
30,95,155,39.54214360041623,Lose Weight
30,100,155,41.62330905306971,Lose Weight
30,105,155,43.7044745057232,Lose Weight
30,110,155,45.785639958376684,Lose Weight
30,115,155,47.86680541103017,Lose Weight
30,120,155,49.94797086368366,Lose Weight
30,125,155,52.029136316337144,Lose Weight
30,130,155,54.11030176899063,Lose Weight
30,135,155,56.19146722164411,Lose Weight
30,140,155,58.2726326742976,Lose Weight
30,145,155,60.353798126951084,Lose Weight
30,40,160,15.624999999999996,Gain Weight
30,45,160,17.578124999999996,Gain Weight
30,50,160,19.531249999999996,Maintain Weight
30,55,160,21.484374999999996,Maintain Weight
30,60,160,23.437499999999996,Maintain Weight
30,65,160,25.390624999999996,Lose Weight
30,70,160,27.343749999999996,Lose Weight
30,75,160,29.296874999999993,Lose Weight
30,80,160,31.249999999999993,Lose Weight
30,85,160,33.20312499999999,Lose Weight
30,90,160,35.15624999999999,Lose Weight
30,95,160,37.10937499999999,Lose Weight
30,100,160,39.06249999999999,Lose Weight
30,105,160,41.01562499999999,Lose Weight
30,110,160,42.96874999999999,Lose Weight
30,115,160,44.92187499999999,Lose Weight
30,120,160,46.87499999999999,Lose Weight
30,125,160,48.82812499999999,Lose Weight
30,130,160,50.78124999999999,Lose Weight
30,135,160,52.73437499999999,Lose Weight
30,140,160,54.68749999999999,Lose Weight
30,145,160,56.640624999999986,Lose Weight
30,40,165,14.692378328741967,Gain Weight
30,45,165,16.528925619834713,Gain Weight
30,50,165,18.36547291092746,Gain Weight
30,55,165,20.202020202020204,Maintain Weight
30,60,165,22.03856749311295,Maintain Weight
30,65,165,23.875114784205696,Maintain Weight
30,70,165,25.71166207529844,Lose Weight
30,75,165,27.548209366391188,Lose Weight
30,80,165,29.384756657483933,Lose Weight
30,85,165,31.22130394857668,Lose Weight
30,90,165,33.057851239669425,Lose Weight
30,95,165,34.894398530762174,Lose Weight
30,100,165,36.73094582185492,Lose Weight
30,105,165,38.567493112947666,Lose Weight
30,110,165,40.40404040404041,Lose Weight
30,115,165,42.24058769513316,Lose Weight
30,120,165,44.0771349862259,Lose Weight
30,125,165,45.91368227731865,Lose Weight
30,130,165,47.75022956841139,Lose Weight
30,135,165,49.58677685950414,Lose Weight
30,140,165,51.42332415059688,Lose Weight
30,145,165,53.25987144168963,Lose Weight
30,40,170,13.84083044982699,Gain Weight
30,45,170,15.570934256055365,Gain Weight
30,50,170,17.301038062283737,Gain Weight
30,55,170,19.031141868512112,Maintain Weight
30,60,170,20.761245674740486,Maintain Weight
30,65,170,22.49134948096886,Maintain Weight
30,70,170,24.221453287197235,Maintain Weight
30,75,170,25.95155709342561,Lose Weight
30,80,170,27.68166089965398,Lose Weight
30,85,170,29.411764705882355,Lose Weight
30,90,170,31.14186851211073,Lose Weight
30,95,170,32.871972318339104,Lose Weight
30,100,170,34.602076124567475,Lose Weight
30,105,170,36.33217993079585,Lose Weight
30,110,170,38.062283737024224,Lose Weight
30,115,170,39.7923875432526,Lose Weight
30,120,170,41.52249134948097,Lose Weight
30,125,170,43.25259515570935,Lose Weight
30,130,170,44.98269896193772,Lose Weight
30,135,170,46.71280276816609,Lose Weight
30,140,170,48.44290657439447,Lose Weight
30,145,170,50.17301038062284,Lose Weight
30,40,175,13.061224489795919,Gain Weight
30,45,175,14.693877551020408,Gain Weight
30,50,175,16.3265306122449,Gain Weight
30,55,175,17.959183673469386,Gain Weight
30,60,175,19.591836734693878,Maintain Weight
30,65,175,21.224489795918366,Maintain Weight
30,70,175,22.857142857142858,Maintain Weight
30,75,175,24.489795918367346,Maintain Weight
30,80,175,26.122448979591837,Lose Weight
30,85,175,27.755102040816325,Lose Weight
30,90,175,29.387755102040817,Lose Weight
30,95,175,31.020408163265305,Lose Weight
30,100,175,32.6530612244898,Lose Weight
30,105,175,34.285714285714285,Lose Weight
30,110,175,35.91836734693877,Lose Weight
30,115,175,37.55102040816327,Lose Weight
30,120,175,39.183673469387756,Lose Weight
30,125,175,40.816326530612244,Lose Weight
30,130,175,42.44897959183673,Lose Weight
30,135,175,44.08163265306123,Lose Weight
30,140,175,45.714285714285715,Lose Weight
30,145,175,47.3469387755102,Lose Weight
30,40,180,12.345679012345679,Gain Weight
30,45,180,13.888888888888888,Gain Weight
30,50,180,15.432098765432098,Gain Weight
30,55,180,16.975308641975307,Gain Weight
30,60,180,18.51851851851852,Maintain Weight
30,65,180,20.061728395061728,Maintain Weight
30,70,180,21.604938271604937,Maintain Weight
30,75,180,23.148148148148145,Maintain Weight
30,80,180,24.691358024691358,Maintain Weight
30,85,180,26.234567901234566,Lose Weight
30,90,180,27.777777777777775,Lose Weight
30,95,180,29.320987654320987,Lose Weight
30,100,180,30.864197530864196,Lose Weight
30,105,180,32.407407407407405,Lose Weight
30,110,180,33.95061728395061,Lose Weight
30,115,180,35.49382716049382,Lose Weight
30,120,180,37.03703703703704,Lose Weight
30,125,180,38.58024691358025,Lose Weight
30,130,180,40.123456790123456,Lose Weight
30,135,180,41.666666666666664,Lose Weight
30,140,180,43.20987654320987,Lose Weight
30,145,180,44.75308641975308,Lose Weight
30,40,185,11.68736303871439,Gain Weight
30,45,185,13.148283418553687,Gain Weight
30,50,185,14.609203798392986,Gain Weight
30,55,185,16.070124178232284,Gain Weight
30,60,185,17.531044558071585,Gain Weight
30,65,185,18.991964937910883,Maintain Weight
30,70,185,20.45288531775018,Maintain Weight
30,75,185,21.913805697589478,Maintain Weight
30,80,185,23.37472607742878,Maintain Weight
30,85,185,24.835646457268076,Maintain Weight
30,90,185,26.296566837107374,Lose Weight
30,95,185,27.757487216946675,Lose Weight
30,100,185,29.218407596785973,Lose Weight
30,105,185,30.67932797662527,Lose Weight
30,110,185,32.14024835646457,Lose Weight
30,115,185,33.60116873630387,Lose Weight
30,120,185,35.06208911614317,Lose Weight
30,125,185,36.523009495982464,Lose Weight
30,130,185,37.983929875821765,Lose Weight
30,135,185,39.444850255661066,Lose Weight
30,140,185,40.90577063550036,Lose Weight
30,145,185,42.36669101533966,Lose Weight
30,40,190,11.0803324099723,Gain Weight
30,45,190,12.465373961218837,Gain Weight
30,50,190,13.850415512465375,Gain Weight
30,55,190,15.235457063711912,Gain Weight
30,60,190,16.62049861495845,Gain Weight
30,65,190,18.005540166204987,Gain Weight
30,70,190,19.390581717451525,Maintain Weight
30,75,190,20.775623268698062,Maintain Weight
30,80,190,22.1606648199446,Maintain Weight
30,85,190,23.545706371191137,Maintain Weight
30,90,190,24.930747922437675,Lose Weight
30,95,190,26.315789473684212,Lose Weight
30,100,190,27.70083102493075,Lose Weight
30,105,190,29.085872576177287,Lose Weight
30,110,190,30.470914127423825,Lose Weight
30,115,190,31.855955678670362,Lose Weight
30,120,190,33.2409972299169,Lose Weight
30,125,190,34.62603878116344,Lose Weight
30,130,190,36.011080332409975,Lose Weight
30,135,190,37.39612188365651,Lose Weight
30,140,190,38.78116343490305,Lose Weight
30,145,190,40.16620498614959,Lose Weight
30,40,195,10.519395134779751,Gain Weight
30,45,195,11.834319526627219,Gain Weight
30,50,195,13.149243918474689,Gain Weight
30,55,195,14.464168310322158,Gain Weight
30,60,195,15.779092702169626,Gain Weight
30,65,195,17.094017094017094,Gain Weight
30,70,195,18.408941485864563,Gain Weight
30,75,195,19.723865877712033,Maintain Weight
30,80,195,21.038790269559502,Maintain Weight
30,85,195,22.353714661406972,Maintain Weight
30,90,195,23.668639053254438,Maintain Weight
30,95,195,24.983563445101908,Lose Weight
30,100,195,26.298487836949377,Lose Weight
30,105,195,27.613412228796847,Lose Weight
30,110,195,28.928336620644316,Lose Weight
30,115,195,30.243261012491782,Lose Weight
30,120,195,31.558185404339252,Lose Weight
30,125,195,32.87310979618672,Lose Weight
30,130,195,34.18803418803419,Lose Weight
30,135,195,35.50295857988166,Lose Weight
30,140,195,36.81788297172913,Lose Weight
30,145,195,38.132807363576596,Lose Weight
31,40,150,17.77777777777778,Gain Weight
31,45,150,20.0,Maintain Weight
31,50,150,22.22222222222222,Maintain Weight
31,55,150,24.444444444444443,Maintain Weight
31,60,150,26.666666666666668,Lose Weight
31,65,150,28.88888888888889,Lose Weight
31,70,150,31.11111111111111,Lose Weight
31,75,150,33.333333333333336,Lose Weight
31,80,150,35.55555555555556,Lose Weight
31,85,150,37.77777777777778,Lose Weight
31,90,150,40.0,Lose Weight
31,95,150,42.22222222222222,Lose Weight
31,100,150,44.44444444444444,Lose Weight
31,105,150,46.666666666666664,Lose Weight
31,110,150,48.888888888888886,Lose Weight
31,115,150,51.111111111111114,Lose Weight
31,120,150,53.333333333333336,Lose Weight
31,125,150,55.55555555555556,Lose Weight
31,130,150,57.77777777777778,Lose Weight
31,135,150,60.0,Lose Weight
31,140,150,62.22222222222222,Lose Weight
31,145,150,64.44444444444444,Lose Weight
31,40,155,16.649323621227886,Gain Weight
31,45,155,18.730489073881373,Maintain Weight
31,50,155,20.811654526534856,Maintain Weight
31,55,155,22.892819979188342,Maintain Weight
31,60,155,24.97398543184183,Lose Weight
31,65,155,27.055150884495315,Lose Weight
31,70,155,29.1363163371488,Lose Weight
31,75,155,31.217481789802285,Lose Weight
31,80,155,33.29864724245577,Lose Weight
31,85,155,35.37981269510926,Lose Weight
31,90,155,37.460978147762745,Lose Weight
31,95,155,39.54214360041623,Lose Weight
31,100,155,41.62330905306971,Lose Weight
31,105,155,43.7044745057232,Lose Weight
31,110,155,45.785639958376684,Lose Weight
31,115,155,47.86680541103017,Lose Weight
31,120,155,49.94797086368366,Lose Weight
31,125,155,52.029136316337144,Lose Weight
31,130,155,54.11030176899063,Lose Weight
31,135,155,56.19146722164411,Lose Weight
31,140,155,58.2726326742976,Lose Weight
31,145,155,60.353798126951084,Lose Weight
31,40,160,15.624999999999996,Gain Weight
31,45,160,17.578124999999996,Gain Weight
31,50,160,19.531249999999996,Maintain Weight
31,55,160,21.484374999999996,Maintain Weight
31,60,160,23.437499999999996,Maintain Weight
31,65,160,25.390624999999996,Lose Weight
31,70,160,27.343749999999996,Lose Weight
31,75,160,29.296874999999993,Lose Weight
31,80,160,31.249999999999993,Lose Weight
31,85,160,33.20312499999999,Lose Weight
31,90,160,35.15624999999999,Lose Weight
31,95,160,37.10937499999999,Lose Weight
31,100,160,39.06249999999999,Lose Weight
31,105,160,41.01562499999999,Lose Weight
31,110,160,42.96874999999999,Lose Weight
31,115,160,44.92187499999999,Lose Weight
31,120,160,46.87499999999999,Lose Weight
31,125,160,48.82812499999999,Lose Weight
31,130,160,50.78124999999999,Lose Weight
31,135,160,52.73437499999999,Lose Weight
31,140,160,54.68749999999999,Lose Weight
31,145,160,56.640624999999986,Lose Weight
31,40,165,14.692378328741967,Gain Weight
31,45,165,16.528925619834713,Gain Weight
31,50,165,18.36547291092746,Gain Weight
31,55,165,20.202020202020204,Maintain Weight
31,60,165,22.03856749311295,Maintain Weight
31,65,165,23.875114784205696,Maintain Weight
31,70,165,25.71166207529844,Lose Weight
31,75,165,27.548209366391188,Lose Weight
31,80,165,29.384756657483933,Lose Weight
31,85,165,31.22130394857668,Lose Weight
31,90,165,33.057851239669425,Lose Weight
31,95,165,34.894398530762174,Lose Weight
31,100,165,36.73094582185492,Lose Weight
31,105,165,38.567493112947666,Lose Weight
31,110,165,40.40404040404041,Lose Weight
31,115,165,42.24058769513316,Lose Weight
31,120,165,44.0771349862259,Lose Weight
31,125,165,45.91368227731865,Lose Weight
31,130,165,47.75022956841139,Lose Weight
31,135,165,49.58677685950414,Lose Weight
31,140,165,51.42332415059688,Lose Weight
31,145,165,53.25987144168963,Lose Weight
31,40,170,13.84083044982699,Gain Weight
31,45,170,15.570934256055365,Gain Weight
31,50,170,17.301038062283737,Gain Weight
31,55,170,19.031141868512112,Maintain Weight
31,60,170,20.761245674740486,Maintain Weight
31,65,170,22.49134948096886,Maintain Weight
31,70,170,24.221453287197235,Maintain Weight
31,75,170,25.95155709342561,Lose Weight
31,80,170,27.68166089965398,Lose Weight
31,85,170,29.411764705882355,Lose Weight
31,90,170,31.14186851211073,Lose Weight
31,95,170,32.871972318339104,Lose Weight
31,100,170,34.602076124567475,Lose Weight
31,105,170,36.33217993079585,Lose Weight
31,110,170,38.062283737024224,Lose Weight
31,115,170,39.7923875432526,Lose Weight
31,120,170,41.52249134948097,Lose Weight
31,125,170,43.25259515570935,Lose Weight
31,130,170,44.98269896193772,Lose Weight
31,135,170,46.71280276816609,Lose Weight
31,140,170,48.44290657439447,Lose Weight
31,145,170,50.17301038062284,Lose Weight
31,40,175,13.061224489795919,Gain Weight
31,45,175,14.693877551020408,Gain Weight
31,50,175,16.3265306122449,Gain Weight
31,55,175,17.959183673469386,Gain Weight
31,60,175,19.591836734693878,Maintain Weight
31,65,175,21.224489795918366,Maintain Weight
31,70,175,22.857142857142858,Maintain Weight
31,75,175,24.489795918367346,Maintain Weight
31,80,175,26.122448979591837,Lose Weight
31,85,175,27.755102040816325,Lose Weight
31,90,175,29.387755102040817,Lose Weight
31,95,175,31.020408163265305,Lose Weight
31,100,175,32.6530612244898,Lose Weight
31,105,175,34.285714285714285,Lose Weight
31,110,175,35.91836734693877,Lose Weight
31,115,175,37.55102040816327,Lose Weight
31,120,175,39.183673469387756,Lose Weight
31,125,175,40.816326530612244,Lose Weight
31,130,175,42.44897959183673,Lose Weight
31,135,175,44.08163265306123,Lose Weight
31,140,175,45.714285714285715,Lose Weight
31,145,175,47.3469387755102,Lose Weight
31,40,180,12.345679012345679,Gain Weight
31,45,180,13.888888888888888,Gain Weight
31,50,180,15.432098765432098,Gain Weight
31,55,180,16.975308641975307,Gain Weight
31,60,180,18.51851851851852,Maintain Weight
31,65,180,20.061728395061728,Maintain Weight
31,70,180,21.604938271604937,Maintain Weight
31,75,180,23.148148148148145,Maintain Weight
31,80,180,24.691358024691358,Maintain Weight
31,85,180,26.234567901234566,Lose Weight
31,90,180,27.777777777777775,Lose Weight
31,95,180,29.320987654320987,Lose Weight
31,100,180,30.864197530864196,Lose Weight
31,105,180,32.407407407407405,Lose Weight
31,110,180,33.95061728395061,Lose Weight
31,115,180,35.49382716049382,Lose Weight
31,120,180,37.03703703703704,Lose Weight
31,125,180,38.58024691358025,Lose Weight
31,130,180,40.123456790123456,Lose Weight
31,135,180,41.666666666666664,Lose Weight
31,140,180,43.20987654320987,Lose Weight
31,145,180,44.75308641975308,Lose Weight
31,40,185,11.68736303871439,Gain Weight
31,45,185,13.148283418553687,Gain Weight
31,50,185,14.609203798392986,Gain Weight
31,55,185,16.070124178232284,Gain Weight
31,60,185,17.531044558071585,Gain Weight
31,65,185,18.991964937910883,Maintain Weight
31,70,185,20.45288531775018,Maintain Weight
31,75,185,21.913805697589478,Maintain Weight
31,80,185,23.37472607742878,Maintain Weight
31,85,185,24.835646457268076,Maintain Weight
31,90,185,26.296566837107374,Lose Weight
31,95,185,27.757487216946675,Lose Weight
31,100,185,29.218407596785973,Lose Weight
31,105,185,30.67932797662527,Lose Weight
31,110,185,32.14024835646457,Lose Weight
31,115,185,33.60116873630387,Lose Weight
31,120,185,35.06208911614317,Lose Weight
31,125,185,36.523009495982464,Lose Weight
31,130,185,37.983929875821765,Lose Weight
31,135,185,39.444850255661066,Lose Weight
31,140,185,40.90577063550036,Lose Weight
31,145,185,42.36669101533966,Lose Weight
31,40,190,11.0803324099723,Gain Weight
31,45,190,12.465373961218837,Gain Weight
31,50,190,13.850415512465375,Gain Weight
31,55,190,15.235457063711912,Gain Weight
31,60,190,16.62049861495845,Gain Weight
31,65,190,18.005540166204987,Gain Weight
31,70,190,19.390581717451525,Maintain Weight
31,75,190,20.775623268698062,Maintain Weight
31,80,190,22.1606648199446,Maintain Weight
31,85,190,23.545706371191137,Maintain Weight
31,90,190,24.930747922437675,Lose Weight
31,95,190,26.315789473684212,Lose Weight
31,100,190,27.70083102493075,Lose Weight
31,105,190,29.085872576177287,Lose Weight
31,110,190,30.470914127423825,Lose Weight
31,115,190,31.855955678670362,Lose Weight
31,120,190,33.2409972299169,Lose Weight
31,125,190,34.62603878116344,Lose Weight
31,130,190,36.011080332409975,Lose Weight
31,135,190,37.39612188365651,Lose Weight
31,140,190,38.78116343490305,Lose Weight
31,145,190,40.16620498614959,Lose Weight
31,40,195,10.519395134779751,Gain Weight
31,45,195,11.834319526627219,Gain Weight
31,50,195,13.149243918474689,Gain Weight
31,55,195,14.464168310322158,Gain Weight
31,60,195,15.779092702169626,Gain Weight
31,65,195,17.094017094017094,Gain Weight
31,70,195,18.408941485864563,Gain Weight
31,75,195,19.723865877712033,Maintain Weight
31,80,195,21.038790269559502,Maintain Weight
31,85,195,22.353714661406972,Maintain Weight
31,90,195,23.668639053254438,Maintain Weight
31,95,195,24.983563445101908,Lose Weight
31,100,195,26.298487836949377,Lose Weight
31,105,195,27.613412228796847,Lose Weight
31,110,195,28.928336620644316,Lose Weight
31,115,195,30.243261012491782,Lose Weight
31,120,195,31.558185404339252,Lose Weight
31,125,195,32.87310979618672,Lose Weight
31,130,195,34.18803418803419,Lose Weight
31,135,195,35.50295857988166,Lose Weight
31,140,195,36.81788297172913,Lose Weight
31,145,195,38.132807363576596,Lose Weight
32,40,150,17.77777777777778,Gain Weight
32,45,150,20.0,Maintain Weight
32,50,150,22.22222222222222,Maintain Weight
32,55,150,24.444444444444443,Maintain Weight
32,60,150,26.666666666666668,Lose Weight
32,65,150,28.88888888888889,Lose Weight
32,70,150,31.11111111111111,Lose Weight
32,75,150,33.333333333333336,Lose Weight
32,80,150,35.55555555555556,Lose Weight
32,85,150,37.77777777777778,Lose Weight
32,90,150,40.0,Lose Weight
32,95,150,42.22222222222222,Lose Weight
32,100,150,44.44444444444444,Lose Weight
32,105,150,46.666666666666664,Lose Weight
32,110,150,48.888888888888886,Lose Weight
32,115,150,51.111111111111114,Lose Weight
32,120,150,53.333333333333336,Lose Weight
32,125,150,55.55555555555556,Lose Weight
32,130,150,57.77777777777778,Lose Weight
32,135,150,60.0,Lose Weight
32,140,150,62.22222222222222,Lose Weight
32,145,150,64.44444444444444,Lose Weight
32,40,155,16.649323621227886,Gain Weight
32,45,155,18.730489073881373,Maintain Weight
32,50,155,20.811654526534856,Maintain Weight
32,55,155,22.892819979188342,Maintain Weight
32,60,155,24.97398543184183,Lose Weight
32,65,155,27.055150884495315,Lose Weight
32,70,155,29.1363163371488,Lose Weight
32,75,155,31.217481789802285,Lose Weight
32,80,155,33.29864724245577,Lose Weight
32,85,155,35.37981269510926,Lose Weight
32,90,155,37.460978147762745,Lose Weight
32,95,155,39.54214360041623,Lose Weight
32,100,155,41.62330905306971,Lose Weight
32,105,155,43.7044745057232,Lose Weight
32,110,155,45.785639958376684,Lose Weight
32,115,155,47.86680541103017,Lose Weight
32,120,155,49.94797086368366,Lose Weight
32,125,155,52.029136316337144,Lose Weight
32,130,155,54.11030176899063,Lose Weight
32,135,155,56.19146722164411,Lose Weight
32,140,155,58.2726326742976,Lose Weight
32,145,155,60.353798126951084,Lose Weight
32,40,160,15.624999999999996,Gain Weight
32,45,160,17.578124999999996,Gain Weight
32,50,160,19.531249999999996,Maintain Weight
32,55,160,21.484374999999996,Maintain Weight
32,60,160,23.437499999999996,Maintain Weight
32,65,160,25.390624999999996,Lose Weight
32,70,160,27.343749999999996,Lose Weight
32,75,160,29.296874999999993,Lose Weight
32,80,160,31.249999999999993,Lose Weight
32,85,160,33.20312499999999,Lose Weight
32,90,160,35.15624999999999,Lose Weight
32,95,160,37.10937499999999,Lose Weight
32,100,160,39.06249999999999,Lose Weight
32,105,160,41.01562499999999,Lose Weight
32,110,160,42.96874999999999,Lose Weight
32,115,160,44.92187499999999,Lose Weight
32,120,160,46.87499999999999,Lose Weight
32,125,160,48.82812499999999,Lose Weight
32,130,160,50.78124999999999,Lose Weight
32,135,160,52.73437499999999,Lose Weight
32,140,160,54.68749999999999,Lose Weight
32,145,160,56.640624999999986,Lose Weight
32,40,165,14.692378328741967,Gain Weight
32,45,165,16.528925619834713,Gain Weight
32,50,165,18.36547291092746,Gain Weight
32,55,165,20.202020202020204,Maintain Weight
32,60,165,22.03856749311295,Maintain Weight
32,65,165,23.875114784205696,Maintain Weight
32,70,165,25.71166207529844,Lose Weight
32,75,165,27.548209366391188,Lose Weight
32,80,165,29.384756657483933,Lose Weight
32,85,165,31.22130394857668,Lose Weight
32,90,165,33.057851239669425,Lose Weight
32,95,165,34.894398530762174,Lose Weight
32,100,165,36.73094582185492,Lose Weight
32,105,165,38.567493112947666,Lose Weight
32,110,165,40.40404040404041,Lose Weight
32,115,165,42.24058769513316,Lose Weight
32,120,165,44.0771349862259,Lose Weight
32,125,165,45.91368227731865,Lose Weight
32,130,165,47.75022956841139,Lose Weight
32,135,165,49.58677685950414,Lose Weight
32,140,165,51.42332415059688,Lose Weight
32,145,165,53.25987144168963,Lose Weight
32,40,170,13.84083044982699,Gain Weight
32,45,170,15.570934256055365,Gain Weight
32,50,170,17.301038062283737,Gain Weight
32,55,170,19.031141868512112,Maintain Weight
32,60,170,20.761245674740486,Maintain Weight
32,65,170,22.49134948096886,Maintain Weight
32,70,170,24.221453287197235,Maintain Weight
32,75,170,25.95155709342561,Lose Weight
32,80,170,27.68166089965398,Lose Weight
32,85,170,29.411764705882355,Lose Weight
32,90,170,31.14186851211073,Lose Weight
32,95,170,32.871972318339104,Lose Weight
32,100,170,34.602076124567475,Lose Weight
32,105,170,36.33217993079585,Lose Weight
32,110,170,38.062283737024224,Lose Weight
32,115,170,39.7923875432526,Lose Weight
32,120,170,41.52249134948097,Lose Weight
32,125,170,43.25259515570935,Lose Weight
32,130,170,44.98269896193772,Lose Weight
32,135,170,46.71280276816609,Lose Weight
32,140,170,48.44290657439447,Lose Weight
32,145,170,50.17301038062284,Lose Weight
32,40,175,13.061224489795919,Gain Weight
32,45,175,14.693877551020408,Gain Weight
32,50,175,16.3265306122449,Gain Weight
32,55,175,17.959183673469386,Gain Weight
32,60,175,19.591836734693878,Maintain Weight
32,65,175,21.224489795918366,Maintain Weight
32,70,175,22.857142857142858,Maintain Weight
32,75,175,24.489795918367346,Maintain Weight
32,80,175,26.122448979591837,Lose Weight
32,85,175,27.755102040816325,Lose Weight
32,90,175,29.387755102040817,Lose Weight
32,95,175,31.020408163265305,Lose Weight
32,100,175,32.6530612244898,Lose Weight
32,105,175,34.285714285714285,Lose Weight
32,110,175,35.91836734693877,Lose Weight
32,115,175,37.55102040816327,Lose Weight
32,120,175,39.183673469387756,Lose Weight
32,125,175,40.816326530612244,Lose Weight
32,130,175,42.44897959183673,Lose Weight
32,135,175,44.08163265306123,Lose Weight
32,140,175,45.714285714285715,Lose Weight
32,145,175,47.3469387755102,Lose Weight
32,40,180,12.345679012345679,Gain Weight
32,45,180,13.888888888888888,Gain Weight
32,50,180,15.432098765432098,Gain Weight
32,55,180,16.975308641975307,Gain Weight
32,60,180,18.51851851851852,Maintain Weight
32,65,180,20.061728395061728,Maintain Weight
32,70,180,21.604938271604937,Maintain Weight
32,75,180,23.148148148148145,Maintain Weight
32,80,180,24.691358024691358,Maintain Weight
32,85,180,26.234567901234566,Lose Weight
32,90,180,27.777777777777775,Lose Weight
32,95,180,29.320987654320987,Lose Weight
32,100,180,30.864197530864196,Lose Weight
32,105,180,32.407407407407405,Lose Weight
32,110,180,33.95061728395061,Lose Weight
32,115,180,35.49382716049382,Lose Weight
32,120,180,37.03703703703704,Lose Weight
32,125,180,38.58024691358025,Lose Weight
32,130,180,40.123456790123456,Lose Weight
32,135,180,41.666666666666664,Lose Weight
32,140,180,43.20987654320987,Lose Weight
32,145,180,44.75308641975308,Lose Weight
32,40,185,11.68736303871439,Gain Weight
32,45,185,13.148283418553687,Gain Weight
32,50,185,14.609203798392986,Gain Weight
32,55,185,16.070124178232284,Gain Weight
32,60,185,17.531044558071585,Gain Weight
32,65,185,18.991964937910883,Maintain Weight
32,70,185,20.45288531775018,Maintain Weight
32,75,185,21.913805697589478,Maintain Weight
32,80,185,23.37472607742878,Maintain Weight
32,85,185,24.835646457268076,Maintain Weight
32,90,185,26.296566837107374,Lose Weight
32,95,185,27.757487216946675,Lose Weight
32,100,185,29.218407596785973,Lose Weight
32,105,185,30.67932797662527,Lose Weight
32,110,185,32.14024835646457,Lose Weight
32,115,185,33.60116873630387,Lose Weight
32,120,185,35.06208911614317,Lose Weight
32,125,185,36.523009495982464,Lose Weight
32,130,185,37.983929875821765,Lose Weight
32,135,185,39.444850255661066,Lose Weight
32,140,185,40.90577063550036,Lose Weight
32,145,185,42.36669101533966,Lose Weight
32,40,190,11.0803324099723,Gain Weight
32,45,190,12.465373961218837,Gain Weight
32,50,190,13.850415512465375,Gain Weight
32,55,190,15.235457063711912,Gain Weight
32,60,190,16.62049861495845,Gain Weight
32,65,190,18.005540166204987,Gain Weight
32,70,190,19.390581717451525,Maintain Weight
32,75,190,20.775623268698062,Maintain Weight
32,80,190,22.1606648199446,Maintain Weight
32,85,190,23.545706371191137,Maintain Weight
32,90,190,24.930747922437675,Lose Weight
32,95,190,26.315789473684212,Lose Weight
32,100,190,27.70083102493075,Lose Weight
32,105,190,29.085872576177287,Lose Weight
32,110,190,30.470914127423825,Lose Weight
32,115,190,31.855955678670362,Lose Weight
32,120,190,33.2409972299169,Lose Weight
32,125,190,34.62603878116344,Lose Weight
32,130,190,36.011080332409975,Lose Weight
32,135,190,37.39612188365651,Lose Weight
32,140,190,38.78116343490305,Lose Weight
32,145,190,40.16620498614959,Lose Weight
32,40,195,10.519395134779751,Gain Weight
32,45,195,11.834319526627219,Gain Weight
32,50,195,13.149243918474689,Gain Weight
32,55,195,14.464168310322158,Gain Weight
32,60,195,15.779092702169626,Gain Weight
32,65,195,17.094017094017094,Gain Weight
32,70,195,18.408941485864563,Gain Weight
32,75,195,19.723865877712033,Maintain Weight
32,80,195,21.038790269559502,Maintain Weight
32,85,195,22.353714661406972,Maintain Weight
32,90,195,23.668639053254438,Maintain Weight
32,95,195,24.983563445101908,Lose Weight
32,100,195,26.298487836949377,Lose Weight
32,105,195,27.613412228796847,Lose Weight
32,110,195,28.928336620644316,Lose Weight
32,115,195,30.243261012491782,Lose Weight
32,120,195,31.558185404339252,Lose Weight
32,125,195,32.87310979618672,Lose Weight
32,130,195,34.18803418803419,Lose Weight
32,135,195,35.50295857988166,Lose Weight
32,140,195,36.81788297172913,Lose Weight
32,145,195,38.132807363576596,Lose Weight
33,40,150,17.77777777777778,Gain Weight
33,45,150,20.0,Maintain Weight
33,50,150,22.22222222222222,Maintain Weight
33,55,150,24.444444444444443,Maintain Weight
33,60,150,26.666666666666668,Lose Weight
33,65,150,28.88888888888889,Lose Weight
33,70,150,31.11111111111111,Lose Weight
33,75,150,33.333333333333336,Lose Weight
33,80,150,35.55555555555556,Lose Weight
33,85,150,37.77777777777778,Lose Weight
33,90,150,40.0,Lose Weight
33,95,150,42.22222222222222,Lose Weight
33,100,150,44.44444444444444,Lose Weight
33,105,150,46.666666666666664,Lose Weight
33,110,150,48.888888888888886,Lose Weight
33,115,150,51.111111111111114,Lose Weight
33,120,150,53.333333333333336,Lose Weight
33,125,150,55.55555555555556,Lose Weight
33,130,150,57.77777777777778,Lose Weight
33,135,150,60.0,Lose Weight
33,140,150,62.22222222222222,Lose Weight
33,145,150,64.44444444444444,Lose Weight
33,40,155,16.649323621227886,Gain Weight
33,45,155,18.730489073881373,Maintain Weight
33,50,155,20.811654526534856,Maintain Weight
33,55,155,22.892819979188342,Maintain Weight
33,60,155,24.97398543184183,Lose Weight
33,65,155,27.055150884495315,Lose Weight
33,70,155,29.1363163371488,Lose Weight
33,75,155,31.217481789802285,Lose Weight
33,80,155,33.29864724245577,Lose Weight
33,85,155,35.37981269510926,Lose Weight
33,90,155,37.460978147762745,Lose Weight
33,95,155,39.54214360041623,Lose Weight
33,100,155,41.62330905306971,Lose Weight
33,105,155,43.7044745057232,Lose Weight
33,110,155,45.785639958376684,Lose Weight
33,115,155,47.86680541103017,Lose Weight
33,120,155,49.94797086368366,Lose Weight
33,125,155,52.029136316337144,Lose Weight
33,130,155,54.11030176899063,Lose Weight
33,135,155,56.19146722164411,Lose Weight
33,140,155,58.2726326742976,Lose Weight
33,145,155,60.353798126951084,Lose Weight
33,40,160,15.624999999999996,Gain Weight
33,45,160,17.578124999999996,Gain Weight
33,50,160,19.531249999999996,Maintain Weight
33,55,160,21.484374999999996,Maintain Weight
33,60,160,23.437499999999996,Maintain Weight
33,65,160,25.390624999999996,Lose Weight
33,70,160,27.343749999999996,Lose Weight
33,75,160,29.296874999999993,Lose Weight
33,80,160,31.249999999999993,Lose Weight
33,85,160,33.20312499999999,Lose Weight
33,90,160,35.15624999999999,Lose Weight
33,95,160,37.10937499999999,Lose Weight
33,100,160,39.06249999999999,Lose Weight
33,105,160,41.01562499999999,Lose Weight
33,110,160,42.96874999999999,Lose Weight
33,115,160,44.92187499999999,Lose Weight
33,120,160,46.87499999999999,Lose Weight
33,125,160,48.82812499999999,Lose Weight
33,130,160,50.78124999999999,Lose Weight
33,135,160,52.73437499999999,Lose Weight
33,140,160,54.68749999999999,Lose Weight
33,145,160,56.640624999999986,Lose Weight
33,40,165,14.692378328741967,Gain Weight
33,45,165,16.528925619834713,Gain Weight
33,50,165,18.36547291092746,Gain Weight
33,55,165,20.202020202020204,Maintain Weight
33,60,165,22.03856749311295,Maintain Weight
33,65,165,23.875114784205696,Maintain Weight
33,70,165,25.71166207529844,Lose Weight
33,75,165,27.548209366391188,Lose Weight
33,80,165,29.384756657483933,Lose Weight
33,85,165,31.22130394857668,Lose Weight
33,90,165,33.057851239669425,Lose Weight
33,95,165,34.894398530762174,Lose Weight
33,100,165,36.73094582185492,Lose Weight
33,105,165,38.567493112947666,Lose Weight
33,110,165,40.40404040404041,Lose Weight
33,115,165,42.24058769513316,Lose Weight
33,120,165,44.0771349862259,Lose Weight
33,125,165,45.91368227731865,Lose Weight
33,130,165,47.75022956841139,Lose Weight
33,135,165,49.58677685950414,Lose Weight
33,140,165,51.42332415059688,Lose Weight
33,145,165,53.25987144168963,Lose Weight
33,40,170,13.84083044982699,Gain Weight
33,45,170,15.570934256055365,Gain Weight
33,50,170,17.301038062283737,Gain Weight
33,55,170,19.031141868512112,Maintain Weight
33,60,170,20.761245674740486,Maintain Weight
33,65,170,22.49134948096886,Maintain Weight
33,70,170,24.221453287197235,Maintain Weight
33,75,170,25.95155709342561,Lose Weight
33,80,170,27.68166089965398,Lose Weight
33,85,170,29.411764705882355,Lose Weight
33,90,170,31.14186851211073,Lose Weight
33,95,170,32.871972318339104,Lose Weight
33,100,170,34.602076124567475,Lose Weight
33,105,170,36.33217993079585,Lose Weight
33,110,170,38.062283737024224,Lose Weight
33,115,170,39.7923875432526,Lose Weight
33,120,170,41.52249134948097,Lose Weight
33,125,170,43.25259515570935,Lose Weight
33,130,170,44.98269896193772,Lose Weight
33,135,170,46.71280276816609,Lose Weight
33,140,170,48.44290657439447,Lose Weight
33,145,170,50.17301038062284,Lose Weight
33,40,175,13.061224489795919,Gain Weight
33,45,175,14.693877551020408,Gain Weight
33,50,175,16.3265306122449,Gain Weight
33,55,175,17.959183673469386,Gain Weight
33,60,175,19.591836734693878,Maintain Weight
33,65,175,21.224489795918366,Maintain Weight
33,70,175,22.857142857142858,Maintain Weight
33,75,175,24.489795918367346,Maintain Weight
33,80,175,26.122448979591837,Lose Weight
33,85,175,27.755102040816325,Lose Weight
33,90,175,29.387755102040817,Lose Weight
33,95,175,31.020408163265305,Lose Weight
33,100,175,32.6530612244898,Lose Weight
33,105,175,34.285714285714285,Lose Weight
33,110,175,35.91836734693877,Lose Weight
33,115,175,37.55102040816327,Lose Weight
33,120,175,39.183673469387756,Lose Weight
33,125,175,40.816326530612244,Lose Weight
33,130,175,42.44897959183673,Lose Weight
33,135,175,44.08163265306123,Lose Weight
33,140,175,45.714285714285715,Lose Weight
33,145,175,47.3469387755102,Lose Weight
33,40,180,12.345679012345679,Gain Weight
33,45,180,13.888888888888888,Gain Weight
33,50,180,15.432098765432098,Gain Weight
33,55,180,16.975308641975307,Gain Weight
33,60,180,18.51851851851852,Maintain Weight
33,65,180,20.061728395061728,Maintain Weight
33,70,180,21.604938271604937,Maintain Weight
33,75,180,23.148148148148145,Maintain Weight
33,80,180,24.691358024691358,Maintain Weight
33,85,180,26.234567901234566,Lose Weight
33,90,180,27.777777777777775,Lose Weight
33,95,180,29.320987654320987,Lose Weight
33,100,180,30.864197530864196,Lose Weight
33,105,180,32.407407407407405,Lose Weight
33,110,180,33.95061728395061,Lose Weight
33,115,180,35.49382716049382,Lose Weight
33,120,180,37.03703703703704,Lose Weight
33,125,180,38.58024691358025,Lose Weight
33,130,180,40.123456790123456,Lose Weight
33,135,180,41.666666666666664,Lose Weight
33,140,180,43.20987654320987,Lose Weight
33,145,180,44.75308641975308,Lose Weight
33,40,185,11.68736303871439,Gain Weight
33,45,185,13.148283418553687,Gain Weight
33,50,185,14.609203798392986,Gain Weight
33,55,185,16.070124178232284,Gain Weight
33,60,185,17.531044558071585,Gain Weight
33,65,185,18.991964937910883,Maintain Weight
33,70,185,20.45288531775018,Maintain Weight
33,75,185,21.913805697589478,Maintain Weight
33,80,185,23.37472607742878,Maintain Weight
33,85,185,24.835646457268076,Maintain Weight
33,90,185,26.296566837107374,Lose Weight
33,95,185,27.757487216946675,Lose Weight
33,100,185,29.218407596785973,Lose Weight
33,105,185,30.67932797662527,Lose Weight
33,110,185,32.14024835646457,Lose Weight
33,115,185,33.60116873630387,Lose Weight
33,120,185,35.06208911614317,Lose Weight
33,125,185,36.523009495982464,Lose Weight
33,130,185,37.983929875821765,Lose Weight
33,135,185,39.444850255661066,Lose Weight
33,140,185,40.90577063550036,Lose Weight
33,145,185,42.36669101533966,Lose Weight
33,40,190,11.0803324099723,Gain Weight
33,45,190,12.465373961218837,Gain Weight
33,50,190,13.850415512465375,Gain Weight
33,55,190,15.235457063711912,Gain Weight
33,60,190,16.62049861495845,Gain Weight
33,65,190,18.005540166204987,Gain Weight
33,70,190,19.390581717451525,Maintain Weight
33,75,190,20.775623268698062,Maintain Weight
33,80,190,22.1606648199446,Maintain Weight
33,85,190,23.545706371191137,Maintain Weight
33,90,190,24.930747922437675,Lose Weight
33,95,190,26.315789473684212,Lose Weight
33,100,190,27.70083102493075,Lose Weight
33,105,190,29.085872576177287,Lose Weight
33,110,190,30.470914127423825,Lose Weight
33,115,190,31.855955678670362,Lose Weight
33,120,190,33.2409972299169,Lose Weight
33,125,190,34.62603878116344,Lose Weight
33,130,190,36.011080332409975,Lose Weight
33,135,190,37.39612188365651,Lose Weight
33,140,190,38.78116343490305,Lose Weight
33,145,190,40.16620498614959,Lose Weight
33,40,195,10.519395134779751,Gain Weight
33,45,195,11.834319526627219,Gain Weight
33,50,195,13.149243918474689,Gain Weight
33,55,195,14.464168310322158,Gain Weight
33,60,195,15.779092702169626,Gain Weight
33,65,195,17.094017094017094,Gain Weight
33,70,195,18.408941485864563,Gain Weight
33,75,195,19.723865877712033,Maintain Weight
33,80,195,21.038790269559502,Maintain Weight
33,85,195,22.353714661406972,Maintain Weight
33,90,195,23.668639053254438,Maintain Weight
33,95,195,24.983563445101908,Lose Weight
33,100,195,26.298487836949377,Lose Weight
33,105,195,27.613412228796847,Lose Weight
33,110,195,28.928336620644316,Lose Weight
33,115,195,30.243261012491782,Lose Weight
33,120,195,31.558185404339252,Lose Weight
33,125,195,32.87310979618672,Lose Weight
33,130,195,34.18803418803419,Lose Weight
33,135,195,35.50295857988166,Lose Weight
33,140,195,36.81788297172913,Lose Weight
33,145,195,38.132807363576596,Lose Weight
34,40,150,17.77777777777778,Gain Weight
34,45,150,20.0,Maintain Weight
34,50,150,22.22222222222222,Maintain Weight
34,55,150,24.444444444444443,Maintain Weight
34,60,150,26.666666666666668,Lose Weight
34,65,150,28.88888888888889,Lose Weight
34,70,150,31.11111111111111,Lose Weight
34,75,150,33.333333333333336,Lose Weight
34,80,150,35.55555555555556,Lose Weight
34,85,150,37.77777777777778,Lose Weight
34,90,150,40.0,Lose Weight
34,95,150,42.22222222222222,Lose Weight
34,100,150,44.44444444444444,Lose Weight
34,105,150,46.666666666666664,Lose Weight
34,110,150,48.888888888888886,Lose Weight
34,115,150,51.111111111111114,Lose Weight
34,120,150,53.333333333333336,Lose Weight
34,125,150,55.55555555555556,Lose Weight
34,130,150,57.77777777777778,Lose Weight
34,135,150,60.0,Lose Weight
34,140,150,62.22222222222222,Lose Weight
34,145,150,64.44444444444444,Lose Weight
34,40,155,16.649323621227886,Gain Weight
34,45,155,18.730489073881373,Maintain Weight
34,50,155,20.811654526534856,Maintain Weight
34,55,155,22.892819979188342,Maintain Weight
34,60,155,24.97398543184183,Lose Weight
34,65,155,27.055150884495315,Lose Weight
34,70,155,29.1363163371488,Lose Weight
34,75,155,31.217481789802285,Lose Weight
34,80,155,33.29864724245577,Lose Weight
34,85,155,35.37981269510926,Lose Weight
34,90,155,37.460978147762745,Lose Weight
34,95,155,39.54214360041623,Lose Weight
34,100,155,41.62330905306971,Lose Weight
34,105,155,43.7044745057232,Lose Weight
34,110,155,45.785639958376684,Lose Weight
34,115,155,47.86680541103017,Lose Weight
34,120,155,49.94797086368366,Lose Weight
34,125,155,52.029136316337144,Lose Weight
34,130,155,54.11030176899063,Lose Weight
34,135,155,56.19146722164411,Lose Weight
34,140,155,58.2726326742976,Lose Weight
34,145,155,60.353798126951084,Lose Weight
34,40,160,15.624999999999996,Gain Weight
34,45,160,17.578124999999996,Gain Weight
34,50,160,19.531249999999996,Maintain Weight
34,55,160,21.484374999999996,Maintain Weight
34,60,160,23.437499999999996,Maintain Weight
34,65,160,25.390624999999996,Lose Weight
34,70,160,27.343749999999996,Lose Weight
34,75,160,29.296874999999993,Lose Weight
34,80,160,31.249999999999993,Lose Weight
34,85,160,33.20312499999999,Lose Weight
34,90,160,35.15624999999999,Lose Weight
34,95,160,37.10937499999999,Lose Weight
34,100,160,39.06249999999999,Lose Weight
34,105,160,41.01562499999999,Lose Weight
34,110,160,42.96874999999999,Lose Weight
34,115,160,44.92187499999999,Lose Weight
34,120,160,46.87499999999999,Lose Weight
34,125,160,48.82812499999999,Lose Weight
34,130,160,50.78124999999999,Lose Weight
34,135,160,52.73437499999999,Lose Weight
34,140,160,54.68749999999999,Lose Weight
34,145,160,56.640624999999986,Lose Weight
34,40,165,14.692378328741967,Gain Weight
34,45,165,16.528925619834713,Gain Weight
34,50,165,18.36547291092746,Gain Weight
34,55,165,20.202020202020204,Maintain Weight
34,60,165,22.03856749311295,Maintain Weight
34,65,165,23.875114784205696,Maintain Weight
34,70,165,25.71166207529844,Lose Weight
34,75,165,27.548209366391188,Lose Weight
34,80,165,29.384756657483933,Lose Weight
34,85,165,31.22130394857668,Lose Weight
34,90,165,33.057851239669425,Lose Weight
34,95,165,34.894398530762174,Lose Weight
34,100,165,36.73094582185492,Lose Weight
34,105,165,38.567493112947666,Lose Weight
34,110,165,40.40404040404041,Lose Weight
34,115,165,42.24058769513316,Lose Weight
34,120,165,44.0771349862259,Lose Weight
34,125,165,45.91368227731865,Lose Weight
34,130,165,47.75022956841139,Lose Weight
34,135,165,49.58677685950414,Lose Weight
34,140,165,51.42332415059688,Lose Weight
34,145,165,53.25987144168963,Lose Weight
34,40,170,13.84083044982699,Gain Weight
34,45,170,15.570934256055365,Gain Weight
34,50,170,17.301038062283737,Gain Weight
34,55,170,19.031141868512112,Maintain Weight
34,60,170,20.761245674740486,Maintain Weight
34,65,170,22.49134948096886,Maintain Weight
34,70,170,24.221453287197235,Maintain Weight
34,75,170,25.95155709342561,Lose Weight
34,80,170,27.68166089965398,Lose Weight
34,85,170,29.411764705882355,Lose Weight
34,90,170,31.14186851211073,Lose Weight
34,95,170,32.871972318339104,Lose Weight
34,100,170,34.602076124567475,Lose Weight
34,105,170,36.33217993079585,Lose Weight
34,110,170,38.062283737024224,Lose Weight
34,115,170,39.7923875432526,Lose Weight
34,120,170,41.52249134948097,Lose Weight
34,125,170,43.25259515570935,Lose Weight
34,130,170,44.98269896193772,Lose Weight
34,135,170,46.71280276816609,Lose Weight
34,140,170,48.44290657439447,Lose Weight
34,145,170,50.17301038062284,Lose Weight
34,40,175,13.061224489795919,Gain Weight
34,45,175,14.693877551020408,Gain Weight
34,50,175,16.3265306122449,Gain Weight
34,55,175,17.959183673469386,Gain Weight
34,60,175,19.591836734693878,Maintain Weight
34,65,175,21.224489795918366,Maintain Weight
34,70,175,22.857142857142858,Maintain Weight
34,75,175,24.489795918367346,Maintain Weight
34,80,175,26.122448979591837,Lose Weight
34,85,175,27.755102040816325,Lose Weight
34,90,175,29.387755102040817,Lose Weight
34,95,175,31.020408163265305,Lose Weight
34,100,175,32.6530612244898,Lose Weight
34,105,175,34.285714285714285,Lose Weight
34,110,175,35.91836734693877,Lose Weight
34,115,175,37.55102040816327,Lose Weight
34,120,175,39.183673469387756,Lose Weight
34,125,175,40.816326530612244,Lose Weight
34,130,175,42.44897959183673,Lose Weight
34,135,175,44.08163265306123,Lose Weight
34,140,175,45.714285714285715,Lose Weight
34,145,175,47.3469387755102,Lose Weight
34,40,180,12.345679012345679,Gain Weight
34,45,180,13.888888888888888,Gain Weight
34,50,180,15.432098765432098,Gain Weight
34,55,180,16.975308641975307,Gain Weight
34,60,180,18.51851851851852,Maintain Weight
34,65,180,20.061728395061728,Maintain Weight
34,70,180,21.604938271604937,Maintain Weight
34,75,180,23.148148148148145,Maintain Weight
34,80,180,24.691358024691358,Maintain Weight
34,85,180,26.234567901234566,Lose Weight
34,90,180,27.777777777777775,Lose Weight
34,95,180,29.320987654320987,Lose Weight
34,100,180,30.864197530864196,Lose Weight
34,105,180,32.407407407407405,Lose Weight
34,110,180,33.95061728395061,Lose Weight
34,115,180,35.49382716049382,Lose Weight
34,120,180,37.03703703703704,Lose Weight
34,125,180,38.58024691358025,Lose Weight
34,130,180,40.123456790123456,Lose Weight
34,135,180,41.666666666666664,Lose Weight
34,140,180,43.20987654320987,Lose Weight
34,145,180,44.75308641975308,Lose Weight
34,40,185,11.68736303871439,Gain Weight
34,45,185,13.148283418553687,Gain Weight
34,50,185,14.609203798392986,Gain Weight
34,55,185,16.070124178232284,Gain Weight
34,60,185,17.531044558071585,Gain Weight
34,65,185,18.991964937910883,Maintain Weight
34,70,185,20.45288531775018,Maintain Weight
34,75,185,21.913805697589478,Maintain Weight
34,80,185,23.37472607742878,Maintain Weight
34,85,185,24.835646457268076,Maintain Weight
34,90,185,26.296566837107374,Lose Weight
34,95,185,27.757487216946675,Lose Weight
34,100,185,29.218407596785973,Lose Weight
34,105,185,30.67932797662527,Lose Weight
34,110,185,32.14024835646457,Lose Weight
34,115,185,33.60116873630387,Lose Weight
34,120,185,35.06208911614317,Lose Weight
34,125,185,36.523009495982464,Lose Weight
34,130,185,37.983929875821765,Lose Weight
34,135,185,39.444850255661066,Lose Weight
34,140,185,40.90577063550036,Lose Weight
34,145,185,42.36669101533966,Lose Weight
34,40,190,11.0803324099723,Gain Weight
34,45,190,12.465373961218837,Gain Weight
34,50,190,13.850415512465375,Gain Weight
34,55,190,15.235457063711912,Gain Weight
34,60,190,16.62049861495845,Gain Weight
34,65,190,18.005540166204987,Gain Weight
34,70,190,19.390581717451525,Maintain Weight
34,75,190,20.775623268698062,Maintain Weight
34,80,190,22.1606648199446,Maintain Weight
34,85,190,23.545706371191137,Maintain Weight
34,90,190,24.930747922437675,Lose Weight
34,95,190,26.315789473684212,Lose Weight
34,100,190,27.70083102493075,Lose Weight
34,105,190,29.085872576177287,Lose Weight
34,110,190,30.470914127423825,Lose Weight
34,115,190,31.855955678670362,Lose Weight
34,120,190,33.2409972299169,Lose Weight
34,125,190,34.62603878116344,Lose Weight
34,130,190,36.011080332409975,Lose Weight
34,135,190,37.39612188365651,Lose Weight
34,140,190,38.78116343490305,Lose Weight
34,145,190,40.16620498614959,Lose Weight
34,40,195,10.519395134779751,Gain Weight
34,45,195,11.834319526627219,Gain Weight
34,50,195,13.149243918474689,Gain Weight
34,55,195,14.464168310322158,Gain Weight
34,60,195,15.779092702169626,Gain Weight
34,65,195,17.094017094017094,Gain Weight
34,70,195,18.408941485864563,Gain Weight
34,75,195,19.723865877712033,Maintain Weight
34,80,195,21.038790269559502,Maintain Weight
34,85,195,22.353714661406972,Maintain Weight
34,90,195,23.668639053254438,Maintain Weight
34,95,195,24.983563445101908,Lose Weight
34,100,195,26.298487836949377,Lose Weight
34,105,195,27.613412228796847,Lose Weight
34,110,195,28.928336620644316,Lose Weight
34,115,195,30.243261012491782,Lose Weight
34,120,195,31.558185404339252,Lose Weight
34,125,195,32.87310979618672,Lose Weight
34,130,195,34.18803418803419,Lose Weight
34,135,195,35.50295857988166,Lose Weight
34,140,195,36.81788297172913,Lose Weight
34,145,195,38.132807363576596,Lose Weight
35,40,150,17.77777777777778,Gain Weight
35,45,150,20.0,Maintain Weight
35,50,150,22.22222222222222,Maintain Weight
35,55,150,24.444444444444443,Maintain Weight
35,60,150,26.666666666666668,Lose Weight
35,65,150,28.88888888888889,Lose Weight
35,70,150,31.11111111111111,Lose Weight
35,75,150,33.333333333333336,Lose Weight
35,80,150,35.55555555555556,Lose Weight
35,85,150,37.77777777777778,Lose Weight
35,90,150,40.0,Lose Weight
35,95,150,42.22222222222222,Lose Weight
35,100,150,44.44444444444444,Lose Weight
35,105,150,46.666666666666664,Lose Weight
35,110,150,48.888888888888886,Lose Weight
35,115,150,51.111111111111114,Lose Weight
35,120,150,53.333333333333336,Lose Weight
35,125,150,55.55555555555556,Lose Weight
35,130,150,57.77777777777778,Lose Weight
35,135,150,60.0,Lose Weight
35,140,150,62.22222222222222,Lose Weight
35,145,150,64.44444444444444,Lose Weight
35,40,155,16.649323621227886,Gain Weight
35,45,155,18.730489073881373,Maintain Weight
35,50,155,20.811654526534856,Maintain Weight
35,55,155,22.892819979188342,Maintain Weight
35,60,155,24.97398543184183,Lose Weight
35,65,155,27.055150884495315,Lose Weight
35,70,155,29.1363163371488,Lose Weight
35,75,155,31.217481789802285,Lose Weight
35,80,155,33.29864724245577,Lose Weight
35,85,155,35.37981269510926,Lose Weight
35,90,155,37.460978147762745,Lose Weight
35,95,155,39.54214360041623,Lose Weight
35,100,155,41.62330905306971,Lose Weight
35,105,155,43.7044745057232,Lose Weight
35,110,155,45.785639958376684,Lose Weight
35,115,155,47.86680541103017,Lose Weight
35,120,155,49.94797086368366,Lose Weight
35,125,155,52.029136316337144,Lose Weight
35,130,155,54.11030176899063,Lose Weight
35,135,155,56.19146722164411,Lose Weight
35,140,155,58.2726326742976,Lose Weight
35,145,155,60.353798126951084,Lose Weight
35,40,160,15.624999999999996,Gain Weight
35,45,160,17.578124999999996,Gain Weight
35,50,160,19.531249999999996,Maintain Weight
35,55,160,21.484374999999996,Maintain Weight
35,60,160,23.437499999999996,Maintain Weight
35,65,160,25.390624999999996,Lose Weight
35,70,160,27.343749999999996,Lose Weight
35,75,160,29.296874999999993,Lose Weight
35,80,160,31.249999999999993,Lose Weight
35,85,160,33.20312499999999,Lose Weight
35,90,160,35.15624999999999,Lose Weight
35,95,160,37.10937499999999,Lose Weight
35,100,160,39.06249999999999,Lose Weight
35,105,160,41.01562499999999,Lose Weight
35,110,160,42.96874999999999,Lose Weight
35,115,160,44.92187499999999,Lose Weight
35,120,160,46.87499999999999,Lose Weight
35,125,160,48.82812499999999,Lose Weight
35,130,160,50.78124999999999,Lose Weight
35,135,160,52.73437499999999,Lose Weight
35,140,160,54.68749999999999,Lose Weight
35,145,160,56.640624999999986,Lose Weight
35,40,165,14.692378328741967,Gain Weight
35,45,165,16.528925619834713,Gain Weight
35,50,165,18.36547291092746,Gain Weight
35,55,165,20.202020202020204,Maintain Weight
35,60,165,22.03856749311295,Maintain Weight
35,65,165,23.875114784205696,Maintain Weight
35,70,165,25.71166207529844,Lose Weight
35,75,165,27.548209366391188,Lose Weight
35,80,165,29.384756657483933,Lose Weight
35,85,165,31.22130394857668,Lose Weight
35,90,165,33.057851239669425,Lose Weight
35,95,165,34.894398530762174,Lose Weight
35,100,165,36.73094582185492,Lose Weight
35,105,165,38.567493112947666,Lose Weight
35,110,165,40.40404040404041,Lose Weight
35,115,165,42.24058769513316,Lose Weight
35,120,165,44.0771349862259,Lose Weight
35,125,165,45.91368227731865,Lose Weight
35,130,165,47.75022956841139,Lose Weight
35,135,165,49.58677685950414,Lose Weight
35,140,165,51.42332415059688,Lose Weight
35,145,165,53.25987144168963,Lose Weight
35,40,170,13.84083044982699,Gain Weight
35,45,170,15.570934256055365,Gain Weight
35,50,170,17.301038062283737,Gain Weight
35,55,170,19.031141868512112,Maintain Weight
35,60,170,20.761245674740486,Maintain Weight
35,65,170,22.49134948096886,Maintain Weight
35,70,170,24.221453287197235,Maintain Weight
35,75,170,25.95155709342561,Lose Weight
35,80,170,27.68166089965398,Lose Weight
35,85,170,29.411764705882355,Lose Weight
35,90,170,31.14186851211073,Lose Weight
35,95,170,32.871972318339104,Lose Weight
35,100,170,34.602076124567475,Lose Weight
35,105,170,36.33217993079585,Lose Weight
35,110,170,38.062283737024224,Lose Weight
35,115,170,39.7923875432526,Lose Weight
35,120,170,41.52249134948097,Lose Weight
35,125,170,43.25259515570935,Lose Weight
35,130,170,44.98269896193772,Lose Weight
35,135,170,46.71280276816609,Lose Weight
35,140,170,48.44290657439447,Lose Weight
35,145,170,50.17301038062284,Lose Weight
35,40,175,13.061224489795919,Gain Weight
35,45,175,14.693877551020408,Gain Weight
35,50,175,16.3265306122449,Gain Weight
35,55,175,17.959183673469386,Gain Weight
35,60,175,19.591836734693878,Maintain Weight
35,65,175,21.224489795918366,Maintain Weight
35,70,175,22.857142857142858,Maintain Weight
35,75,175,24.489795918367346,Maintain Weight
35,80,175,26.122448979591837,Lose Weight
35,85,175,27.755102040816325,Lose Weight
35,90,175,29.387755102040817,Lose Weight
35,95,175,31.020408163265305,Lose Weight
35,100,175,32.6530612244898,Lose Weight
35,105,175,34.285714285714285,Lose Weight
35,110,175,35.91836734693877,Lose Weight
35,115,175,37.55102040816327,Lose Weight
35,120,175,39.183673469387756,Lose Weight
35,125,175,40.816326530612244,Lose Weight
35,130,175,42.44897959183673,Lose Weight
35,135,175,44.08163265306123,Lose Weight
35,140,175,45.714285714285715,Lose Weight
35,145,175,47.3469387755102,Lose Weight
35,40,180,12.345679012345679,Gain Weight
35,45,180,13.888888888888888,Gain Weight
35,50,180,15.432098765432098,Gain Weight
35,55,180,16.975308641975307,Gain Weight
35,60,180,18.51851851851852,Maintain Weight
35,65,180,20.061728395061728,Maintain Weight
35,70,180,21.604938271604937,Maintain Weight
35,75,180,23.148148148148145,Maintain Weight
35,80,180,24.691358024691358,Maintain Weight
35,85,180,26.234567901234566,Lose Weight
35,90,180,27.777777777777775,Lose Weight
35,95,180,29.320987654320987,Lose Weight
35,100,180,30.864197530864196,Lose Weight
35,105,180,32.407407407407405,Lose Weight
35,110,180,33.95061728395061,Lose Weight
35,115,180,35.49382716049382,Lose Weight
35,120,180,37.03703703703704,Lose Weight
35,125,180,38.58024691358025,Lose Weight
35,130,180,40.123456790123456,Lose Weight
35,135,180,41.666666666666664,Lose Weight
35,140,180,43.20987654320987,Lose Weight
35,145,180,44.75308641975308,Lose Weight
35,40,185,11.68736303871439,Gain Weight
35,45,185,13.148283418553687,Gain Weight
35,50,185,14.609203798392986,Gain Weight
35,55,185,16.070124178232284,Gain Weight
35,60,185,17.531044558071585,Gain Weight
35,65,185,18.991964937910883,Maintain Weight
35,70,185,20.45288531775018,Maintain Weight
35,75,185,21.913805697589478,Maintain Weight
35,80,185,23.37472607742878,Maintain Weight
35,85,185,24.835646457268076,Maintain Weight
35,90,185,26.296566837107374,Lose Weight
35,95,185,27.757487216946675,Lose Weight
35,100,185,29.218407596785973,Lose Weight
35,105,185,30.67932797662527,Lose Weight
35,110,185,32.14024835646457,Lose Weight
35,115,185,33.60116873630387,Lose Weight
35,120,185,35.06208911614317,Lose Weight
35,125,185,36.523009495982464,Lose Weight
35,130,185,37.983929875821765,Lose Weight
35,135,185,39.444850255661066,Lose Weight
35,140,185,40.90577063550036,Lose Weight
35,145,185,42.36669101533966,Lose Weight
35,40,190,11.0803324099723,Gain Weight
35,45,190,12.465373961218837,Gain Weight
35,50,190,13.850415512465375,Gain Weight
35,55,190,15.235457063711912,Gain Weight
35,60,190,16.62049861495845,Gain Weight
35,65,190,18.005540166204987,Gain Weight
35,70,190,19.390581717451525,Maintain Weight
35,75,190,20.775623268698062,Maintain Weight
35,80,190,22.1606648199446,Maintain Weight
35,85,190,23.545706371191137,Maintain Weight
35,90,190,24.930747922437675,Lose Weight
35,95,190,26.315789473684212,Lose Weight
35,100,190,27.70083102493075,Lose Weight
35,105,190,29.085872576177287,Lose Weight
35,110,190,30.470914127423825,Lose Weight
35,115,190,31.855955678670362,Lose Weight
35,120,190,33.2409972299169,Lose Weight
35,125,190,34.62603878116344,Lose Weight
35,130,190,36.011080332409975,Lose Weight
35,135,190,37.39612188365651,Lose Weight
35,140,190,38.78116343490305,Lose Weight
35,145,190,40.16620498614959,Lose Weight
35,40,195,10.519395134779751,Gain Weight
35,45,195,11.834319526627219,Gain Weight
35,50,195,13.149243918474689,Gain Weight
35,55,195,14.464168310322158,Gain Weight
35,60,195,15.779092702169626,Gain Weight
35,65,195,17.094017094017094,Gain Weight
35,70,195,18.408941485864563,Gain Weight
35,75,195,19.723865877712033,Maintain Weight
35,80,195,21.038790269559502,Maintain Weight
35,85,195,22.353714661406972,Maintain Weight
35,90,195,23.668639053254438,Maintain Weight
35,95,195,24.983563445101908,Lose Weight
35,100,195,26.298487836949377,Lose Weight
35,105,195,27.613412228796847,Lose Weight
35,110,195,28.928336620644316,Lose Weight
35,115,195,30.243261012491782,Lose Weight
35,120,195,31.558185404339252,Lose Weight
35,125,195,32.87310979618672,Lose Weight
35,130,195,34.18803418803419,Lose Weight
35,135,195,35.50295857988166,Lose Weight
35,140,195,36.81788297172913,Lose Weight
35,145,195,38.132807363576596,Lose Weight
36,40,150,17.77777777777778,Gain Weight
36,45,150,20.0,Maintain Weight
36,50,150,22.22222222222222,Maintain Weight
36,55,150,24.444444444444443,Maintain Weight
36,60,150,26.666666666666668,Lose Weight
36,65,150,28.88888888888889,Lose Weight
36,70,150,31.11111111111111,Lose Weight
36,75,150,33.333333333333336,Lose Weight
36,80,150,35.55555555555556,Lose Weight
36,85,150,37.77777777777778,Lose Weight
36,90,150,40.0,Lose Weight
36,95,150,42.22222222222222,Lose Weight
36,100,150,44.44444444444444,Lose Weight
36,105,150,46.666666666666664,Lose Weight
36,110,150,48.888888888888886,Lose Weight
36,115,150,51.111111111111114,Lose Weight
36,120,150,53.333333333333336,Lose Weight
36,125,150,55.55555555555556,Lose Weight
36,130,150,57.77777777777778,Lose Weight
36,135,150,60.0,Lose Weight
36,140,150,62.22222222222222,Lose Weight
36,145,150,64.44444444444444,Lose Weight
36,40,155,16.649323621227886,Gain Weight
36,45,155,18.730489073881373,Maintain Weight
36,50,155,20.811654526534856,Maintain Weight
36,55,155,22.892819979188342,Maintain Weight
36,60,155,24.97398543184183,Lose Weight
36,65,155,27.055150884495315,Lose Weight
36,70,155,29.1363163371488,Lose Weight
36,75,155,31.217481789802285,Lose Weight
36,80,155,33.29864724245577,Lose Weight
36,85,155,35.37981269510926,Lose Weight
36,90,155,37.460978147762745,Lose Weight
36,95,155,39.54214360041623,Lose Weight
36,100,155,41.62330905306971,Lose Weight
36,105,155,43.7044745057232,Lose Weight
36,110,155,45.785639958376684,Lose Weight
36,115,155,47.86680541103017,Lose Weight
36,120,155,49.94797086368366,Lose Weight
36,125,155,52.029136316337144,Lose Weight
36,130,155,54.11030176899063,Lose Weight
36,135,155,56.19146722164411,Lose Weight
36,140,155,58.2726326742976,Lose Weight
36,145,155,60.353798126951084,Lose Weight
36,40,160,15.624999999999996,Gain Weight
36,45,160,17.578124999999996,Gain Weight
36,50,160,19.531249999999996,Maintain Weight
36,55,160,21.484374999999996,Maintain Weight
36,60,160,23.437499999999996,Maintain Weight
36,65,160,25.390624999999996,Lose Weight
36,70,160,27.343749999999996,Lose Weight
36,75,160,29.296874999999993,Lose Weight
36,80,160,31.249999999999993,Lose Weight
36,85,160,33.20312499999999,Lose Weight
36,90,160,35.15624999999999,Lose Weight
36,95,160,37.10937499999999,Lose Weight
36,100,160,39.06249999999999,Lose Weight
36,105,160,41.01562499999999,Lose Weight
36,110,160,42.96874999999999,Lose Weight
36,115,160,44.92187499999999,Lose Weight
36,120,160,46.87499999999999,Lose Weight
36,125,160,48.82812499999999,Lose Weight
36,130,160,50.78124999999999,Lose Weight
36,135,160,52.73437499999999,Lose Weight
36,140,160,54.68749999999999,Lose Weight
36,145,160,56.640624999999986,Lose Weight
36,40,165,14.692378328741967,Gain Weight
36,45,165,16.528925619834713,Gain Weight
36,50,165,18.36547291092746,Gain Weight
36,55,165,20.202020202020204,Maintain Weight
36,60,165,22.03856749311295,Maintain Weight
36,65,165,23.875114784205696,Maintain Weight
36,70,165,25.71166207529844,Lose Weight
36,75,165,27.548209366391188,Lose Weight
36,80,165,29.384756657483933,Lose Weight
36,85,165,31.22130394857668,Lose Weight
36,90,165,33.057851239669425,Lose Weight
36,95,165,34.894398530762174,Lose Weight
36,100,165,36.73094582185492,Lose Weight
36,105,165,38.567493112947666,Lose Weight
36,110,165,40.40404040404041,Lose Weight
36,115,165,42.24058769513316,Lose Weight
36,120,165,44.0771349862259,Lose Weight
36,125,165,45.91368227731865,Lose Weight
36,130,165,47.75022956841139,Lose Weight
36,135,165,49.58677685950414,Lose Weight
36,140,165,51.42332415059688,Lose Weight
36,145,165,53.25987144168963,Lose Weight
36,40,170,13.84083044982699,Gain Weight
36,45,170,15.570934256055365,Gain Weight
36,50,170,17.301038062283737,Gain Weight
36,55,170,19.031141868512112,Maintain Weight
36,60,170,20.761245674740486,Maintain Weight
36,65,170,22.49134948096886,Maintain Weight
36,70,170,24.221453287197235,Maintain Weight
36,75,170,25.95155709342561,Lose Weight
36,80,170,27.68166089965398,Lose Weight
36,85,170,29.411764705882355,Lose Weight
36,90,170,31.14186851211073,Lose Weight
36,95,170,32.871972318339104,Lose Weight
36,100,170,34.602076124567475,Lose Weight
36,105,170,36.33217993079585,Lose Weight
36,110,170,38.062283737024224,Lose Weight
36,115,170,39.7923875432526,Lose Weight
36,120,170,41.52249134948097,Lose Weight
36,125,170,43.25259515570935,Lose Weight
36,130,170,44.98269896193772,Lose Weight
36,135,170,46.71280276816609,Lose Weight
36,140,170,48.44290657439447,Lose Weight
36,145,170,50.17301038062284,Lose Weight
36,40,175,13.061224489795919,Gain Weight
36,45,175,14.693877551020408,Gain Weight
36,50,175,16.3265306122449,Gain Weight
36,55,175,17.959183673469386,Gain Weight
36,60,175,19.591836734693878,Maintain Weight
36,65,175,21.224489795918366,Maintain Weight
36,70,175,22.857142857142858,Maintain Weight
36,75,175,24.489795918367346,Maintain Weight
36,80,175,26.122448979591837,Lose Weight
36,85,175,27.755102040816325,Lose Weight
36,90,175,29.387755102040817,Lose Weight
36,95,175,31.020408163265305,Lose Weight
36,100,175,32.6530612244898,Lose Weight
36,105,175,34.285714285714285,Lose Weight
36,110,175,35.91836734693877,Lose Weight
36,115,175,37.55102040816327,Lose Weight
36,120,175,39.183673469387756,Lose Weight
36,125,175,40.816326530612244,Lose Weight
36,130,175,42.44897959183673,Lose Weight
36,135,175,44.08163265306123,Lose Weight
36,140,175,45.714285714285715,Lose Weight
36,145,175,47.3469387755102,Lose Weight
36,40,180,12.345679012345679,Gain Weight
36,45,180,13.888888888888888,Gain Weight
36,50,180,15.432098765432098,Gain Weight
36,55,180,16.975308641975307,Gain Weight
36,60,180,18.51851851851852,Maintain Weight
36,65,180,20.061728395061728,Maintain Weight
36,70,180,21.604938271604937,Maintain Weight
36,75,180,23.148148148148145,Maintain Weight
36,80,180,24.691358024691358,Maintain Weight
36,85,180,26.234567901234566,Lose Weight
36,90,180,27.777777777777775,Lose Weight
36,95,180,29.320987654320987,Lose Weight
36,100,180,30.864197530864196,Lose Weight
36,105,180,32.407407407407405,Lose Weight
36,110,180,33.95061728395061,Lose Weight
36,115,180,35.49382716049382,Lose Weight
36,120,180,37.03703703703704,Lose Weight
36,125,180,38.58024691358025,Lose Weight
36,130,180,40.123456790123456,Lose Weight
36,135,180,41.666666666666664,Lose Weight
36,140,180,43.20987654320987,Lose Weight
36,145,180,44.75308641975308,Lose Weight
36,40,185,11.68736303871439,Gain Weight
36,45,185,13.148283418553687,Gain Weight
36,50,185,14.609203798392986,Gain Weight
36,55,185,16.070124178232284,Gain Weight
36,60,185,17.531044558071585,Gain Weight
36,65,185,18.991964937910883,Maintain Weight
36,70,185,20.45288531775018,Maintain Weight
36,75,185,21.913805697589478,Maintain Weight
36,80,185,23.37472607742878,Maintain Weight
36,85,185,24.835646457268076,Maintain Weight
36,90,185,26.296566837107374,Lose Weight
36,95,185,27.757487216946675,Lose Weight
36,100,185,29.218407596785973,Lose Weight
36,105,185,30.67932797662527,Lose Weight
36,110,185,32.14024835646457,Lose Weight
36,115,185,33.60116873630387,Lose Weight
36,120,185,35.06208911614317,Lose Weight
36,125,185,36.523009495982464,Lose Weight
36,130,185,37.983929875821765,Lose Weight
36,135,185,39.444850255661066,Lose Weight
36,140,185,40.90577063550036,Lose Weight
36,145,185,42.36669101533966,Lose Weight
36,40,190,11.0803324099723,Gain Weight
36,45,190,12.465373961218837,Gain Weight
36,50,190,13.850415512465375,Gain Weight
36,55,190,15.235457063711912,Gain Weight
36,60,190,16.62049861495845,Gain Weight
36,65,190,18.005540166204987,Gain Weight
36,70,190,19.390581717451525,Maintain Weight
36,75,190,20.775623268698062,Maintain Weight
36,80,190,22.1606648199446,Maintain Weight
36,85,190,23.545706371191137,Maintain Weight
36,90,190,24.930747922437675,Lose Weight
36,95,190,26.315789473684212,Lose Weight
36,100,190,27.70083102493075,Lose Weight
36,105,190,29.085872576177287,Lose Weight
36,110,190,30.470914127423825,Lose Weight
36,115,190,31.855955678670362,Lose Weight
36,120,190,33.2409972299169,Lose Weight
36,125,190,34.62603878116344,Lose Weight
36,130,190,36.011080332409975,Lose Weight
36,135,190,37.39612188365651,Lose Weight
36,140,190,38.78116343490305,Lose Weight
36,145,190,40.16620498614959,Lose Weight
36,40,195,10.519395134779751,Gain Weight
36,45,195,11.834319526627219,Gain Weight
36,50,195,13.149243918474689,Gain Weight
36,55,195,14.464168310322158,Gain Weight
36,60,195,15.779092702169626,Gain Weight
36,65,195,17.094017094017094,Gain Weight
36,70,195,18.408941485864563,Gain Weight
36,75,195,19.723865877712033,Maintain Weight
36,80,195,21.038790269559502,Maintain Weight
36,85,195,22.353714661406972,Maintain Weight
36,90,195,23.668639053254438,Maintain Weight
36,95,195,24.983563445101908,Lose Weight
36,100,195,26.298487836949377,Lose Weight
36,105,195,27.613412228796847,Lose Weight
36,110,195,28.928336620644316,Lose Weight
36,115,195,30.243261012491782,Lose Weight
36,120,195,31.558185404339252,Lose Weight
36,125,195,32.87310979618672,Lose Weight
36,130,195,34.18803418803419,Lose Weight
36,135,195,35.50295857988166,Lose Weight
36,140,195,36.81788297172913,Lose Weight
36,145,195,38.132807363576596,Lose Weight
37,40,150,17.77777777777778,Gain Weight
37,45,150,20.0,Maintain Weight
37,50,150,22.22222222222222,Maintain Weight
37,55,150,24.444444444444443,Maintain Weight
37,60,150,26.666666666666668,Lose Weight
37,65,150,28.88888888888889,Lose Weight
37,70,150,31.11111111111111,Lose Weight
37,75,150,33.333333333333336,Lose Weight
37,80,150,35.55555555555556,Lose Weight
37,85,150,37.77777777777778,Lose Weight
37,90,150,40.0,Lose Weight
37,95,150,42.22222222222222,Lose Weight
37,100,150,44.44444444444444,Lose Weight
37,105,150,46.666666666666664,Lose Weight
37,110,150,48.888888888888886,Lose Weight
37,115,150,51.111111111111114,Lose Weight
37,120,150,53.333333333333336,Lose Weight
37,125,150,55.55555555555556,Lose Weight
37,130,150,57.77777777777778,Lose Weight
37,135,150,60.0,Lose Weight
37,140,150,62.22222222222222,Lose Weight
37,145,150,64.44444444444444,Lose Weight
37,40,155,16.649323621227886,Gain Weight
37,45,155,18.730489073881373,Maintain Weight
37,50,155,20.811654526534856,Maintain Weight
37,55,155,22.892819979188342,Maintain Weight
37,60,155,24.97398543184183,Lose Weight
37,65,155,27.055150884495315,Lose Weight
37,70,155,29.1363163371488,Lose Weight
37,75,155,31.217481789802285,Lose Weight
37,80,155,33.29864724245577,Lose Weight
37,85,155,35.37981269510926,Lose Weight
37,90,155,37.460978147762745,Lose Weight
37,95,155,39.54214360041623,Lose Weight
37,100,155,41.62330905306971,Lose Weight
37,105,155,43.7044745057232,Lose Weight
37,110,155,45.785639958376684,Lose Weight
37,115,155,47.86680541103017,Lose Weight
37,120,155,49.94797086368366,Lose Weight
37,125,155,52.029136316337144,Lose Weight
37,130,155,54.11030176899063,Lose Weight
37,135,155,56.19146722164411,Lose Weight
37,140,155,58.2726326742976,Lose Weight
37,145,155,60.353798126951084,Lose Weight
37,40,160,15.624999999999996,Gain Weight
37,45,160,17.578124999999996,Gain Weight
37,50,160,19.531249999999996,Maintain Weight
37,55,160,21.484374999999996,Maintain Weight
37,60,160,23.437499999999996,Maintain Weight
37,65,160,25.390624999999996,Lose Weight
37,70,160,27.343749999999996,Lose Weight
37,75,160,29.296874999999993,Lose Weight
37,80,160,31.249999999999993,Lose Weight
37,85,160,33.20312499999999,Lose Weight
37,90,160,35.15624999999999,Lose Weight
37,95,160,37.10937499999999,Lose Weight
37,100,160,39.06249999999999,Lose Weight
37,105,160,41.01562499999999,Lose Weight
37,110,160,42.96874999999999,Lose Weight
37,115,160,44.92187499999999,Lose Weight
37,120,160,46.87499999999999,Lose Weight
37,125,160,48.82812499999999,Lose Weight
37,130,160,50.78124999999999,Lose Weight
37,135,160,52.73437499999999,Lose Weight
37,140,160,54.68749999999999,Lose Weight
37,145,160,56.640624999999986,Lose Weight
37,40,165,14.692378328741967,Gain Weight
37,45,165,16.528925619834713,Gain Weight
37,50,165,18.36547291092746,Gain Weight
37,55,165,20.202020202020204,Maintain Weight
37,60,165,22.03856749311295,Maintain Weight
37,65,165,23.875114784205696,Maintain Weight
37,70,165,25.71166207529844,Lose Weight
37,75,165,27.548209366391188,Lose Weight
37,80,165,29.384756657483933,Lose Weight
37,85,165,31.22130394857668,Lose Weight
37,90,165,33.057851239669425,Lose Weight
37,95,165,34.894398530762174,Lose Weight
37,100,165,36.73094582185492,Lose Weight
37,105,165,38.567493112947666,Lose Weight
37,110,165,40.40404040404041,Lose Weight
37,115,165,42.24058769513316,Lose Weight
37,120,165,44.0771349862259,Lose Weight
37,125,165,45.91368227731865,Lose Weight
37,130,165,47.75022956841139,Lose Weight
37,135,165,49.58677685950414,Lose Weight
37,140,165,51.42332415059688,Lose Weight
37,145,165,53.25987144168963,Lose Weight
37,40,170,13.84083044982699,Gain Weight
37,45,170,15.570934256055365,Gain Weight
37,50,170,17.301038062283737,Gain Weight
37,55,170,19.031141868512112,Maintain Weight
37,60,170,20.761245674740486,Maintain Weight
37,65,170,22.49134948096886,Maintain Weight
37,70,170,24.221453287197235,Maintain Weight
37,75,170,25.95155709342561,Lose Weight
37,80,170,27.68166089965398,Lose Weight
37,85,170,29.411764705882355,Lose Weight
37,90,170,31.14186851211073,Lose Weight
37,95,170,32.871972318339104,Lose Weight
37,100,170,34.602076124567475,Lose Weight
37,105,170,36.33217993079585,Lose Weight
37,110,170,38.062283737024224,Lose Weight
37,115,170,39.7923875432526,Lose Weight
37,120,170,41.52249134948097,Lose Weight
37,125,170,43.25259515570935,Lose Weight
37,130,170,44.98269896193772,Lose Weight
37,135,170,46.71280276816609,Lose Weight
37,140,170,48.44290657439447,Lose Weight
37,145,170,50.17301038062284,Lose Weight
37,40,175,13.061224489795919,Gain Weight
37,45,175,14.693877551020408,Gain Weight
37,50,175,16.3265306122449,Gain Weight
37,55,175,17.959183673469386,Gain Weight
37,60,175,19.591836734693878,Maintain Weight
37,65,175,21.224489795918366,Maintain Weight
37,70,175,22.857142857142858,Maintain Weight
37,75,175,24.489795918367346,Maintain Weight
37,80,175,26.122448979591837,Lose Weight
37,85,175,27.755102040816325,Lose Weight
37,90,175,29.387755102040817,Lose Weight
37,95,175,31.020408163265305,Lose Weight
37,100,175,32.6530612244898,Lose Weight
37,105,175,34.285714285714285,Lose Weight
37,110,175,35.91836734693877,Lose Weight
37,115,175,37.55102040816327,Lose Weight
37,120,175,39.183673469387756,Lose Weight
37,125,175,40.816326530612244,Lose Weight
37,130,175,42.44897959183673,Lose Weight
37,135,175,44.08163265306123,Lose Weight
37,140,175,45.714285714285715,Lose Weight
37,145,175,47.3469387755102,Lose Weight
37,40,180,12.345679012345679,Gain Weight
37,45,180,13.888888888888888,Gain Weight
37,50,180,15.432098765432098,Gain Weight
37,55,180,16.975308641975307,Gain Weight
37,60,180,18.51851851851852,Maintain Weight
37,65,180,20.061728395061728,Maintain Weight
37,70,180,21.604938271604937,Maintain Weight
37,75,180,23.148148148148145,Maintain Weight
37,80,180,24.691358024691358,Maintain Weight
37,85,180,26.234567901234566,Lose Weight
37,90,180,27.777777777777775,Lose Weight
37,95,180,29.320987654320987,Lose Weight
37,100,180,30.864197530864196,Lose Weight
37,105,180,32.407407407407405,Lose Weight
37,110,180,33.95061728395061,Lose Weight
37,115,180,35.49382716049382,Lose Weight
37,120,180,37.03703703703704,Lose Weight
37,125,180,38.58024691358025,Lose Weight
37,130,180,40.123456790123456,Lose Weight
37,135,180,41.666666666666664,Lose Weight
37,140,180,43.20987654320987,Lose Weight
37,145,180,44.75308641975308,Lose Weight
37,40,185,11.68736303871439,Gain Weight
37,45,185,13.148283418553687,Gain Weight
37,50,185,14.609203798392986,Gain Weight
37,55,185,16.070124178232284,Gain Weight
37,60,185,17.531044558071585,Gain Weight
37,65,185,18.991964937910883,Maintain Weight
37,70,185,20.45288531775018,Maintain Weight
37,75,185,21.913805697589478,Maintain Weight
37,80,185,23.37472607742878,Maintain Weight
37,85,185,24.835646457268076,Maintain Weight
37,90,185,26.296566837107374,Lose Weight
37,95,185,27.757487216946675,Lose Weight
37,100,185,29.218407596785973,Lose Weight
37,105,185,30.67932797662527,Lose Weight
37,110,185,32.14024835646457,Lose Weight
37,115,185,33.60116873630387,Lose Weight
37,120,185,35.06208911614317,Lose Weight
37,125,185,36.523009495982464,Lose Weight
37,130,185,37.983929875821765,Lose Weight
37,135,185,39.444850255661066,Lose Weight
37,140,185,40.90577063550036,Lose Weight
37,145,185,42.36669101533966,Lose Weight
37,40,190,11.0803324099723,Gain Weight
37,45,190,12.465373961218837,Gain Weight
37,50,190,13.850415512465375,Gain Weight
37,55,190,15.235457063711912,Gain Weight
37,60,190,16.62049861495845,Gain Weight
37,65,190,18.005540166204987,Gain Weight
37,70,190,19.390581717451525,Maintain Weight
37,75,190,20.775623268698062,Maintain Weight
37,80,190,22.1606648199446,Maintain Weight
37,85,190,23.545706371191137,Maintain Weight
37,90,190,24.930747922437675,Lose Weight
37,95,190,26.315789473684212,Lose Weight
37,100,190,27.70083102493075,Lose Weight
37,105,190,29.085872576177287,Lose Weight
37,110,190,30.470914127423825,Lose Weight
37,115,190,31.855955678670362,Lose Weight
37,120,190,33.2409972299169,Lose Weight
37,125,190,34.62603878116344,Lose Weight
37,130,190,36.011080332409975,Lose Weight
37,135,190,37.39612188365651,Lose Weight
37,140,190,38.78116343490305,Lose Weight
37,145,190,40.16620498614959,Lose Weight
37,40,195,10.519395134779751,Gain Weight
37,45,195,11.834319526627219,Gain Weight
37,50,195,13.149243918474689,Gain Weight
37,55,195,14.464168310322158,Gain Weight
37,60,195,15.779092702169626,Gain Weight
37,65,195,17.094017094017094,Gain Weight
37,70,195,18.408941485864563,Gain Weight
37,75,195,19.723865877712033,Maintain Weight
37,80,195,21.038790269559502,Maintain Weight
37,85,195,22.353714661406972,Maintain Weight
37,90,195,23.668639053254438,Maintain Weight
37,95,195,24.983563445101908,Lose Weight
37,100,195,26.298487836949377,Lose Weight
37,105,195,27.613412228796847,Lose Weight
37,110,195,28.928336620644316,Lose Weight
37,115,195,30.243261012491782,Lose Weight
37,120,195,31.558185404339252,Lose Weight
37,125,195,32.87310979618672,Lose Weight
37,130,195,34.18803418803419,Lose Weight
37,135,195,35.50295857988166,Lose Weight
37,140,195,36.81788297172913,Lose Weight
37,145,195,38.132807363576596,Lose Weight
38,40,150,17.77777777777778,Gain Weight
38,45,150,20.0,Maintain Weight
38,50,150,22.22222222222222,Maintain Weight
38,55,150,24.444444444444443,Maintain Weight
38,60,150,26.666666666666668,Lose Weight
38,65,150,28.88888888888889,Lose Weight
38,70,150,31.11111111111111,Lose Weight
38,75,150,33.333333333333336,Lose Weight
38,80,150,35.55555555555556,Lose Weight
38,85,150,37.77777777777778,Lose Weight
38,90,150,40.0,Lose Weight
38,95,150,42.22222222222222,Lose Weight
38,100,150,44.44444444444444,Lose Weight
38,105,150,46.666666666666664,Lose Weight
38,110,150,48.888888888888886,Lose Weight
38,115,150,51.111111111111114,Lose Weight
38,120,150,53.333333333333336,Lose Weight
38,125,150,55.55555555555556,Lose Weight
38,130,150,57.77777777777778,Lose Weight
38,135,150,60.0,Lose Weight
38,140,150,62.22222222222222,Lose Weight
38,145,150,64.44444444444444,Lose Weight
38,40,155,16.649323621227886,Gain Weight
38,45,155,18.730489073881373,Maintain Weight
38,50,155,20.811654526534856,Maintain Weight
38,55,155,22.892819979188342,Maintain Weight
38,60,155,24.97398543184183,Lose Weight
38,65,155,27.055150884495315,Lose Weight
38,70,155,29.1363163371488,Lose Weight
38,75,155,31.217481789802285,Lose Weight
38,80,155,33.29864724245577,Lose Weight
38,85,155,35.37981269510926,Lose Weight
38,90,155,37.460978147762745,Lose Weight
38,95,155,39.54214360041623,Lose Weight
38,100,155,41.62330905306971,Lose Weight
38,105,155,43.7044745057232,Lose Weight
38,110,155,45.785639958376684,Lose Weight
38,115,155,47.86680541103017,Lose Weight
38,120,155,49.94797086368366,Lose Weight
38,125,155,52.029136316337144,Lose Weight
38,130,155,54.11030176899063,Lose Weight
38,135,155,56.19146722164411,Lose Weight
38,140,155,58.2726326742976,Lose Weight
38,145,155,60.353798126951084,Lose Weight
38,40,160,15.624999999999996,Gain Weight
38,45,160,17.578124999999996,Gain Weight
38,50,160,19.531249999999996,Maintain Weight
38,55,160,21.484374999999996,Maintain Weight
38,60,160,23.437499999999996,Maintain Weight
38,65,160,25.390624999999996,Lose Weight
38,70,160,27.343749999999996,Lose Weight
38,75,160,29.296874999999993,Lose Weight
38,80,160,31.249999999999993,Lose Weight
38,85,160,33.20312499999999,Lose Weight
38,90,160,35.15624999999999,Lose Weight
38,95,160,37.10937499999999,Lose Weight
38,100,160,39.06249999999999,Lose Weight
38,105,160,41.01562499999999,Lose Weight
38,110,160,42.96874999999999,Lose Weight
38,115,160,44.92187499999999,Lose Weight
38,120,160,46.87499999999999,Lose Weight
38,125,160,48.82812499999999,Lose Weight
38,130,160,50.78124999999999,Lose Weight
38,135,160,52.73437499999999,Lose Weight
38,140,160,54.68749999999999,Lose Weight
38,145,160,56.640624999999986,Lose Weight
38,40,165,14.692378328741967,Gain Weight
38,45,165,16.528925619834713,Gain Weight
38,50,165,18.36547291092746,Gain Weight
38,55,165,20.202020202020204,Maintain Weight
38,60,165,22.03856749311295,Maintain Weight
38,65,165,23.875114784205696,Maintain Weight
38,70,165,25.71166207529844,Lose Weight
38,75,165,27.548209366391188,Lose Weight
38,80,165,29.384756657483933,Lose Weight
38,85,165,31.22130394857668,Lose Weight
38,90,165,33.057851239669425,Lose Weight
38,95,165,34.894398530762174,Lose Weight
38,100,165,36.73094582185492,Lose Weight
38,105,165,38.567493112947666,Lose Weight
38,110,165,40.40404040404041,Lose Weight
38,115,165,42.24058769513316,Lose Weight
38,120,165,44.0771349862259,Lose Weight
38,125,165,45.91368227731865,Lose Weight
38,130,165,47.75022956841139,Lose Weight
38,135,165,49.58677685950414,Lose Weight
38,140,165,51.42332415059688,Lose Weight
38,145,165,53.25987144168963,Lose Weight
38,40,170,13.84083044982699,Gain Weight
38,45,170,15.570934256055365,Gain Weight
38,50,170,17.301038062283737,Gain Weight
38,55,170,19.031141868512112,Maintain Weight
38,60,170,20.761245674740486,Maintain Weight
38,65,170,22.49134948096886,Maintain Weight
38,70,170,24.221453287197235,Maintain Weight
38,75,170,25.95155709342561,Lose Weight
38,80,170,27.68166089965398,Lose Weight
38,85,170,29.411764705882355,Lose Weight
38,90,170,31.14186851211073,Lose Weight
38,95,170,32.871972318339104,Lose Weight
38,100,170,34.602076124567475,Lose Weight
38,105,170,36.33217993079585,Lose Weight
38,110,170,38.062283737024224,Lose Weight
38,115,170,39.7923875432526,Lose Weight
38,120,170,41.52249134948097,Lose Weight
38,125,170,43.25259515570935,Lose Weight
38,130,170,44.98269896193772,Lose Weight
38,135,170,46.71280276816609,Lose Weight
38,140,170,48.44290657439447,Lose Weight
38,145,170,50.17301038062284,Lose Weight
38,40,175,13.061224489795919,Gain Weight
38,45,175,14.693877551020408,Gain Weight
38,50,175,16.3265306122449,Gain Weight
38,55,175,17.959183673469386,Gain Weight
38,60,175,19.591836734693878,Maintain Weight
38,65,175,21.224489795918366,Maintain Weight
38,70,175,22.857142857142858,Maintain Weight
38,75,175,24.489795918367346,Maintain Weight
38,80,175,26.122448979591837,Lose Weight
38,85,175,27.755102040816325,Lose Weight
38,90,175,29.387755102040817,Lose Weight
38,95,175,31.020408163265305,Lose Weight
38,100,175,32.6530612244898,Lose Weight
38,105,175,34.285714285714285,Lose Weight
38,110,175,35.91836734693877,Lose Weight
38,115,175,37.55102040816327,Lose Weight
38,120,175,39.183673469387756,Lose Weight
38,125,175,40.816326530612244,Lose Weight
38,130,175,42.44897959183673,Lose Weight
38,135,175,44.08163265306123,Lose Weight
38,140,175,45.714285714285715,Lose Weight
38,145,175,47.3469387755102,Lose Weight
38,40,180,12.345679012345679,Gain Weight
38,45,180,13.888888888888888,Gain Weight
38,50,180,15.432098765432098,Gain Weight
38,55,180,16.975308641975307,Gain Weight
38,60,180,18.51851851851852,Maintain Weight
38,65,180,20.061728395061728,Maintain Weight
38,70,180,21.604938271604937,Maintain Weight
38,75,180,23.148148148148145,Maintain Weight
38,80,180,24.691358024691358,Maintain Weight
38,85,180,26.234567901234566,Lose Weight
38,90,180,27.777777777777775,Lose Weight
38,95,180,29.320987654320987,Lose Weight
38,100,180,30.864197530864196,Lose Weight
38,105,180,32.407407407407405,Lose Weight
38,110,180,33.95061728395061,Lose Weight
38,115,180,35.49382716049382,Lose Weight
38,120,180,37.03703703703704,Lose Weight
38,125,180,38.58024691358025,Lose Weight
38,130,180,40.123456790123456,Lose Weight
38,135,180,41.666666666666664,Lose Weight
38,140,180,43.20987654320987,Lose Weight
38,145,180,44.75308641975308,Lose Weight
38,40,185,11.68736303871439,Gain Weight
38,45,185,13.148283418553687,Gain Weight
38,50,185,14.609203798392986,Gain Weight
38,55,185,16.070124178232284,Gain Weight
38,60,185,17.531044558071585,Gain Weight
38,65,185,18.991964937910883,Maintain Weight
38,70,185,20.45288531775018,Maintain Weight
38,75,185,21.913805697589478,Maintain Weight
38,80,185,23.37472607742878,Maintain Weight
38,85,185,24.835646457268076,Maintain Weight
38,90,185,26.296566837107374,Lose Weight
38,95,185,27.757487216946675,Lose Weight
38,100,185,29.218407596785973,Lose Weight
38,105,185,30.67932797662527,Lose Weight
38,110,185,32.14024835646457,Lose Weight
38,115,185,33.60116873630387,Lose Weight
38,120,185,35.06208911614317,Lose Weight
38,125,185,36.523009495982464,Lose Weight
38,130,185,37.983929875821765,Lose Weight
38,135,185,39.444850255661066,Lose Weight
38,140,185,40.90577063550036,Lose Weight
38,145,185,42.36669101533966,Lose Weight
38,40,190,11.0803324099723,Gain Weight
38,45,190,12.465373961218837,Gain Weight
38,50,190,13.850415512465375,Gain Weight
38,55,190,15.235457063711912,Gain Weight
38,60,190,16.62049861495845,Gain Weight
38,65,190,18.005540166204987,Gain Weight
38,70,190,19.390581717451525,Maintain Weight
38,75,190,20.775623268698062,Maintain Weight
38,80,190,22.1606648199446,Maintain Weight
38,85,190,23.545706371191137,Maintain Weight
38,90,190,24.930747922437675,Lose Weight
38,95,190,26.315789473684212,Lose Weight
38,100,190,27.70083102493075,Lose Weight
38,105,190,29.085872576177287,Lose Weight
38,110,190,30.470914127423825,Lose Weight
38,115,190,31.855955678670362,Lose Weight
38,120,190,33.2409972299169,Lose Weight
38,125,190,34.62603878116344,Lose Weight
38,130,190,36.011080332409975,Lose Weight
38,135,190,37.39612188365651,Lose Weight
38,140,190,38.78116343490305,Lose Weight
38,145,190,40.16620498614959,Lose Weight
38,40,195,10.519395134779751,Gain Weight
38,45,195,11.834319526627219,Gain Weight
38,50,195,13.149243918474689,Gain Weight
38,55,195,14.464168310322158,Gain Weight
38,60,195,15.779092702169626,Gain Weight
38,65,195,17.094017094017094,Gain Weight
38,70,195,18.408941485864563,Gain Weight
38,75,195,19.723865877712033,Maintain Weight
38,80,195,21.038790269559502,Maintain Weight
38,85,195,22.353714661406972,Maintain Weight
38,90,195,23.668639053254438,Maintain Weight
38,95,195,24.983563445101908,Lose Weight
38,100,195,26.298487836949377,Lose Weight
38,105,195,27.613412228796847,Lose Weight
38,110,195,28.928336620644316,Lose Weight
38,115,195,30.243261012491782,Lose Weight
38,120,195,31.558185404339252,Lose Weight
38,125,195,32.87310979618672,Lose Weight
38,130,195,34.18803418803419,Lose Weight
38,135,195,35.50295857988166,Lose Weight
38,140,195,36.81788297172913,Lose Weight
38,145,195,38.132807363576596,Lose Weight
39,40,150,17.77777777777778,Gain Weight
39,45,150,20.0,Maintain Weight
39,50,150,22.22222222222222,Maintain Weight
39,55,150,24.444444444444443,Maintain Weight
39,60,150,26.666666666666668,Lose Weight
39,65,150,28.88888888888889,Lose Weight
39,70,150,31.11111111111111,Lose Weight
39,75,150,33.333333333333336,Lose Weight
39,80,150,35.55555555555556,Lose Weight
39,85,150,37.77777777777778,Lose Weight
39,90,150,40.0,Lose Weight
39,95,150,42.22222222222222,Lose Weight
39,100,150,44.44444444444444,Lose Weight
39,105,150,46.666666666666664,Lose Weight
39,110,150,48.888888888888886,Lose Weight
39,115,150,51.111111111111114,Lose Weight
39,120,150,53.333333333333336,Lose Weight
39,125,150,55.55555555555556,Lose Weight
39,130,150,57.77777777777778,Lose Weight
39,135,150,60.0,Lose Weight
39,140,150,62.22222222222222,Lose Weight
39,145,150,64.44444444444444,Lose Weight
39,40,155,16.649323621227886,Gain Weight
39,45,155,18.730489073881373,Maintain Weight
39,50,155,20.811654526534856,Maintain Weight
39,55,155,22.892819979188342,Maintain Weight
39,60,155,24.97398543184183,Lose Weight
39,65,155,27.055150884495315,Lose Weight
39,70,155,29.1363163371488,Lose Weight
39,75,155,31.217481789802285,Lose Weight
39,80,155,33.29864724245577,Lose Weight
39,85,155,35.37981269510926,Lose Weight
39,90,155,37.460978147762745,Lose Weight
39,95,155,39.54214360041623,Lose Weight
39,100,155,41.62330905306971,Lose Weight
39,105,155,43.7044745057232,Lose Weight
39,110,155,45.785639958376684,Lose Weight
39,115,155,47.86680541103017,Lose Weight
39,120,155,49.94797086368366,Lose Weight
39,125,155,52.029136316337144,Lose Weight
39,130,155,54.11030176899063,Lose Weight
39,135,155,56.19146722164411,Lose Weight
39,140,155,58.2726326742976,Lose Weight
39,145,155,60.353798126951084,Lose Weight
39,40,160,15.624999999999996,Gain Weight
39,45,160,17.578124999999996,Gain Weight
39,50,160,19.531249999999996,Maintain Weight
39,55,160,21.484374999999996,Maintain Weight
39,60,160,23.437499999999996,Maintain Weight
39,65,160,25.390624999999996,Lose Weight
39,70,160,27.343749999999996,Lose Weight
39,75,160,29.296874999999993,Lose Weight
39,80,160,31.249999999999993,Lose Weight
39,85,160,33.20312499999999,Lose Weight
39,90,160,35.15624999999999,Lose Weight
39,95,160,37.10937499999999,Lose Weight
39,100,160,39.06249999999999,Lose Weight
39,105,160,41.01562499999999,Lose Weight
39,110,160,42.96874999999999,Lose Weight
39,115,160,44.92187499999999,Lose Weight
39,120,160,46.87499999999999,Lose Weight
39,125,160,48.82812499999999,Lose Weight
39,130,160,50.78124999999999,Lose Weight
39,135,160,52.73437499999999,Lose Weight
39,140,160,54.68749999999999,Lose Weight
39,145,160,56.640624999999986,Lose Weight
39,40,165,14.692378328741967,Gain Weight
39,45,165,16.528925619834713,Gain Weight
39,50,165,18.36547291092746,Gain Weight
39,55,165,20.202020202020204,Maintain Weight
39,60,165,22.03856749311295,Maintain Weight
39,65,165,23.875114784205696,Maintain Weight
39,70,165,25.71166207529844,Lose Weight
39,75,165,27.548209366391188,Lose Weight
39,80,165,29.384756657483933,Lose Weight
39,85,165,31.22130394857668,Lose Weight
39,90,165,33.057851239669425,Lose Weight
39,95,165,34.894398530762174,Lose Weight
39,100,165,36.73094582185492,Lose Weight
39,105,165,38.567493112947666,Lose Weight
39,110,165,40.40404040404041,Lose Weight
39,115,165,42.24058769513316,Lose Weight
39,120,165,44.0771349862259,Lose Weight
39,125,165,45.91368227731865,Lose Weight
39,130,165,47.75022956841139,Lose Weight
39,135,165,49.58677685950414,Lose Weight
39,140,165,51.42332415059688,Lose Weight
39,145,165,53.25987144168963,Lose Weight
39,40,170,13.84083044982699,Gain Weight
39,45,170,15.570934256055365,Gain Weight
39,50,170,17.301038062283737,Gain Weight
39,55,170,19.031141868512112,Maintain Weight
39,60,170,20.761245674740486,Maintain Weight
39,65,170,22.49134948096886,Maintain Weight
39,70,170,24.221453287197235,Maintain Weight
39,75,170,25.95155709342561,Lose Weight
39,80,170,27.68166089965398,Lose Weight
39,85,170,29.411764705882355,Lose Weight
39,90,170,31.14186851211073,Lose Weight
39,95,170,32.871972318339104,Lose Weight
39,100,170,34.602076124567475,Lose Weight
39,105,170,36.33217993079585,Lose Weight
39,110,170,38.062283737024224,Lose Weight
39,115,170,39.7923875432526,Lose Weight
39,120,170,41.52249134948097,Lose Weight
39,125,170,43.25259515570935,Lose Weight
39,130,170,44.98269896193772,Lose Weight
39,135,170,46.71280276816609,Lose Weight
39,140,170,48.44290657439447,Lose Weight
39,145,170,50.17301038062284,Lose Weight
39,40,175,13.061224489795919,Gain Weight
39,45,175,14.693877551020408,Gain Weight
39,50,175,16.3265306122449,Gain Weight
39,55,175,17.959183673469386,Gain Weight
39,60,175,19.591836734693878,Maintain Weight
39,65,175,21.224489795918366,Maintain Weight
39,70,175,22.857142857142858,Maintain Weight
39,75,175,24.489795918367346,Maintain Weight
39,80,175,26.122448979591837,Lose Weight
39,85,175,27.755102040816325,Lose Weight
39,90,175,29.387755102040817,Lose Weight
39,95,175,31.020408163265305,Lose Weight
39,100,175,32.6530612244898,Lose Weight
39,105,175,34.285714285714285,Lose Weight
39,110,175,35.91836734693877,Lose Weight
39,115,175,37.55102040816327,Lose Weight
39,120,175,39.183673469387756,Lose Weight
39,125,175,40.816326530612244,Lose Weight
39,130,175,42.44897959183673,Lose Weight
39,135,175,44.08163265306123,Lose Weight
39,140,175,45.714285714285715,Lose Weight
39,145,175,47.3469387755102,Lose Weight
39,40,180,12.345679012345679,Gain Weight
39,45,180,13.888888888888888,Gain Weight
39,50,180,15.432098765432098,Gain Weight
39,55,180,16.975308641975307,Gain Weight
39,60,180,18.51851851851852,Maintain Weight
39,65,180,20.061728395061728,Maintain Weight
39,70,180,21.604938271604937,Maintain Weight
39,75,180,23.148148148148145,Maintain Weight
39,80,180,24.691358024691358,Maintain Weight
39,85,180,26.234567901234566,Lose Weight
39,90,180,27.777777777777775,Lose Weight
39,95,180,29.320987654320987,Lose Weight
39,100,180,30.864197530864196,Lose Weight
39,105,180,32.407407407407405,Lose Weight
39,110,180,33.95061728395061,Lose Weight
39,115,180,35.49382716049382,Lose Weight
39,120,180,37.03703703703704,Lose Weight
39,125,180,38.58024691358025,Lose Weight
39,130,180,40.123456790123456,Lose Weight
39,135,180,41.666666666666664,Lose Weight
39,140,180,43.20987654320987,Lose Weight
39,145,180,44.75308641975308,Lose Weight
39,40,185,11.68736303871439,Gain Weight
39,45,185,13.148283418553687,Gain Weight
39,50,185,14.609203798392986,Gain Weight
39,55,185,16.070124178232284,Gain Weight
39,60,185,17.531044558071585,Gain Weight
39,65,185,18.991964937910883,Maintain Weight
39,70,185,20.45288531775018,Maintain Weight
39,75,185,21.913805697589478,Maintain Weight
39,80,185,23.37472607742878,Maintain Weight
39,85,185,24.835646457268076,Maintain Weight
39,90,185,26.296566837107374,Lose Weight
39,95,185,27.757487216946675,Lose Weight
39,100,185,29.218407596785973,Lose Weight
39,105,185,30.67932797662527,Lose Weight
39,110,185,32.14024835646457,Lose Weight
39,115,185,33.60116873630387,Lose Weight
39,120,185,35.06208911614317,Lose Weight
39,125,185,36.523009495982464,Lose Weight
39,130,185,37.983929875821765,Lose Weight
39,135,185,39.444850255661066,Lose Weight
39,140,185,40.90577063550036,Lose Weight
39,145,185,42.36669101533966,Lose Weight
39,40,190,11.0803324099723,Gain Weight
39,45,190,12.465373961218837,Gain Weight
39,50,190,13.850415512465375,Gain Weight
39,55,190,15.235457063711912,Gain Weight
39,60,190,16.62049861495845,Gain Weight
39,65,190,18.005540166204987,Gain Weight
39,70,190,19.390581717451525,Maintain Weight
39,75,190,20.775623268698062,Maintain Weight
39,80,190,22.1606648199446,Maintain Weight
39,85,190,23.545706371191137,Maintain Weight
39,90,190,24.930747922437675,Lose Weight
39,95,190,26.315789473684212,Lose Weight
39,100,190,27.70083102493075,Lose Weight
39,105,190,29.085872576177287,Lose Weight
39,110,190,30.470914127423825,Lose Weight
39,115,190,31.855955678670362,Lose Weight
39,120,190,33.2409972299169,Lose Weight
39,125,190,34.62603878116344,Lose Weight
39,130,190,36.011080332409975,Lose Weight
39,135,190,37.39612188365651,Lose Weight
39,140,190,38.78116343490305,Lose Weight
39,145,190,40.16620498614959,Lose Weight
39,40,195,10.519395134779751,Gain Weight
39,45,195,11.834319526627219,Gain Weight
39,50,195,13.149243918474689,Gain Weight
39,55,195,14.464168310322158,Gain Weight
39,60,195,15.779092702169626,Gain Weight
39,65,195,17.094017094017094,Gain Weight
39,70,195,18.408941485864563,Gain Weight
39,75,195,19.723865877712033,Maintain Weight
39,80,195,21.038790269559502,Maintain Weight
39,85,195,22.353714661406972,Maintain Weight
39,90,195,23.668639053254438,Maintain Weight
39,95,195,24.983563445101908,Lose Weight
39,100,195,26.298487836949377,Lose Weight
39,105,195,27.613412228796847,Lose Weight
39,110,195,28.928336620644316,Lose Weight
39,115,195,30.243261012491782,Lose Weight
39,120,195,31.558185404339252,Lose Weight
39,125,195,32.87310979618672,Lose Weight
39,130,195,34.18803418803419,Lose Weight
39,135,195,35.50295857988166,Lose Weight
39,140,195,36.81788297172913,Lose Weight
39,145,195,38.132807363576596,Lose Weight
40,40,150,17.77777777777778,Gain Weight
40,45,150,20.0,Maintain Weight
40,50,150,22.22222222222222,Maintain Weight
40,55,150,24.444444444444443,Maintain Weight
40,60,150,26.666666666666668,Lose Weight
40,65,150,28.88888888888889,Lose Weight
40,70,150,31.11111111111111,Lose Weight
40,75,150,33.333333333333336,Lose Weight
40,80,150,35.55555555555556,Lose Weight
40,85,150,37.77777777777778,Lose Weight
40,90,150,40.0,Lose Weight
40,95,150,42.22222222222222,Lose Weight
40,100,150,44.44444444444444,Lose Weight
40,105,150,46.666666666666664,Lose Weight
40,110,150,48.888888888888886,Lose Weight
40,115,150,51.111111111111114,Lose Weight
40,120,150,53.333333333333336,Lose Weight
40,125,150,55.55555555555556,Lose Weight
40,130,150,57.77777777777778,Lose Weight
40,135,150,60.0,Lose Weight
40,140,150,62.22222222222222,Lose Weight
40,145,150,64.44444444444444,Lose Weight
40,40,155,16.649323621227886,Gain Weight
40,45,155,18.730489073881373,Maintain Weight
40,50,155,20.811654526534856,Maintain Weight
40,55,155,22.892819979188342,Maintain Weight
40,60,155,24.97398543184183,Lose Weight
40,65,155,27.055150884495315,Lose Weight
40,70,155,29.1363163371488,Lose Weight
40,75,155,31.217481789802285,Lose Weight
40,80,155,33.29864724245577,Lose Weight
40,85,155,35.37981269510926,Lose Weight
40,90,155,37.460978147762745,Lose Weight
40,95,155,39.54214360041623,Lose Weight
40,100,155,41.62330905306971,Lose Weight
40,105,155,43.7044745057232,Lose Weight
40,110,155,45.785639958376684,Lose Weight
40,115,155,47.86680541103017,Lose Weight
40,120,155,49.94797086368366,Lose Weight
40,125,155,52.029136316337144,Lose Weight
40,130,155,54.11030176899063,Lose Weight
40,135,155,56.19146722164411,Lose Weight
40,140,155,58.2726326742976,Lose Weight
40,145,155,60.353798126951084,Lose Weight
40,40,160,15.624999999999996,Gain Weight
40,45,160,17.578124999999996,Gain Weight
40,50,160,19.531249999999996,Maintain Weight
40,55,160,21.484374999999996,Maintain Weight
40,60,160,23.437499999999996,Maintain Weight
40,65,160,25.390624999999996,Lose Weight
40,70,160,27.343749999999996,Lose Weight
40,75,160,29.296874999999993,Lose Weight
40,80,160,31.249999999999993,Lose Weight
40,85,160,33.20312499999999,Lose Weight
40,90,160,35.15624999999999,Lose Weight
40,95,160,37.10937499999999,Lose Weight
40,100,160,39.06249999999999,Lose Weight
40,105,160,41.01562499999999,Lose Weight
40,110,160,42.96874999999999,Lose Weight
40,115,160,44.92187499999999,Lose Weight
40,120,160,46.87499999999999,Lose Weight
40,125,160,48.82812499999999,Lose Weight
40,130,160,50.78124999999999,Lose Weight
40,135,160,52.73437499999999,Lose Weight
40,140,160,54.68749999999999,Lose Weight
40,145,160,56.640624999999986,Lose Weight
40,40,165,14.692378328741967,Gain Weight
40,45,165,16.528925619834713,Gain Weight
40,50,165,18.36547291092746,Gain Weight
40,55,165,20.202020202020204,Maintain Weight
40,60,165,22.03856749311295,Maintain Weight
40,65,165,23.875114784205696,Maintain Weight
40,70,165,25.71166207529844,Lose Weight
40,75,165,27.548209366391188,Lose Weight
40,80,165,29.384756657483933,Lose Weight
40,85,165,31.22130394857668,Lose Weight
40,90,165,33.057851239669425,Lose Weight
40,95,165,34.894398530762174,Lose Weight
40,100,165,36.73094582185492,Lose Weight
40,105,165,38.567493112947666,Lose Weight
40,110,165,40.40404040404041,Lose Weight
40,115,165,42.24058769513316,Lose Weight
40,120,165,44.0771349862259,Lose Weight
40,125,165,45.91368227731865,Lose Weight
40,130,165,47.75022956841139,Lose Weight
40,135,165,49.58677685950414,Lose Weight
40,140,165,51.42332415059688,Lose Weight
40,145,165,53.25987144168963,Lose Weight
40,40,170,13.84083044982699,Gain Weight
40,45,170,15.570934256055365,Gain Weight
40,50,170,17.301038062283737,Gain Weight
40,55,170,19.031141868512112,Maintain Weight
40,60,170,20.761245674740486,Maintain Weight
40,65,170,22.49134948096886,Maintain Weight
40,70,170,24.221453287197235,Maintain Weight
40,75,170,25.95155709342561,Lose Weight
40,80,170,27.68166089965398,Lose Weight
40,85,170,29.411764705882355,Lose Weight
40,90,170,31.14186851211073,Lose Weight
40,95,170,32.871972318339104,Lose Weight
40,100,170,34.602076124567475,Lose Weight
40,105,170,36.33217993079585,Lose Weight
40,110,170,38.062283737024224,Lose Weight
40,115,170,39.7923875432526,Lose Weight
40,120,170,41.52249134948097,Lose Weight
40,125,170,43.25259515570935,Lose Weight
40,130,170,44.98269896193772,Lose Weight
40,135,170,46.71280276816609,Lose Weight
40,140,170,48.44290657439447,Lose Weight
40,145,170,50.17301038062284,Lose Weight
40,40,175,13.061224489795919,Gain Weight
40,45,175,14.693877551020408,Gain Weight
40,50,175,16.3265306122449,Gain Weight
40,55,175,17.959183673469386,Gain Weight
40,60,175,19.591836734693878,Maintain Weight
40,65,175,21.224489795918366,Maintain Weight
40,70,175,22.857142857142858,Maintain Weight
40,75,175,24.489795918367346,Maintain Weight
40,80,175,26.122448979591837,Lose Weight
40,85,175,27.755102040816325,Lose Weight
40,90,175,29.387755102040817,Lose Weight
40,95,175,31.020408163265305,Lose Weight
40,100,175,32.6530612244898,Lose Weight
40,105,175,34.285714285714285,Lose Weight
40,110,175,35.91836734693877,Lose Weight
40,115,175,37.55102040816327,Lose Weight
40,120,175,39.183673469387756,Lose Weight
40,125,175,40.816326530612244,Lose Weight
40,130,175,42.44897959183673,Lose Weight
40,135,175,44.08163265306123,Lose Weight
40,140,175,45.714285714285715,Lose Weight
40,145,175,47.3469387755102,Lose Weight
40,40,180,12.345679012345679,Gain Weight
40,45,180,13.888888888888888,Gain Weight
40,50,180,15.432098765432098,Gain Weight
40,55,180,16.975308641975307,Gain Weight
40,60,180,18.51851851851852,Maintain Weight
40,65,180,20.061728395061728,Maintain Weight
40,70,180,21.604938271604937,Maintain Weight
40,75,180,23.148148148148145,Maintain Weight
40,80,180,24.691358024691358,Maintain Weight
40,85,180,26.234567901234566,Lose Weight
40,90,180,27.777777777777775,Lose Weight
40,95,180,29.320987654320987,Lose Weight
40,100,180,30.864197530864196,Lose Weight
40,105,180,32.407407407407405,Lose Weight
40,110,180,33.95061728395061,Lose Weight
40,115,180,35.49382716049382,Lose Weight
40,120,180,37.03703703703704,Lose Weight
40,125,180,38.58024691358025,Lose Weight
40,130,180,40.123456790123456,Lose Weight
40,135,180,41.666666666666664,Lose Weight
40,140,180,43.20987654320987,Lose Weight
40,145,180,44.75308641975308,Lose Weight
40,40,185,11.68736303871439,Gain Weight
40,45,185,13.148283418553687,Gain Weight
40,50,185,14.609203798392986,Gain Weight
40,55,185,16.070124178232284,Gain Weight
40,60,185,17.531044558071585,Gain Weight
40,65,185,18.991964937910883,Maintain Weight
40,70,185,20.45288531775018,Maintain Weight
40,75,185,21.913805697589478,Maintain Weight
40,80,185,23.37472607742878,Maintain Weight
40,85,185,24.835646457268076,Maintain Weight
40,90,185,26.296566837107374,Lose Weight
40,95,185,27.757487216946675,Lose Weight
40,100,185,29.218407596785973,Lose Weight
40,105,185,30.67932797662527,Lose Weight
40,110,185,32.14024835646457,Lose Weight
40,115,185,33.60116873630387,Lose Weight
40,120,185,35.06208911614317,Lose Weight
40,125,185,36.523009495982464,Lose Weight
40,130,185,37.983929875821765,Lose Weight
40,135,185,39.444850255661066,Lose Weight
40,140,185,40.90577063550036,Lose Weight
40,145,185,42.36669101533966,Lose Weight
40,40,190,11.0803324099723,Gain Weight
40,45,190,12.465373961218837,Gain Weight
40,50,190,13.850415512465375,Gain Weight
40,55,190,15.235457063711912,Gain Weight
40,60,190,16.62049861495845,Gain Weight
40,65,190,18.005540166204987,Gain Weight
40,70,190,19.390581717451525,Maintain Weight
40,75,190,20.775623268698062,Maintain Weight
40,80,190,22.1606648199446,Maintain Weight
40,85,190,23.545706371191137,Maintain Weight
40,90,190,24.930747922437675,Lose Weight
40,95,190,26.315789473684212,Lose Weight
40,100,190,27.70083102493075,Lose Weight
40,105,190,29.085872576177287,Lose Weight
40,110,190,30.470914127423825,Lose Weight
40,115,190,31.855955678670362,Lose Weight
40,120,190,33.2409972299169,Lose Weight
40,125,190,34.62603878116344,Lose Weight
40,130,190,36.011080332409975,Lose Weight
40,135,190,37.39612188365651,Lose Weight
40,140,190,38.78116343490305,Lose Weight
40,145,190,40.16620498614959,Lose Weight
40,40,195,10.519395134779751,Gain Weight
40,45,195,11.834319526627219,Gain Weight
40,50,195,13.149243918474689,Gain Weight
40,55,195,14.464168310322158,Gain Weight
40,60,195,15.779092702169626,Gain Weight
40,65,195,17.094017094017094,Gain Weight
40,70,195,18.408941485864563,Gain Weight
40,75,195,19.723865877712033,Maintain Weight
40,80,195,21.038790269559502,Maintain Weight
40,85,195,22.353714661406972,Maintain Weight
40,90,195,23.668639053254438,Maintain Weight
40,95,195,24.983563445101908,Lose Weight
40,100,195,26.298487836949377,Lose Weight
40,105,195,27.613412228796847,Lose Weight
40,110,195,28.928336620644316,Lose Weight
40,115,195,30.243261012491782,Lose Weight
40,120,195,31.558185404339252,Lose Weight
40,125,195,32.87310979618672,Lose Weight
40,130,195,34.18803418803419,Lose Weight
40,135,195,35.50295857988166,Lose Weight
40,140,195,36.81788297172913,Lose Weight
40,145,195,38.132807363576596,Lose Weight
41,40,150,17.77777777777778,Gain Weight
41,45,150,20.0,Maintain Weight
41,50,150,22.22222222222222,Maintain Weight
41,55,150,24.444444444444443,Maintain Weight
41,60,150,26.666666666666668,Lose Weight
41,65,150,28.88888888888889,Lose Weight
41,70,150,31.11111111111111,Lose Weight
41,75,150,33.333333333333336,Lose Weight
41,80,150,35.55555555555556,Lose Weight
41,85,150,37.77777777777778,Lose Weight
41,90,150,40.0,Lose Weight
41,95,150,42.22222222222222,Lose Weight
41,100,150,44.44444444444444,Lose Weight
41,105,150,46.666666666666664,Lose Weight
41,110,150,48.888888888888886,Lose Weight
41,115,150,51.111111111111114,Lose Weight
41,120,150,53.333333333333336,Lose Weight
41,125,150,55.55555555555556,Lose Weight
41,130,150,57.77777777777778,Lose Weight
41,135,150,60.0,Lose Weight
41,140,150,62.22222222222222,Lose Weight
41,145,150,64.44444444444444,Lose Weight
41,40,155,16.649323621227886,Gain Weight
41,45,155,18.730489073881373,Maintain Weight
41,50,155,20.811654526534856,Maintain Weight
41,55,155,22.892819979188342,Maintain Weight
41,60,155,24.97398543184183,Lose Weight
41,65,155,27.055150884495315,Lose Weight
41,70,155,29.1363163371488,Lose Weight
41,75,155,31.217481789802285,Lose Weight
41,80,155,33.29864724245577,Lose Weight
41,85,155,35.37981269510926,Lose Weight
41,90,155,37.460978147762745,Lose Weight
41,95,155,39.54214360041623,Lose Weight
41,100,155,41.62330905306971,Lose Weight
41,105,155,43.7044745057232,Lose Weight
41,110,155,45.785639958376684,Lose Weight
41,115,155,47.86680541103017,Lose Weight
41,120,155,49.94797086368366,Lose Weight
41,125,155,52.029136316337144,Lose Weight
41,130,155,54.11030176899063,Lose Weight
41,135,155,56.19146722164411,Lose Weight
41,140,155,58.2726326742976,Lose Weight
41,145,155,60.353798126951084,Lose Weight
41,40,160,15.624999999999996,Gain Weight
41,45,160,17.578124999999996,Gain Weight
41,50,160,19.531249999999996,Maintain Weight
41,55,160,21.484374999999996,Maintain Weight
41,60,160,23.437499999999996,Maintain Weight
41,65,160,25.390624999999996,Lose Weight
41,70,160,27.343749999999996,Lose Weight
41,75,160,29.296874999999993,Lose Weight
41,80,160,31.249999999999993,Lose Weight
41,85,160,33.20312499999999,Lose Weight
41,90,160,35.15624999999999,Lose Weight
41,95,160,37.10937499999999,Lose Weight
41,100,160,39.06249999999999,Lose Weight
41,105,160,41.01562499999999,Lose Weight
41,110,160,42.96874999999999,Lose Weight
41,115,160,44.92187499999999,Lose Weight
41,120,160,46.87499999999999,Lose Weight
41,125,160,48.82812499999999,Lose Weight
41,130,160,50.78124999999999,Lose Weight
41,135,160,52.73437499999999,Lose Weight
41,140,160,54.68749999999999,Lose Weight
41,145,160,56.640624999999986,Lose Weight
41,40,165,14.692378328741967,Gain Weight
41,45,165,16.528925619834713,Gain Weight
41,50,165,18.36547291092746,Gain Weight
41,55,165,20.202020202020204,Maintain Weight
41,60,165,22.03856749311295,Maintain Weight
41,65,165,23.875114784205696,Maintain Weight
41,70,165,25.71166207529844,Lose Weight
41,75,165,27.548209366391188,Lose Weight
41,80,165,29.384756657483933,Lose Weight
41,85,165,31.22130394857668,Lose Weight
41,90,165,33.057851239669425,Lose Weight
41,95,165,34.894398530762174,Lose Weight
41,100,165,36.73094582185492,Lose Weight
41,105,165,38.567493112947666,Lose Weight
41,110,165,40.40404040404041,Lose Weight
41,115,165,42.24058769513316,Lose Weight
41,120,165,44.0771349862259,Lose Weight
41,125,165,45.91368227731865,Lose Weight
41,130,165,47.75022956841139,Lose Weight
41,135,165,49.58677685950414,Lose Weight
41,140,165,51.42332415059688,Lose Weight
41,145,165,53.25987144168963,Lose Weight
41,40,170,13.84083044982699,Gain Weight
41,45,170,15.570934256055365,Gain Weight
41,50,170,17.301038062283737,Gain Weight
41,55,170,19.031141868512112,Maintain Weight
41,60,170,20.761245674740486,Maintain Weight
41,65,170,22.49134948096886,Maintain Weight
41,70,170,24.221453287197235,Maintain Weight
41,75,170,25.95155709342561,Lose Weight
41,80,170,27.68166089965398,Lose Weight
41,85,170,29.411764705882355,Lose Weight
41,90,170,31.14186851211073,Lose Weight
41,95,170,32.871972318339104,Lose Weight
41,100,170,34.602076124567475,Lose Weight
41,105,170,36.33217993079585,Lose Weight
41,110,170,38.062283737024224,Lose Weight
41,115,170,39.7923875432526,Lose Weight
41,120,170,41.52249134948097,Lose Weight
41,125,170,43.25259515570935,Lose Weight
41,130,170,44.98269896193772,Lose Weight
41,135,170,46.71280276816609,Lose Weight
41,140,170,48.44290657439447,Lose Weight
41,145,170,50.17301038062284,Lose Weight
41,40,175,13.061224489795919,Gain Weight
41,45,175,14.693877551020408,Gain Weight
41,50,175,16.3265306122449,Gain Weight
41,55,175,17.959183673469386,Gain Weight
41,60,175,19.591836734693878,Maintain Weight
41,65,175,21.224489795918366,Maintain Weight
41,70,175,22.857142857142858,Maintain Weight
41,75,175,24.489795918367346,Maintain Weight
41,80,175,26.122448979591837,Lose Weight
41,85,175,27.755102040816325,Lose Weight
41,90,175,29.387755102040817,Lose Weight
41,95,175,31.020408163265305,Lose Weight
41,100,175,32.6530612244898,Lose Weight
41,105,175,34.285714285714285,Lose Weight
41,110,175,35.91836734693877,Lose Weight
41,115,175,37.55102040816327,Lose Weight
41,120,175,39.183673469387756,Lose Weight
41,125,175,40.816326530612244,Lose Weight
41,130,175,42.44897959183673,Lose Weight
41,135,175,44.08163265306123,Lose Weight
41,140,175,45.714285714285715,Lose Weight
41,145,175,47.3469387755102,Lose Weight
41,40,180,12.345679012345679,Gain Weight
41,45,180,13.888888888888888,Gain Weight
41,50,180,15.432098765432098,Gain Weight
41,55,180,16.975308641975307,Gain Weight
41,60,180,18.51851851851852,Maintain Weight
41,65,180,20.061728395061728,Maintain Weight
41,70,180,21.604938271604937,Maintain Weight
41,75,180,23.148148148148145,Maintain Weight
41,80,180,24.691358024691358,Maintain Weight
41,85,180,26.234567901234566,Lose Weight
41,90,180,27.777777777777775,Lose Weight
41,95,180,29.320987654320987,Lose Weight
41,100,180,30.864197530864196,Lose Weight
41,105,180,32.407407407407405,Lose Weight
41,110,180,33.95061728395061,Lose Weight
41,115,180,35.49382716049382,Lose Weight
41,120,180,37.03703703703704,Lose Weight
41,125,180,38.58024691358025,Lose Weight
41,130,180,40.123456790123456,Lose Weight
41,135,180,41.666666666666664,Lose Weight
41,140,180,43.20987654320987,Lose Weight
41,145,180,44.75308641975308,Lose Weight
41,40,185,11.68736303871439,Gain Weight
41,45,185,13.148283418553687,Gain Weight
41,50,185,14.609203798392986,Gain Weight
41,55,185,16.070124178232284,Gain Weight
41,60,185,17.531044558071585,Gain Weight
41,65,185,18.991964937910883,Maintain Weight
41,70,185,20.45288531775018,Maintain Weight
41,75,185,21.913805697589478,Maintain Weight
41,80,185,23.37472607742878,Maintain Weight
41,85,185,24.835646457268076,Maintain Weight
41,90,185,26.296566837107374,Lose Weight
41,95,185,27.757487216946675,Lose Weight
41,100,185,29.218407596785973,Lose Weight
41,105,185,30.67932797662527,Lose Weight
41,110,185,32.14024835646457,Lose Weight
41,115,185,33.60116873630387,Lose Weight
41,120,185,35.06208911614317,Lose Weight
41,125,185,36.523009495982464,Lose Weight
41,130,185,37.983929875821765,Lose Weight
41,135,185,39.444850255661066,Lose Weight
41,140,185,40.90577063550036,Lose Weight
41,145,185,42.36669101533966,Lose Weight
41,40,190,11.0803324099723,Gain Weight
41,45,190,12.465373961218837,Gain Weight
41,50,190,13.850415512465375,Gain Weight
41,55,190,15.235457063711912,Gain Weight
41,60,190,16.62049861495845,Gain Weight
41,65,190,18.005540166204987,Gain Weight
41,70,190,19.390581717451525,Maintain Weight
41,75,190,20.775623268698062,Maintain Weight
41,80,190,22.1606648199446,Maintain Weight
41,85,190,23.545706371191137,Maintain Weight
41,90,190,24.930747922437675,Lose Weight
41,95,190,26.315789473684212,Lose Weight
41,100,190,27.70083102493075,Lose Weight
41,105,190,29.085872576177287,Lose Weight
41,110,190,30.470914127423825,Lose Weight
41,115,190,31.855955678670362,Lose Weight
41,120,190,33.2409972299169,Lose Weight
41,125,190,34.62603878116344,Lose Weight
41,130,190,36.011080332409975,Lose Weight
41,135,190,37.39612188365651,Lose Weight
41,140,190,38.78116343490305,Lose Weight
41,145,190,40.16620498614959,Lose Weight
41,40,195,10.519395134779751,Gain Weight
41,45,195,11.834319526627219,Gain Weight
41,50,195,13.149243918474689,Gain Weight
41,55,195,14.464168310322158,Gain Weight
41,60,195,15.779092702169626,Gain Weight
41,65,195,17.094017094017094,Gain Weight
41,70,195,18.408941485864563,Gain Weight
41,75,195,19.723865877712033,Maintain Weight
41,80,195,21.038790269559502,Maintain Weight
41,85,195,22.353714661406972,Maintain Weight
41,90,195,23.668639053254438,Maintain Weight
41,95,195,24.983563445101908,Lose Weight
41,100,195,26.298487836949377,Lose Weight
41,105,195,27.613412228796847,Lose Weight
41,110,195,28.928336620644316,Lose Weight
41,115,195,30.243261012491782,Lose Weight
41,120,195,31.558185404339252,Lose Weight
41,125,195,32.87310979618672,Lose Weight
41,130,195,34.18803418803419,Lose Weight
41,135,195,35.50295857988166,Lose Weight
41,140,195,36.81788297172913,Lose Weight
41,145,195,38.132807363576596,Lose Weight
42,40,150,17.77777777777778,Gain Weight
42,45,150,20.0,Maintain Weight
42,50,150,22.22222222222222,Maintain Weight
42,55,150,24.444444444444443,Maintain Weight
42,60,150,26.666666666666668,Lose Weight
42,65,150,28.88888888888889,Lose Weight
42,70,150,31.11111111111111,Lose Weight
42,75,150,33.333333333333336,Lose Weight
42,80,150,35.55555555555556,Lose Weight
42,85,150,37.77777777777778,Lose Weight
42,90,150,40.0,Lose Weight
42,95,150,42.22222222222222,Lose Weight
42,100,150,44.44444444444444,Lose Weight
42,105,150,46.666666666666664,Lose Weight
42,110,150,48.888888888888886,Lose Weight
42,115,150,51.111111111111114,Lose Weight
42,120,150,53.333333333333336,Lose Weight
42,125,150,55.55555555555556,Lose Weight
42,130,150,57.77777777777778,Lose Weight
42,135,150,60.0,Lose Weight
42,140,150,62.22222222222222,Lose Weight
42,145,150,64.44444444444444,Lose Weight
42,40,155,16.649323621227886,Gain Weight
42,45,155,18.730489073881373,Maintain Weight
42,50,155,20.811654526534856,Maintain Weight
42,55,155,22.892819979188342,Maintain Weight
42,60,155,24.97398543184183,Lose Weight
42,65,155,27.055150884495315,Lose Weight
42,70,155,29.1363163371488,Lose Weight
42,75,155,31.217481789802285,Lose Weight
42,80,155,33.29864724245577,Lose Weight
42,85,155,35.37981269510926,Lose Weight
42,90,155,37.460978147762745,Lose Weight
42,95,155,39.54214360041623,Lose Weight
42,100,155,41.62330905306971,Lose Weight
42,105,155,43.7044745057232,Lose Weight
42,110,155,45.785639958376684,Lose Weight
42,115,155,47.86680541103017,Lose Weight
42,120,155,49.94797086368366,Lose Weight
42,125,155,52.029136316337144,Lose Weight
42,130,155,54.11030176899063,Lose Weight
42,135,155,56.19146722164411,Lose Weight
42,140,155,58.2726326742976,Lose Weight
42,145,155,60.353798126951084,Lose Weight
42,40,160,15.624999999999996,Gain Weight
42,45,160,17.578124999999996,Gain Weight
42,50,160,19.531249999999996,Maintain Weight
42,55,160,21.484374999999996,Maintain Weight
42,60,160,23.437499999999996,Maintain Weight
42,65,160,25.390624999999996,Lose Weight
42,70,160,27.343749999999996,Lose Weight
42,75,160,29.296874999999993,Lose Weight
42,80,160,31.249999999999993,Lose Weight
42,85,160,33.20312499999999,Lose Weight
42,90,160,35.15624999999999,Lose Weight
42,95,160,37.10937499999999,Lose Weight
42,100,160,39.06249999999999,Lose Weight
42,105,160,41.01562499999999,Lose Weight
42,110,160,42.96874999999999,Lose Weight
42,115,160,44.92187499999999,Lose Weight
42,120,160,46.87499999999999,Lose Weight
42,125,160,48.82812499999999,Lose Weight
42,130,160,50.78124999999999,Lose Weight
42,135,160,52.73437499999999,Lose Weight
42,140,160,54.68749999999999,Lose Weight
42,145,160,56.640624999999986,Lose Weight
42,40,165,14.692378328741967,Gain Weight
42,45,165,16.528925619834713,Gain Weight
42,50,165,18.36547291092746,Gain Weight
42,55,165,20.202020202020204,Maintain Weight
42,60,165,22.03856749311295,Maintain Weight
42,65,165,23.875114784205696,Maintain Weight
42,70,165,25.71166207529844,Lose Weight
42,75,165,27.548209366391188,Lose Weight
42,80,165,29.384756657483933,Lose Weight
42,85,165,31.22130394857668,Lose Weight
42,90,165,33.057851239669425,Lose Weight
42,95,165,34.894398530762174,Lose Weight
42,100,165,36.73094582185492,Lose Weight
42,105,165,38.567493112947666,Lose Weight
42,110,165,40.40404040404041,Lose Weight
42,115,165,42.24058769513316,Lose Weight
42,120,165,44.0771349862259,Lose Weight
42,125,165,45.91368227731865,Lose Weight
42,130,165,47.75022956841139,Lose Weight
42,135,165,49.58677685950414,Lose Weight
42,140,165,51.42332415059688,Lose Weight
42,145,165,53.25987144168963,Lose Weight
42,40,170,13.84083044982699,Gain Weight
42,45,170,15.570934256055365,Gain Weight
42,50,170,17.301038062283737,Gain Weight
42,55,170,19.031141868512112,Maintain Weight
42,60,170,20.761245674740486,Maintain Weight
42,65,170,22.49134948096886,Maintain Weight
42,70,170,24.221453287197235,Maintain Weight
42,75,170,25.95155709342561,Lose Weight
42,80,170,27.68166089965398,Lose Weight
42,85,170,29.411764705882355,Lose Weight
42,90,170,31.14186851211073,Lose Weight
42,95,170,32.871972318339104,Lose Weight
42,100,170,34.602076124567475,Lose Weight
42,105,170,36.33217993079585,Lose Weight
42,110,170,38.062283737024224,Lose Weight
42,115,170,39.7923875432526,Lose Weight
42,120,170,41.52249134948097,Lose Weight
42,125,170,43.25259515570935,Lose Weight
42,130,170,44.98269896193772,Lose Weight
42,135,170,46.71280276816609,Lose Weight
42,140,170,48.44290657439447,Lose Weight
42,145,170,50.17301038062284,Lose Weight
42,40,175,13.061224489795919,Gain Weight
42,45,175,14.693877551020408,Gain Weight
42,50,175,16.3265306122449,Gain Weight
42,55,175,17.959183673469386,Gain Weight
42,60,175,19.591836734693878,Maintain Weight
42,65,175,21.224489795918366,Maintain Weight
42,70,175,22.857142857142858,Maintain Weight
42,75,175,24.489795918367346,Maintain Weight
42,80,175,26.122448979591837,Lose Weight
42,85,175,27.755102040816325,Lose Weight
42,90,175,29.387755102040817,Lose Weight
42,95,175,31.020408163265305,Lose Weight
42,100,175,32.6530612244898,Lose Weight
42,105,175,34.285714285714285,Lose Weight
42,110,175,35.91836734693877,Lose Weight
42,115,175,37.55102040816327,Lose Weight
42,120,175,39.183673469387756,Lose Weight
42,125,175,40.816326530612244,Lose Weight
42,130,175,42.44897959183673,Lose Weight
42,135,175,44.08163265306123,Lose Weight
42,140,175,45.714285714285715,Lose Weight
42,145,175,47.3469387755102,Lose Weight
42,40,180,12.345679012345679,Gain Weight
42,45,180,13.888888888888888,Gain Weight
42,50,180,15.432098765432098,Gain Weight
42,55,180,16.975308641975307,Gain Weight
42,60,180,18.51851851851852,Maintain Weight
42,65,180,20.061728395061728,Maintain Weight
42,70,180,21.604938271604937,Maintain Weight
42,75,180,23.148148148148145,Maintain Weight
42,80,180,24.691358024691358,Maintain Weight
42,85,180,26.234567901234566,Lose Weight
42,90,180,27.777777777777775,Lose Weight
42,95,180,29.320987654320987,Lose Weight
42,100,180,30.864197530864196,Lose Weight
42,105,180,32.407407407407405,Lose Weight
42,110,180,33.95061728395061,Lose Weight
42,115,180,35.49382716049382,Lose Weight
42,120,180,37.03703703703704,Lose Weight
42,125,180,38.58024691358025,Lose Weight
42,130,180,40.123456790123456,Lose Weight
42,135,180,41.666666666666664,Lose Weight
42,140,180,43.20987654320987,Lose Weight
42,145,180,44.75308641975308,Lose Weight
42,40,185,11.68736303871439,Gain Weight
42,45,185,13.148283418553687,Gain Weight
42,50,185,14.609203798392986,Gain Weight
42,55,185,16.070124178232284,Gain Weight
42,60,185,17.531044558071585,Gain Weight
42,65,185,18.991964937910883,Maintain Weight
42,70,185,20.45288531775018,Maintain Weight
42,75,185,21.913805697589478,Maintain Weight
42,80,185,23.37472607742878,Maintain Weight
42,85,185,24.835646457268076,Maintain Weight
42,90,185,26.296566837107374,Lose Weight
42,95,185,27.757487216946675,Lose Weight
42,100,185,29.218407596785973,Lose Weight
42,105,185,30.67932797662527,Lose Weight
42,110,185,32.14024835646457,Lose Weight
42,115,185,33.60116873630387,Lose Weight
42,120,185,35.06208911614317,Lose Weight
42,125,185,36.523009495982464,Lose Weight
42,130,185,37.983929875821765,Lose Weight
42,135,185,39.444850255661066,Lose Weight
42,140,185,40.90577063550036,Lose Weight
42,145,185,42.36669101533966,Lose Weight
42,40,190,11.0803324099723,Gain Weight
42,45,190,12.465373961218837,Gain Weight
42,50,190,13.850415512465375,Gain Weight
42,55,190,15.235457063711912,Gain Weight
42,60,190,16.62049861495845,Gain Weight
42,65,190,18.005540166204987,Gain Weight
42,70,190,19.390581717451525,Maintain Weight
42,75,190,20.775623268698062,Maintain Weight
42,80,190,22.1606648199446,Maintain Weight
42,85,190,23.545706371191137,Maintain Weight
42,90,190,24.930747922437675,Lose Weight
42,95,190,26.315789473684212,Lose Weight
42,100,190,27.70083102493075,Lose Weight
42,105,190,29.085872576177287,Lose Weight
42,110,190,30.470914127423825,Lose Weight
42,115,190,31.855955678670362,Lose Weight
42,120,190,33.2409972299169,Lose Weight
42,125,190,34.62603878116344,Lose Weight
42,130,190,36.011080332409975,Lose Weight
42,135,190,37.39612188365651,Lose Weight
42,140,190,38.78116343490305,Lose Weight
42,145,190,40.16620498614959,Lose Weight
42,40,195,10.519395134779751,Gain Weight
42,45,195,11.834319526627219,Gain Weight
42,50,195,13.149243918474689,Gain Weight
42,55,195,14.464168310322158,Gain Weight
42,60,195,15.779092702169626,Gain Weight
42,65,195,17.094017094017094,Gain Weight
42,70,195,18.408941485864563,Gain Weight
42,75,195,19.723865877712033,Maintain Weight
42,80,195,21.038790269559502,Maintain Weight
42,85,195,22.353714661406972,Maintain Weight
42,90,195,23.668639053254438,Maintain Weight
42,95,195,24.983563445101908,Lose Weight
42,100,195,26.298487836949377,Lose Weight
42,105,195,27.613412228796847,Lose Weight
42,110,195,28.928336620644316,Lose Weight
42,115,195,30.243261012491782,Lose Weight
42,120,195,31.558185404339252,Lose Weight
42,125,195,32.87310979618672,Lose Weight
42,130,195,34.18803418803419,Lose Weight
42,135,195,35.50295857988166,Lose Weight
42,140,195,36.81788297172913,Lose Weight
42,145,195,38.132807363576596,Lose Weight
43,40,150,17.77777777777778,Gain Weight
43,45,150,20.0,Maintain Weight
43,50,150,22.22222222222222,Maintain Weight
43,55,150,24.444444444444443,Maintain Weight
43,60,150,26.666666666666668,Lose Weight
43,65,150,28.88888888888889,Lose Weight
43,70,150,31.11111111111111,Lose Weight
43,75,150,33.333333333333336,Lose Weight
43,80,150,35.55555555555556,Lose Weight
43,85,150,37.77777777777778,Lose Weight
43,90,150,40.0,Lose Weight
43,95,150,42.22222222222222,Lose Weight
43,100,150,44.44444444444444,Lose Weight
43,105,150,46.666666666666664,Lose Weight
43,110,150,48.888888888888886,Lose Weight
43,115,150,51.111111111111114,Lose Weight
43,120,150,53.333333333333336,Lose Weight
43,125,150,55.55555555555556,Lose Weight
43,130,150,57.77777777777778,Lose Weight
43,135,150,60.0,Lose Weight
43,140,150,62.22222222222222,Lose Weight
43,145,150,64.44444444444444,Lose Weight
43,40,155,16.649323621227886,Gain Weight
43,45,155,18.730489073881373,Maintain Weight
43,50,155,20.811654526534856,Maintain Weight
43,55,155,22.892819979188342,Maintain Weight
43,60,155,24.97398543184183,Lose Weight
43,65,155,27.055150884495315,Lose Weight
43,70,155,29.1363163371488,Lose Weight
43,75,155,31.217481789802285,Lose Weight
43,80,155,33.29864724245577,Lose Weight
43,85,155,35.37981269510926,Lose Weight
43,90,155,37.460978147762745,Lose Weight
43,95,155,39.54214360041623,Lose Weight
43,100,155,41.62330905306971,Lose Weight
43,105,155,43.7044745057232,Lose Weight
43,110,155,45.785639958376684,Lose Weight
43,115,155,47.86680541103017,Lose Weight
43,120,155,49.94797086368366,Lose Weight
43,125,155,52.029136316337144,Lose Weight
43,130,155,54.11030176899063,Lose Weight
43,135,155,56.19146722164411,Lose Weight
43,140,155,58.2726326742976,Lose Weight
43,145,155,60.353798126951084,Lose Weight
43,40,160,15.624999999999996,Gain Weight
43,45,160,17.578124999999996,Gain Weight
43,50,160,19.531249999999996,Maintain Weight
43,55,160,21.484374999999996,Maintain Weight
43,60,160,23.437499999999996,Maintain Weight
43,65,160,25.390624999999996,Lose Weight
43,70,160,27.343749999999996,Lose Weight
43,75,160,29.296874999999993,Lose Weight
43,80,160,31.249999999999993,Lose Weight
43,85,160,33.20312499999999,Lose Weight
43,90,160,35.15624999999999,Lose Weight
43,95,160,37.10937499999999,Lose Weight
43,100,160,39.06249999999999,Lose Weight
43,105,160,41.01562499999999,Lose Weight
43,110,160,42.96874999999999,Lose Weight
43,115,160,44.92187499999999,Lose Weight
43,120,160,46.87499999999999,Lose Weight
43,125,160,48.82812499999999,Lose Weight
43,130,160,50.78124999999999,Lose Weight
43,135,160,52.73437499999999,Lose Weight
43,140,160,54.68749999999999,Lose Weight
43,145,160,56.640624999999986,Lose Weight
43,40,165,14.692378328741967,Gain Weight
43,45,165,16.528925619834713,Gain Weight
43,50,165,18.36547291092746,Gain Weight
43,55,165,20.202020202020204,Maintain Weight
43,60,165,22.03856749311295,Maintain Weight
43,65,165,23.875114784205696,Maintain Weight
43,70,165,25.71166207529844,Lose Weight
43,75,165,27.548209366391188,Lose Weight
43,80,165,29.384756657483933,Lose Weight
43,85,165,31.22130394857668,Lose Weight
43,90,165,33.057851239669425,Lose Weight
43,95,165,34.894398530762174,Lose Weight
43,100,165,36.73094582185492,Lose Weight
43,105,165,38.567493112947666,Lose Weight
43,110,165,40.40404040404041,Lose Weight
43,115,165,42.24058769513316,Lose Weight
43,120,165,44.0771349862259,Lose Weight
43,125,165,45.91368227731865,Lose Weight
43,130,165,47.75022956841139,Lose Weight
43,135,165,49.58677685950414,Lose Weight
43,140,165,51.42332415059688,Lose Weight
43,145,165,53.25987144168963,Lose Weight
43,40,170,13.84083044982699,Gain Weight
43,45,170,15.570934256055365,Gain Weight
43,50,170,17.301038062283737,Gain Weight
43,55,170,19.031141868512112,Maintain Weight
43,60,170,20.761245674740486,Maintain Weight
43,65,170,22.49134948096886,Maintain Weight
43,70,170,24.221453287197235,Maintain Weight
43,75,170,25.95155709342561,Lose Weight
43,80,170,27.68166089965398,Lose Weight
43,85,170,29.411764705882355,Lose Weight
43,90,170,31.14186851211073,Lose Weight
43,95,170,32.871972318339104,Lose Weight
43,100,170,34.602076124567475,Lose Weight
43,105,170,36.33217993079585,Lose Weight
43,110,170,38.062283737024224,Lose Weight
43,115,170,39.7923875432526,Lose Weight
43,120,170,41.52249134948097,Lose Weight
43,125,170,43.25259515570935,Lose Weight
43,130,170,44.98269896193772,Lose Weight
43,135,170,46.71280276816609,Lose Weight
43,140,170,48.44290657439447,Lose Weight
43,145,170,50.17301038062284,Lose Weight
43,40,175,13.061224489795919,Gain Weight
43,45,175,14.693877551020408,Gain Weight
43,50,175,16.3265306122449,Gain Weight
43,55,175,17.959183673469386,Gain Weight
43,60,175,19.591836734693878,Maintain Weight
43,65,175,21.224489795918366,Maintain Weight
43,70,175,22.857142857142858,Maintain Weight
43,75,175,24.489795918367346,Maintain Weight
43,80,175,26.122448979591837,Lose Weight
43,85,175,27.755102040816325,Lose Weight
43,90,175,29.387755102040817,Lose Weight
43,95,175,31.020408163265305,Lose Weight
43,100,175,32.6530612244898,Lose Weight
43,105,175,34.285714285714285,Lose Weight
43,110,175,35.91836734693877,Lose Weight
43,115,175,37.55102040816327,Lose Weight
43,120,175,39.183673469387756,Lose Weight
43,125,175,40.816326530612244,Lose Weight
43,130,175,42.44897959183673,Lose Weight
43,135,175,44.08163265306123,Lose Weight
43,140,175,45.714285714285715,Lose Weight
43,145,175,47.3469387755102,Lose Weight
43,40,180,12.345679012345679,Gain Weight
43,45,180,13.888888888888888,Gain Weight
43,50,180,15.432098765432098,Gain Weight
43,55,180,16.975308641975307,Gain Weight
43,60,180,18.51851851851852,Maintain Weight
43,65,180,20.061728395061728,Maintain Weight
43,70,180,21.604938271604937,Maintain Weight
43,75,180,23.148148148148145,Maintain Weight
43,80,180,24.691358024691358,Maintain Weight
43,85,180,26.234567901234566,Lose Weight
43,90,180,27.777777777777775,Lose Weight
43,95,180,29.320987654320987,Lose Weight
43,100,180,30.864197530864196,Lose Weight
43,105,180,32.407407407407405,Lose Weight
43,110,180,33.95061728395061,Lose Weight
43,115,180,35.49382716049382,Lose Weight
43,120,180,37.03703703703704,Lose Weight
43,125,180,38.58024691358025,Lose Weight
43,130,180,40.123456790123456,Lose Weight
43,135,180,41.666666666666664,Lose Weight
43,140,180,43.20987654320987,Lose Weight
43,145,180,44.75308641975308,Lose Weight
43,40,185,11.68736303871439,Gain Weight
43,45,185,13.148283418553687,Gain Weight
43,50,185,14.609203798392986,Gain Weight
43,55,185,16.070124178232284,Gain Weight
43,60,185,17.531044558071585,Gain Weight
43,65,185,18.991964937910883,Maintain Weight
43,70,185,20.45288531775018,Maintain Weight
43,75,185,21.913805697589478,Maintain Weight
43,80,185,23.37472607742878,Maintain Weight
43,85,185,24.835646457268076,Maintain Weight
43,90,185,26.296566837107374,Lose Weight
43,95,185,27.757487216946675,Lose Weight
43,100,185,29.218407596785973,Lose Weight
43,105,185,30.67932797662527,Lose Weight
43,110,185,32.14024835646457,Lose Weight
43,115,185,33.60116873630387,Lose Weight
43,120,185,35.06208911614317,Lose Weight
43,125,185,36.523009495982464,Lose Weight
43,130,185,37.983929875821765,Lose Weight
43,135,185,39.444850255661066,Lose Weight
43,140,185,40.90577063550036,Lose Weight
43,145,185,42.36669101533966,Lose Weight
43,40,190,11.0803324099723,Gain Weight
43,45,190,12.465373961218837,Gain Weight
43,50,190,13.850415512465375,Gain Weight
43,55,190,15.235457063711912,Gain Weight
43,60,190,16.62049861495845,Gain Weight
43,65,190,18.005540166204987,Gain Weight
43,70,190,19.390581717451525,Maintain Weight
43,75,190,20.775623268698062,Maintain Weight
43,80,190,22.1606648199446,Maintain Weight
43,85,190,23.545706371191137,Maintain Weight
43,90,190,24.930747922437675,Lose Weight
43,95,190,26.315789473684212,Lose Weight
43,100,190,27.70083102493075,Lose Weight
43,105,190,29.085872576177287,Lose Weight
43,110,190,30.470914127423825,Lose Weight
43,115,190,31.855955678670362,Lose Weight
43,120,190,33.2409972299169,Lose Weight
43,125,190,34.62603878116344,Lose Weight
43,130,190,36.011080332409975,Lose Weight
43,135,190,37.39612188365651,Lose Weight
43,140,190,38.78116343490305,Lose Weight
43,145,190,40.16620498614959,Lose Weight
43,40,195,10.519395134779751,Gain Weight
43,45,195,11.834319526627219,Gain Weight
43,50,195,13.149243918474689,Gain Weight
43,55,195,14.464168310322158,Gain Weight
43,60,195,15.779092702169626,Gain Weight
43,65,195,17.094017094017094,Gain Weight
43,70,195,18.408941485864563,Gain Weight
43,75,195,19.723865877712033,Maintain Weight
43,80,195,21.038790269559502,Maintain Weight
43,85,195,22.353714661406972,Maintain Weight
43,90,195,23.668639053254438,Maintain Weight
43,95,195,24.983563445101908,Lose Weight
43,100,195,26.298487836949377,Lose Weight
43,105,195,27.613412228796847,Lose Weight
43,110,195,28.928336620644316,Lose Weight
43,115,195,30.243261012491782,Lose Weight
43,120,195,31.558185404339252,Lose Weight
43,125,195,32.87310979618672,Lose Weight
43,130,195,34.18803418803419,Lose Weight
43,135,195,35.50295857988166,Lose Weight
43,140,195,36.81788297172913,Lose Weight
43,145,195,38.132807363576596,Lose Weight
44,40,150,17.77777777777778,Gain Weight
44,45,150,20.0,Maintain Weight
44,50,150,22.22222222222222,Maintain Weight
44,55,150,24.444444444444443,Maintain Weight
44,60,150,26.666666666666668,Lose Weight
44,65,150,28.88888888888889,Lose Weight
44,70,150,31.11111111111111,Lose Weight
44,75,150,33.333333333333336,Lose Weight
44,80,150,35.55555555555556,Lose Weight
44,85,150,37.77777777777778,Lose Weight
44,90,150,40.0,Lose Weight
44,95,150,42.22222222222222,Lose Weight
44,100,150,44.44444444444444,Lose Weight
44,105,150,46.666666666666664,Lose Weight
44,110,150,48.888888888888886,Lose Weight
44,115,150,51.111111111111114,Lose Weight
44,120,150,53.333333333333336,Lose Weight
44,125,150,55.55555555555556,Lose Weight
44,130,150,57.77777777777778,Lose Weight
44,135,150,60.0,Lose Weight
44,140,150,62.22222222222222,Lose Weight
44,145,150,64.44444444444444,Lose Weight
44,40,155,16.649323621227886,Gain Weight
44,45,155,18.730489073881373,Maintain Weight
44,50,155,20.811654526534856,Maintain Weight
44,55,155,22.892819979188342,Maintain Weight
44,60,155,24.97398543184183,Lose Weight
44,65,155,27.055150884495315,Lose Weight
44,70,155,29.1363163371488,Lose Weight
44,75,155,31.217481789802285,Lose Weight
44,80,155,33.29864724245577,Lose Weight
44,85,155,35.37981269510926,Lose Weight
44,90,155,37.460978147762745,Lose Weight
44,95,155,39.54214360041623,Lose Weight
44,100,155,41.62330905306971,Lose Weight
44,105,155,43.7044745057232,Lose Weight
44,110,155,45.785639958376684,Lose Weight
44,115,155,47.86680541103017,Lose Weight
44,120,155,49.94797086368366,Lose Weight
44,125,155,52.029136316337144,Lose Weight
44,130,155,54.11030176899063,Lose Weight
44,135,155,56.19146722164411,Lose Weight
44,140,155,58.2726326742976,Lose Weight
44,145,155,60.353798126951084,Lose Weight
44,40,160,15.624999999999996,Gain Weight
44,45,160,17.578124999999996,Gain Weight
44,50,160,19.531249999999996,Maintain Weight
44,55,160,21.484374999999996,Maintain Weight
44,60,160,23.437499999999996,Maintain Weight
44,65,160,25.390624999999996,Lose Weight
44,70,160,27.343749999999996,Lose Weight
44,75,160,29.296874999999993,Lose Weight
44,80,160,31.249999999999993,Lose Weight
44,85,160,33.20312499999999,Lose Weight
44,90,160,35.15624999999999,Lose Weight
44,95,160,37.10937499999999,Lose Weight
44,100,160,39.06249999999999,Lose Weight
44,105,160,41.01562499999999,Lose Weight
44,110,160,42.96874999999999,Lose Weight
44,115,160,44.92187499999999,Lose Weight
44,120,160,46.87499999999999,Lose Weight
44,125,160,48.82812499999999,Lose Weight
44,130,160,50.78124999999999,Lose Weight
44,135,160,52.73437499999999,Lose Weight
44,140,160,54.68749999999999,Lose Weight
44,145,160,56.640624999999986,Lose Weight
44,40,165,14.692378328741967,Gain Weight
44,45,165,16.528925619834713,Gain Weight
44,50,165,18.36547291092746,Gain Weight
44,55,165,20.202020202020204,Maintain Weight
44,60,165,22.03856749311295,Maintain Weight
44,65,165,23.875114784205696,Maintain Weight
44,70,165,25.71166207529844,Lose Weight
44,75,165,27.548209366391188,Lose Weight
44,80,165,29.384756657483933,Lose Weight
44,85,165,31.22130394857668,Lose Weight
44,90,165,33.057851239669425,Lose Weight
44,95,165,34.894398530762174,Lose Weight
44,100,165,36.73094582185492,Lose Weight
44,105,165,38.567493112947666,Lose Weight
44,110,165,40.40404040404041,Lose Weight
44,115,165,42.24058769513316,Lose Weight
44,120,165,44.0771349862259,Lose Weight
44,125,165,45.91368227731865,Lose Weight
44,130,165,47.75022956841139,Lose Weight
44,135,165,49.58677685950414,Lose Weight
44,140,165,51.42332415059688,Lose Weight
44,145,165,53.25987144168963,Lose Weight
44,40,170,13.84083044982699,Gain Weight
44,45,170,15.570934256055365,Gain Weight
44,50,170,17.301038062283737,Gain Weight
44,55,170,19.031141868512112,Maintain Weight
44,60,170,20.761245674740486,Maintain Weight
44,65,170,22.49134948096886,Maintain Weight
44,70,170,24.221453287197235,Maintain Weight
44,75,170,25.95155709342561,Lose Weight
44,80,170,27.68166089965398,Lose Weight
44,85,170,29.411764705882355,Lose Weight
44,90,170,31.14186851211073,Lose Weight
44,95,170,32.871972318339104,Lose Weight
44,100,170,34.602076124567475,Lose Weight
44,105,170,36.33217993079585,Lose Weight
44,110,170,38.062283737024224,Lose Weight
44,115,170,39.7923875432526,Lose Weight
44,120,170,41.52249134948097,Lose Weight
44,125,170,43.25259515570935,Lose Weight
44,130,170,44.98269896193772,Lose Weight
44,135,170,46.71280276816609,Lose Weight
44,140,170,48.44290657439447,Lose Weight
44,145,170,50.17301038062284,Lose Weight
44,40,175,13.061224489795919,Gain Weight
44,45,175,14.693877551020408,Gain Weight
44,50,175,16.3265306122449,Gain Weight
44,55,175,17.959183673469386,Gain Weight
44,60,175,19.591836734693878,Maintain Weight
44,65,175,21.224489795918366,Maintain Weight
44,70,175,22.857142857142858,Maintain Weight
44,75,175,24.489795918367346,Maintain Weight
44,80,175,26.122448979591837,Lose Weight
44,85,175,27.755102040816325,Lose Weight
44,90,175,29.387755102040817,Lose Weight
44,95,175,31.020408163265305,Lose Weight
44,100,175,32.6530612244898,Lose Weight
44,105,175,34.285714285714285,Lose Weight
44,110,175,35.91836734693877,Lose Weight
44,115,175,37.55102040816327,Lose Weight
44,120,175,39.183673469387756,Lose Weight
44,125,175,40.816326530612244,Lose Weight
44,130,175,42.44897959183673,Lose Weight
44,135,175,44.08163265306123,Lose Weight
44,140,175,45.714285714285715,Lose Weight
44,145,175,47.3469387755102,Lose Weight
44,40,180,12.345679012345679,Gain Weight
44,45,180,13.888888888888888,Gain Weight
44,50,180,15.432098765432098,Gain Weight
44,55,180,16.975308641975307,Gain Weight
44,60,180,18.51851851851852,Maintain Weight
44,65,180,20.061728395061728,Maintain Weight
44,70,180,21.604938271604937,Maintain Weight
44,75,180,23.148148148148145,Maintain Weight
44,80,180,24.691358024691358,Maintain Weight
44,85,180,26.234567901234566,Lose Weight
44,90,180,27.777777777777775,Lose Weight
44,95,180,29.320987654320987,Lose Weight
44,100,180,30.864197530864196,Lose Weight
44,105,180,32.407407407407405,Lose Weight
44,110,180,33.95061728395061,Lose Weight
44,115,180,35.49382716049382,Lose Weight
44,120,180,37.03703703703704,Lose Weight
44,125,180,38.58024691358025,Lose Weight
44,130,180,40.123456790123456,Lose Weight
44,135,180,41.666666666666664,Lose Weight
44,140,180,43.20987654320987,Lose Weight
44,145,180,44.75308641975308,Lose Weight
44,40,185,11.68736303871439,Gain Weight
44,45,185,13.148283418553687,Gain Weight
44,50,185,14.609203798392986,Gain Weight
44,55,185,16.070124178232284,Gain Weight
44,60,185,17.531044558071585,Gain Weight
44,65,185,18.991964937910883,Maintain Weight
44,70,185,20.45288531775018,Maintain Weight
44,75,185,21.913805697589478,Maintain Weight
44,80,185,23.37472607742878,Maintain Weight
44,85,185,24.835646457268076,Maintain Weight
44,90,185,26.296566837107374,Lose Weight
44,95,185,27.757487216946675,Lose Weight
44,100,185,29.218407596785973,Lose Weight
44,105,185,30.67932797662527,Lose Weight
44,110,185,32.14024835646457,Lose Weight
44,115,185,33.60116873630387,Lose Weight
44,120,185,35.06208911614317,Lose Weight
44,125,185,36.523009495982464,Lose Weight
44,130,185,37.983929875821765,Lose Weight
44,135,185,39.444850255661066,Lose Weight
44,140,185,40.90577063550036,Lose Weight
44,145,185,42.36669101533966,Lose Weight
44,40,190,11.0803324099723,Gain Weight
44,45,190,12.465373961218837,Gain Weight
44,50,190,13.850415512465375,Gain Weight
44,55,190,15.235457063711912,Gain Weight
44,60,190,16.62049861495845,Gain Weight
44,65,190,18.005540166204987,Gain Weight
44,70,190,19.390581717451525,Maintain Weight
44,75,190,20.775623268698062,Maintain Weight
44,80,190,22.1606648199446,Maintain Weight
44,85,190,23.545706371191137,Maintain Weight
44,90,190,24.930747922437675,Lose Weight
44,95,190,26.315789473684212,Lose Weight
44,100,190,27.70083102493075,Lose Weight
44,105,190,29.085872576177287,Lose Weight
44,110,190,30.470914127423825,Lose Weight
44,115,190,31.855955678670362,Lose Weight
44,120,190,33.2409972299169,Lose Weight
44,125,190,34.62603878116344,Lose Weight
44,130,190,36.011080332409975,Lose Weight
44,135,190,37.39612188365651,Lose Weight
44,140,190,38.78116343490305,Lose Weight
44,145,190,40.16620498614959,Lose Weight
44,40,195,10.519395134779751,Gain Weight
44,45,195,11.834319526627219,Gain Weight
44,50,195,13.149243918474689,Gain Weight
44,55,195,14.464168310322158,Gain Weight
44,60,195,15.779092702169626,Gain Weight
44,65,195,17.094017094017094,Gain Weight
44,70,195,18.408941485864563,Gain Weight
44,75,195,19.723865877712033,Maintain Weight
44,80,195,21.038790269559502,Maintain Weight
44,85,195,22.353714661406972,Maintain Weight
44,90,195,23.668639053254438,Maintain Weight
44,95,195,24.983563445101908,Lose Weight
44,100,195,26.298487836949377,Lose Weight
44,105,195,27.613412228796847,Lose Weight
44,110,195,28.928336620644316,Lose Weight
44,115,195,30.243261012491782,Lose Weight
44,120,195,31.558185404339252,Lose Weight
44,125,195,32.87310979618672,Lose Weight
44,130,195,34.18803418803419,Lose Weight
44,135,195,35.50295857988166,Lose Weight
44,140,195,36.81788297172913,Lose Weight
44,145,195,38.132807363576596,Lose Weight
45,40,150,17.77777777777778,Gain Weight
45,45,150,20.0,Maintain Weight
45,50,150,22.22222222222222,Maintain Weight
45,55,150,24.444444444444443,Maintain Weight
45,60,150,26.666666666666668,Lose Weight
45,65,150,28.88888888888889,Lose Weight
45,70,150,31.11111111111111,Lose Weight
45,75,150,33.333333333333336,Lose Weight
45,80,150,35.55555555555556,Lose Weight
45,85,150,37.77777777777778,Lose Weight
45,90,150,40.0,Lose Weight
45,95,150,42.22222222222222,Lose Weight
45,100,150,44.44444444444444,Lose Weight
45,105,150,46.666666666666664,Lose Weight
45,110,150,48.888888888888886,Lose Weight
45,115,150,51.111111111111114,Lose Weight
45,120,150,53.333333333333336,Lose Weight
45,125,150,55.55555555555556,Lose Weight
45,130,150,57.77777777777778,Lose Weight
45,135,150,60.0,Lose Weight
45,140,150,62.22222222222222,Lose Weight
45,145,150,64.44444444444444,Lose Weight
45,40,155,16.649323621227886,Gain Weight
45,45,155,18.730489073881373,Maintain Weight
45,50,155,20.811654526534856,Maintain Weight
45,55,155,22.892819979188342,Maintain Weight
45,60,155,24.97398543184183,Lose Weight
45,65,155,27.055150884495315,Lose Weight
45,70,155,29.1363163371488,Lose Weight
45,75,155,31.217481789802285,Lose Weight
45,80,155,33.29864724245577,Lose Weight
45,85,155,35.37981269510926,Lose Weight
45,90,155,37.460978147762745,Lose Weight
45,95,155,39.54214360041623,Lose Weight
45,100,155,41.62330905306971,Lose Weight
45,105,155,43.7044745057232,Lose Weight
45,110,155,45.785639958376684,Lose Weight
45,115,155,47.86680541103017,Lose Weight
45,120,155,49.94797086368366,Lose Weight
45,125,155,52.029136316337144,Lose Weight
45,130,155,54.11030176899063,Lose Weight
45,135,155,56.19146722164411,Lose Weight
45,140,155,58.2726326742976,Lose Weight
45,145,155,60.353798126951084,Lose Weight
45,40,160,15.624999999999996,Gain Weight
45,45,160,17.578124999999996,Gain Weight
45,50,160,19.531249999999996,Maintain Weight
45,55,160,21.484374999999996,Maintain Weight
45,60,160,23.437499999999996,Maintain Weight
45,65,160,25.390624999999996,Lose Weight
45,70,160,27.343749999999996,Lose Weight
45,75,160,29.296874999999993,Lose Weight
45,80,160,31.249999999999993,Lose Weight
45,85,160,33.20312499999999,Lose Weight
45,90,160,35.15624999999999,Lose Weight
45,95,160,37.10937499999999,Lose Weight
45,100,160,39.06249999999999,Lose Weight
45,105,160,41.01562499999999,Lose Weight
45,110,160,42.96874999999999,Lose Weight
45,115,160,44.92187499999999,Lose Weight
45,120,160,46.87499999999999,Lose Weight
45,125,160,48.82812499999999,Lose Weight
45,130,160,50.78124999999999,Lose Weight
45,135,160,52.73437499999999,Lose Weight
45,140,160,54.68749999999999,Lose Weight
45,145,160,56.640624999999986,Lose Weight
45,40,165,14.692378328741967,Gain Weight
45,45,165,16.528925619834713,Gain Weight
45,50,165,18.36547291092746,Gain Weight
45,55,165,20.202020202020204,Maintain Weight
45,60,165,22.03856749311295,Maintain Weight
45,65,165,23.875114784205696,Maintain Weight
45,70,165,25.71166207529844,Lose Weight
45,75,165,27.548209366391188,Lose Weight
45,80,165,29.384756657483933,Lose Weight
45,85,165,31.22130394857668,Lose Weight
45,90,165,33.057851239669425,Lose Weight
45,95,165,34.894398530762174,Lose Weight
45,100,165,36.73094582185492,Lose Weight
45,105,165,38.567493112947666,Lose Weight
45,110,165,40.40404040404041,Lose Weight
45,115,165,42.24058769513316,Lose Weight
45,120,165,44.0771349862259,Lose Weight
45,125,165,45.91368227731865,Lose Weight
45,130,165,47.75022956841139,Lose Weight
45,135,165,49.58677685950414,Lose Weight
45,140,165,51.42332415059688,Lose Weight
45,145,165,53.25987144168963,Lose Weight
45,40,170,13.84083044982699,Gain Weight
45,45,170,15.570934256055365,Gain Weight
45,50,170,17.301038062283737,Gain Weight
45,55,170,19.031141868512112,Maintain Weight
45,60,170,20.761245674740486,Maintain Weight
45,65,170,22.49134948096886,Maintain Weight
45,70,170,24.221453287197235,Maintain Weight
45,75,170,25.95155709342561,Lose Weight
45,80,170,27.68166089965398,Lose Weight
45,85,170,29.411764705882355,Lose Weight
45,90,170,31.14186851211073,Lose Weight
45,95,170,32.871972318339104,Lose Weight
45,100,170,34.602076124567475,Lose Weight
45,105,170,36.33217993079585,Lose Weight
45,110,170,38.062283737024224,Lose Weight
45,115,170,39.7923875432526,Lose Weight
45,120,170,41.52249134948097,Lose Weight
45,125,170,43.25259515570935,Lose Weight
45,130,170,44.98269896193772,Lose Weight
45,135,170,46.71280276816609,Lose Weight
45,140,170,48.44290657439447,Lose Weight
45,145,170,50.17301038062284,Lose Weight
45,40,175,13.061224489795919,Gain Weight
45,45,175,14.693877551020408,Gain Weight
45,50,175,16.3265306122449,Gain Weight
45,55,175,17.959183673469386,Gain Weight
45,60,175,19.591836734693878,Maintain Weight
45,65,175,21.224489795918366,Maintain Weight
45,70,175,22.857142857142858,Maintain Weight
45,75,175,24.489795918367346,Maintain Weight
45,80,175,26.122448979591837,Lose Weight
45,85,175,27.755102040816325,Lose Weight
45,90,175,29.387755102040817,Lose Weight
45,95,175,31.020408163265305,Lose Weight
45,100,175,32.6530612244898,Lose Weight
45,105,175,34.285714285714285,Lose Weight
45,110,175,35.91836734693877,Lose Weight
45,115,175,37.55102040816327,Lose Weight
45,120,175,39.183673469387756,Lose Weight
45,125,175,40.816326530612244,Lose Weight
45,130,175,42.44897959183673,Lose Weight
45,135,175,44.08163265306123,Lose Weight
45,140,175,45.714285714285715,Lose Weight
45,145,175,47.3469387755102,Lose Weight
45,40,180,12.345679012345679,Gain Weight
45,45,180,13.888888888888888,Gain Weight
45,50,180,15.432098765432098,Gain Weight
45,55,180,16.975308641975307,Gain Weight
45,60,180,18.51851851851852,Maintain Weight
45,65,180,20.061728395061728,Maintain Weight
45,70,180,21.604938271604937,Maintain Weight
45,75,180,23.148148148148145,Maintain Weight
45,80,180,24.691358024691358,Maintain Weight
45,85,180,26.234567901234566,Lose Weight
45,90,180,27.777777777777775,Lose Weight
45,95,180,29.320987654320987,Lose Weight
45,100,180,30.864197530864196,Lose Weight
45,105,180,32.407407407407405,Lose Weight
45,110,180,33.95061728395061,Lose Weight
45,115,180,35.49382716049382,Lose Weight
45,120,180,37.03703703703704,Lose Weight
45,125,180,38.58024691358025,Lose Weight
45,130,180,40.123456790123456,Lose Weight
45,135,180,41.666666666666664,Lose Weight
45,140,180,43.20987654320987,Lose Weight
45,145,180,44.75308641975308,Lose Weight
45,40,185,11.68736303871439,Gain Weight
45,45,185,13.148283418553687,Gain Weight
45,50,185,14.609203798392986,Gain Weight
45,55,185,16.070124178232284,Gain Weight
45,60,185,17.531044558071585,Gain Weight
45,65,185,18.991964937910883,Maintain Weight
45,70,185,20.45288531775018,Maintain Weight
45,75,185,21.913805697589478,Maintain Weight
45,80,185,23.37472607742878,Maintain Weight
45,85,185,24.835646457268076,Maintain Weight
45,90,185,26.296566837107374,Lose Weight
45,95,185,27.757487216946675,Lose Weight
45,100,185,29.218407596785973,Lose Weight
45,105,185,30.67932797662527,Lose Weight
45,110,185,32.14024835646457,Lose Weight
45,115,185,33.60116873630387,Lose Weight
45,120,185,35.06208911614317,Lose Weight
45,125,185,36.523009495982464,Lose Weight
45,130,185,37.983929875821765,Lose Weight
45,135,185,39.444850255661066,Lose Weight
45,140,185,40.90577063550036,Lose Weight
45,145,185,42.36669101533966,Lose Weight
45,40,190,11.0803324099723,Gain Weight
45,45,190,12.465373961218837,Gain Weight
45,50,190,13.850415512465375,Gain Weight
45,55,190,15.235457063711912,Gain Weight
45,60,190,16.62049861495845,Gain Weight
45,65,190,18.005540166204987,Gain Weight
45,70,190,19.390581717451525,Maintain Weight
45,75,190,20.775623268698062,Maintain Weight
45,80,190,22.1606648199446,Maintain Weight
45,85,190,23.545706371191137,Maintain Weight
45,90,190,24.930747922437675,Lose Weight
45,95,190,26.315789473684212,Lose Weight
45,100,190,27.70083102493075,Lose Weight
45,105,190,29.085872576177287,Lose Weight
45,110,190,30.470914127423825,Lose Weight
45,115,190,31.855955678670362,Lose Weight
45,120,190,33.2409972299169,Lose Weight
45,125,190,34.62603878116344,Lose Weight
45,130,190,36.011080332409975,Lose Weight
45,135,190,37.39612188365651,Lose Weight
45,140,190,38.78116343490305,Lose Weight
45,145,190,40.16620498614959,Lose Weight
45,40,195,10.519395134779751,Gain Weight
45,45,195,11.834319526627219,Gain Weight
45,50,195,13.149243918474689,Gain Weight
45,55,195,14.464168310322158,Gain Weight
45,60,195,15.779092702169626,Gain Weight
45,65,195,17.094017094017094,Gain Weight
45,70,195,18.408941485864563,Gain Weight
45,75,195,19.723865877712033,Maintain Weight
45,80,195,21.038790269559502,Maintain Weight
45,85,195,22.353714661406972,Maintain Weight
45,90,195,23.668639053254438,Maintain Weight
45,95,195,24.983563445101908,Lose Weight
45,100,195,26.298487836949377,Lose Weight
45,105,195,27.613412228796847,Lose Weight
45,110,195,28.928336620644316,Lose Weight
45,115,195,30.243261012491782,Lose Weight
45,120,195,31.558185404339252,Lose Weight
45,125,195,32.87310979618672,Lose Weight
45,130,195,34.18803418803419,Lose Weight
45,135,195,35.50295857988166,Lose Weight
45,140,195,36.81788297172913,Lose Weight
45,145,195,38.132807363576596,Lose Weight
46,40,150,17.77777777777778,Gain Weight
46,45,150,20.0,Maintain Weight
46,50,150,22.22222222222222,Maintain Weight
46,55,150,24.444444444444443,Maintain Weight
46,60,150,26.666666666666668,Lose Weight
46,65,150,28.88888888888889,Lose Weight
46,70,150,31.11111111111111,Lose Weight
46,75,150,33.333333333333336,Lose Weight
46,80,150,35.55555555555556,Lose Weight
46,85,150,37.77777777777778,Lose Weight
46,90,150,40.0,Lose Weight
46,95,150,42.22222222222222,Lose Weight
46,100,150,44.44444444444444,Lose Weight
46,105,150,46.666666666666664,Lose Weight
46,110,150,48.888888888888886,Lose Weight
46,115,150,51.111111111111114,Lose Weight
46,120,150,53.333333333333336,Lose Weight
46,125,150,55.55555555555556,Lose Weight
46,130,150,57.77777777777778,Lose Weight
46,135,150,60.0,Lose Weight
46,140,150,62.22222222222222,Lose Weight
46,145,150,64.44444444444444,Lose Weight
46,40,155,16.649323621227886,Gain Weight
46,45,155,18.730489073881373,Maintain Weight
46,50,155,20.811654526534856,Maintain Weight
46,55,155,22.892819979188342,Maintain Weight
46,60,155,24.97398543184183,Lose Weight
46,65,155,27.055150884495315,Lose Weight
46,70,155,29.1363163371488,Lose Weight
46,75,155,31.217481789802285,Lose Weight
46,80,155,33.29864724245577,Lose Weight
46,85,155,35.37981269510926,Lose Weight
46,90,155,37.460978147762745,Lose Weight
46,95,155,39.54214360041623,Lose Weight
46,100,155,41.62330905306971,Lose Weight
46,105,155,43.7044745057232,Lose Weight
46,110,155,45.785639958376684,Lose Weight
46,115,155,47.86680541103017,Lose Weight
46,120,155,49.94797086368366,Lose Weight
46,125,155,52.029136316337144,Lose Weight
46,130,155,54.11030176899063,Lose Weight
46,135,155,56.19146722164411,Lose Weight
46,140,155,58.2726326742976,Lose Weight
46,145,155,60.353798126951084,Lose Weight
46,40,160,15.624999999999996,Gain Weight
46,45,160,17.578124999999996,Gain Weight
46,50,160,19.531249999999996,Maintain Weight
46,55,160,21.484374999999996,Maintain Weight
46,60,160,23.437499999999996,Maintain Weight
46,65,160,25.390624999999996,Lose Weight
46,70,160,27.343749999999996,Lose Weight
46,75,160,29.296874999999993,Lose Weight
46,80,160,31.249999999999993,Lose Weight
46,85,160,33.20312499999999,Lose Weight
46,90,160,35.15624999999999,Lose Weight
46,95,160,37.10937499999999,Lose Weight
46,100,160,39.06249999999999,Lose Weight
46,105,160,41.01562499999999,Lose Weight
46,110,160,42.96874999999999,Lose Weight
46,115,160,44.92187499999999,Lose Weight
46,120,160,46.87499999999999,Lose Weight
46,125,160,48.82812499999999,Lose Weight
46,130,160,50.78124999999999,Lose Weight
46,135,160,52.73437499999999,Lose Weight
46,140,160,54.68749999999999,Lose Weight
46,145,160,56.640624999999986,Lose Weight
46,40,165,14.692378328741967,Gain Weight
46,45,165,16.528925619834713,Gain Weight
46,50,165,18.36547291092746,Gain Weight
46,55,165,20.202020202020204,Maintain Weight
46,60,165,22.03856749311295,Maintain Weight
46,65,165,23.875114784205696,Maintain Weight
46,70,165,25.71166207529844,Lose Weight
46,75,165,27.548209366391188,Lose Weight
46,80,165,29.384756657483933,Lose Weight
46,85,165,31.22130394857668,Lose Weight
46,90,165,33.057851239669425,Lose Weight
46,95,165,34.894398530762174,Lose Weight
46,100,165,36.73094582185492,Lose Weight
46,105,165,38.567493112947666,Lose Weight
46,110,165,40.40404040404041,Lose Weight
46,115,165,42.24058769513316,Lose Weight
46,120,165,44.0771349862259,Lose Weight
46,125,165,45.91368227731865,Lose Weight
46,130,165,47.75022956841139,Lose Weight
46,135,165,49.58677685950414,Lose Weight
46,140,165,51.42332415059688,Lose Weight
46,145,165,53.25987144168963,Lose Weight
46,40,170,13.84083044982699,Gain Weight
46,45,170,15.570934256055365,Gain Weight
46,50,170,17.301038062283737,Gain Weight
46,55,170,19.031141868512112,Maintain Weight
46,60,170,20.761245674740486,Maintain Weight
46,65,170,22.49134948096886,Maintain Weight
46,70,170,24.221453287197235,Maintain Weight
46,75,170,25.95155709342561,Lose Weight
46,80,170,27.68166089965398,Lose Weight
46,85,170,29.411764705882355,Lose Weight
46,90,170,31.14186851211073,Lose Weight
46,95,170,32.871972318339104,Lose Weight
46,100,170,34.602076124567475,Lose Weight
46,105,170,36.33217993079585,Lose Weight
46,110,170,38.062283737024224,Lose Weight
46,115,170,39.7923875432526,Lose Weight
46,120,170,41.52249134948097,Lose Weight
46,125,170,43.25259515570935,Lose Weight
46,130,170,44.98269896193772,Lose Weight
46,135,170,46.71280276816609,Lose Weight
46,140,170,48.44290657439447,Lose Weight
46,145,170,50.17301038062284,Lose Weight
46,40,175,13.061224489795919,Gain Weight
46,45,175,14.693877551020408,Gain Weight
46,50,175,16.3265306122449,Gain Weight
46,55,175,17.959183673469386,Gain Weight
46,60,175,19.591836734693878,Maintain Weight
46,65,175,21.224489795918366,Maintain Weight
46,70,175,22.857142857142858,Maintain Weight
46,75,175,24.489795918367346,Maintain Weight
46,80,175,26.122448979591837,Lose Weight
46,85,175,27.755102040816325,Lose Weight
46,90,175,29.387755102040817,Lose Weight
46,95,175,31.020408163265305,Lose Weight
46,100,175,32.6530612244898,Lose Weight
46,105,175,34.285714285714285,Lose Weight
46,110,175,35.91836734693877,Lose Weight
46,115,175,37.55102040816327,Lose Weight
46,120,175,39.183673469387756,Lose Weight
46,125,175,40.816326530612244,Lose Weight
46,130,175,42.44897959183673,Lose Weight
46,135,175,44.08163265306123,Lose Weight
46,140,175,45.714285714285715,Lose Weight
46,145,175,47.3469387755102,Lose Weight
46,40,180,12.345679012345679,Gain Weight
46,45,180,13.888888888888888,Gain Weight
46,50,180,15.432098765432098,Gain Weight
46,55,180,16.975308641975307,Gain Weight
46,60,180,18.51851851851852,Maintain Weight
46,65,180,20.061728395061728,Maintain Weight
46,70,180,21.604938271604937,Maintain Weight
46,75,180,23.148148148148145,Maintain Weight
46,80,180,24.691358024691358,Maintain Weight
46,85,180,26.234567901234566,Lose Weight
46,90,180,27.777777777777775,Lose Weight
46,95,180,29.320987654320987,Lose Weight
46,100,180,30.864197530864196,Lose Weight
46,105,180,32.407407407407405,Lose Weight
46,110,180,33.95061728395061,Lose Weight
46,115,180,35.49382716049382,Lose Weight
46,120,180,37.03703703703704,Lose Weight
46,125,180,38.58024691358025,Lose Weight
46,130,180,40.123456790123456,Lose Weight
46,135,180,41.666666666666664,Lose Weight
46,140,180,43.20987654320987,Lose Weight
46,145,180,44.75308641975308,Lose Weight
46,40,185,11.68736303871439,Gain Weight
46,45,185,13.148283418553687,Gain Weight
46,50,185,14.609203798392986,Gain Weight
46,55,185,16.070124178232284,Gain Weight
46,60,185,17.531044558071585,Gain Weight
46,65,185,18.991964937910883,Maintain Weight
46,70,185,20.45288531775018,Maintain Weight
46,75,185,21.913805697589478,Maintain Weight
46,80,185,23.37472607742878,Maintain Weight
46,85,185,24.835646457268076,Maintain Weight
46,90,185,26.296566837107374,Lose Weight
46,95,185,27.757487216946675,Lose Weight
46,100,185,29.218407596785973,Lose Weight
46,105,185,30.67932797662527,Lose Weight
46,110,185,32.14024835646457,Lose Weight
46,115,185,33.60116873630387,Lose Weight
46,120,185,35.06208911614317,Lose Weight
46,125,185,36.523009495982464,Lose Weight
46,130,185,37.983929875821765,Lose Weight
46,135,185,39.444850255661066,Lose Weight
46,140,185,40.90577063550036,Lose Weight
46,145,185,42.36669101533966,Lose Weight
46,40,190,11.0803324099723,Gain Weight
46,45,190,12.465373961218837,Gain Weight
46,50,190,13.850415512465375,Gain Weight
46,55,190,15.235457063711912,Gain Weight
46,60,190,16.62049861495845,Gain Weight
46,65,190,18.005540166204987,Gain Weight
46,70,190,19.390581717451525,Maintain Weight
46,75,190,20.775623268698062,Maintain Weight
46,80,190,22.1606648199446,Maintain Weight
46,85,190,23.545706371191137,Maintain Weight
46,90,190,24.930747922437675,Lose Weight
46,95,190,26.315789473684212,Lose Weight
46,100,190,27.70083102493075,Lose Weight
46,105,190,29.085872576177287,Lose Weight
46,110,190,30.470914127423825,Lose Weight
46,115,190,31.855955678670362,Lose Weight
46,120,190,33.2409972299169,Lose Weight
46,125,190,34.62603878116344,Lose Weight
46,130,190,36.011080332409975,Lose Weight
46,135,190,37.39612188365651,Lose Weight
46,140,190,38.78116343490305,Lose Weight
46,145,190,40.16620498614959,Lose Weight
46,40,195,10.519395134779751,Gain Weight
46,45,195,11.834319526627219,Gain Weight
46,50,195,13.149243918474689,Gain Weight
46,55,195,14.464168310322158,Gain Weight
46,60,195,15.779092702169626,Gain Weight
46,65,195,17.094017094017094,Gain Weight
46,70,195,18.408941485864563,Gain Weight
46,75,195,19.723865877712033,Maintain Weight
46,80,195,21.038790269559502,Maintain Weight
46,85,195,22.353714661406972,Maintain Weight
46,90,195,23.668639053254438,Maintain Weight
46,95,195,24.983563445101908,Lose Weight
46,100,195,26.298487836949377,Lose Weight
46,105,195,27.613412228796847,Lose Weight
46,110,195,28.928336620644316,Lose Weight
46,115,195,30.243261012491782,Lose Weight
46,120,195,31.558185404339252,Lose Weight
46,125,195,32.87310979618672,Lose Weight
46,130,195,34.18803418803419,Lose Weight
46,135,195,35.50295857988166,Lose Weight
46,140,195,36.81788297172913,Lose Weight
46,145,195,38.132807363576596,Lose Weight
47,40,150,17.77777777777778,Gain Weight
47,45,150,20.0,Maintain Weight
47,50,150,22.22222222222222,Maintain Weight
47,55,150,24.444444444444443,Maintain Weight
47,60,150,26.666666666666668,Lose Weight
47,65,150,28.88888888888889,Lose Weight
47,70,150,31.11111111111111,Lose Weight
47,75,150,33.333333333333336,Lose Weight
47,80,150,35.55555555555556,Lose Weight
47,85,150,37.77777777777778,Lose Weight
47,90,150,40.0,Lose Weight
47,95,150,42.22222222222222,Lose Weight
47,100,150,44.44444444444444,Lose Weight
47,105,150,46.666666666666664,Lose Weight
47,110,150,48.888888888888886,Lose Weight
47,115,150,51.111111111111114,Lose Weight
47,120,150,53.333333333333336,Lose Weight
47,125,150,55.55555555555556,Lose Weight
47,130,150,57.77777777777778,Lose Weight
47,135,150,60.0,Lose Weight
47,140,150,62.22222222222222,Lose Weight
47,145,150,64.44444444444444,Lose Weight
47,40,155,16.649323621227886,Gain Weight
47,45,155,18.730489073881373,Maintain Weight
47,50,155,20.811654526534856,Maintain Weight
47,55,155,22.892819979188342,Maintain Weight
47,60,155,24.97398543184183,Lose Weight
47,65,155,27.055150884495315,Lose Weight
47,70,155,29.1363163371488,Lose Weight
47,75,155,31.217481789802285,Lose Weight
47,80,155,33.29864724245577,Lose Weight
47,85,155,35.37981269510926,Lose Weight
47,90,155,37.460978147762745,Lose Weight
47,95,155,39.54214360041623,Lose Weight
47,100,155,41.62330905306971,Lose Weight
47,105,155,43.7044745057232,Lose Weight
47,110,155,45.785639958376684,Lose Weight
47,115,155,47.86680541103017,Lose Weight
47,120,155,49.94797086368366,Lose Weight
47,125,155,52.029136316337144,Lose Weight
47,130,155,54.11030176899063,Lose Weight
47,135,155,56.19146722164411,Lose Weight
47,140,155,58.2726326742976,Lose Weight
47,145,155,60.353798126951084,Lose Weight
47,40,160,15.624999999999996,Gain Weight
47,45,160,17.578124999999996,Gain Weight
47,50,160,19.531249999999996,Maintain Weight
47,55,160,21.484374999999996,Maintain Weight
47,60,160,23.437499999999996,Maintain Weight
47,65,160,25.390624999999996,Lose Weight
47,70,160,27.343749999999996,Lose Weight
47,75,160,29.296874999999993,Lose Weight
47,80,160,31.249999999999993,Lose Weight
47,85,160,33.20312499999999,Lose Weight
47,90,160,35.15624999999999,Lose Weight
47,95,160,37.10937499999999,Lose Weight
47,100,160,39.06249999999999,Lose Weight
47,105,160,41.01562499999999,Lose Weight
47,110,160,42.96874999999999,Lose Weight
47,115,160,44.92187499999999,Lose Weight
47,120,160,46.87499999999999,Lose Weight
47,125,160,48.82812499999999,Lose Weight
47,130,160,50.78124999999999,Lose Weight
47,135,160,52.73437499999999,Lose Weight
47,140,160,54.68749999999999,Lose Weight
47,145,160,56.640624999999986,Lose Weight
47,40,165,14.692378328741967,Gain Weight
47,45,165,16.528925619834713,Gain Weight
47,50,165,18.36547291092746,Gain Weight
47,55,165,20.202020202020204,Maintain Weight
47,60,165,22.03856749311295,Maintain Weight
47,65,165,23.875114784205696,Maintain Weight
47,70,165,25.71166207529844,Lose Weight
47,75,165,27.548209366391188,Lose Weight
47,80,165,29.384756657483933,Lose Weight
47,85,165,31.22130394857668,Lose Weight
47,90,165,33.057851239669425,Lose Weight
47,95,165,34.894398530762174,Lose Weight
47,100,165,36.73094582185492,Lose Weight
47,105,165,38.567493112947666,Lose Weight
47,110,165,40.40404040404041,Lose Weight
47,115,165,42.24058769513316,Lose Weight
47,120,165,44.0771349862259,Lose Weight
47,125,165,45.91368227731865,Lose Weight
47,130,165,47.75022956841139,Lose Weight
47,135,165,49.58677685950414,Lose Weight
47,140,165,51.42332415059688,Lose Weight
47,145,165,53.25987144168963,Lose Weight
47,40,170,13.84083044982699,Gain Weight
47,45,170,15.570934256055365,Gain Weight
47,50,170,17.301038062283737,Gain Weight
47,55,170,19.031141868512112,Maintain Weight
47,60,170,20.761245674740486,Maintain Weight
47,65,170,22.49134948096886,Maintain Weight
47,70,170,24.221453287197235,Maintain Weight
47,75,170,25.95155709342561,Lose Weight
47,80,170,27.68166089965398,Lose Weight
47,85,170,29.411764705882355,Lose Weight
47,90,170,31.14186851211073,Lose Weight
47,95,170,32.871972318339104,Lose Weight
47,100,170,34.602076124567475,Lose Weight
47,105,170,36.33217993079585,Lose Weight
47,110,170,38.062283737024224,Lose Weight
47,115,170,39.7923875432526,Lose Weight
47,120,170,41.52249134948097,Lose Weight
47,125,170,43.25259515570935,Lose Weight
47,130,170,44.98269896193772,Lose Weight
47,135,170,46.71280276816609,Lose Weight
47,140,170,48.44290657439447,Lose Weight
47,145,170,50.17301038062284,Lose Weight
47,40,175,13.061224489795919,Gain Weight
47,45,175,14.693877551020408,Gain Weight
47,50,175,16.3265306122449,Gain Weight
47,55,175,17.959183673469386,Gain Weight
47,60,175,19.591836734693878,Maintain Weight
47,65,175,21.224489795918366,Maintain Weight
47,70,175,22.857142857142858,Maintain Weight
47,75,175,24.489795918367346,Maintain Weight
47,80,175,26.122448979591837,Lose Weight
47,85,175,27.755102040816325,Lose Weight
47,90,175,29.387755102040817,Lose Weight
47,95,175,31.020408163265305,Lose Weight
47,100,175,32.6530612244898,Lose Weight
47,105,175,34.285714285714285,Lose Weight
47,110,175,35.91836734693877,Lose Weight
47,115,175,37.55102040816327,Lose Weight
47,120,175,39.183673469387756,Lose Weight
47,125,175,40.816326530612244,Lose Weight
47,130,175,42.44897959183673,Lose Weight
47,135,175,44.08163265306123,Lose Weight
47,140,175,45.714285714285715,Lose Weight
47,145,175,47.3469387755102,Lose Weight
47,40,180,12.345679012345679,Gain Weight
47,45,180,13.888888888888888,Gain Weight
47,50,180,15.432098765432098,Gain Weight
47,55,180,16.975308641975307,Gain Weight
47,60,180,18.51851851851852,Maintain Weight
47,65,180,20.061728395061728,Maintain Weight
47,70,180,21.604938271604937,Maintain Weight
47,75,180,23.148148148148145,Maintain Weight
47,80,180,24.691358024691358,Maintain Weight
47,85,180,26.234567901234566,Lose Weight
47,90,180,27.777777777777775,Lose Weight
47,95,180,29.320987654320987,Lose Weight
47,100,180,30.864197530864196,Lose Weight
47,105,180,32.407407407407405,Lose Weight
47,110,180,33.95061728395061,Lose Weight
47,115,180,35.49382716049382,Lose Weight
47,120,180,37.03703703703704,Lose Weight
47,125,180,38.58024691358025,Lose Weight
47,130,180,40.123456790123456,Lose Weight
47,135,180,41.666666666666664,Lose Weight
47,140,180,43.20987654320987,Lose Weight
47,145,180,44.75308641975308,Lose Weight
47,40,185,11.68736303871439,Gain Weight
47,45,185,13.148283418553687,Gain Weight
47,50,185,14.609203798392986,Gain Weight
47,55,185,16.070124178232284,Gain Weight
47,60,185,17.531044558071585,Gain Weight
47,65,185,18.991964937910883,Maintain Weight
47,70,185,20.45288531775018,Maintain Weight
47,75,185,21.913805697589478,Maintain Weight
47,80,185,23.37472607742878,Maintain Weight
47,85,185,24.835646457268076,Maintain Weight
47,90,185,26.296566837107374,Lose Weight
47,95,185,27.757487216946675,Lose Weight
47,100,185,29.218407596785973,Lose Weight
47,105,185,30.67932797662527,Lose Weight
47,110,185,32.14024835646457,Lose Weight
47,115,185,33.60116873630387,Lose Weight
47,120,185,35.06208911614317,Lose Weight
47,125,185,36.523009495982464,Lose Weight
47,130,185,37.983929875821765,Lose Weight
47,135,185,39.444850255661066,Lose Weight
47,140,185,40.90577063550036,Lose Weight
47,145,185,42.36669101533966,Lose Weight
47,40,190,11.0803324099723,Gain Weight
47,45,190,12.465373961218837,Gain Weight
47,50,190,13.850415512465375,Gain Weight
47,55,190,15.235457063711912,Gain Weight
47,60,190,16.62049861495845,Gain Weight
47,65,190,18.005540166204987,Gain Weight
47,70,190,19.390581717451525,Maintain Weight
47,75,190,20.775623268698062,Maintain Weight
47,80,190,22.1606648199446,Maintain Weight
47,85,190,23.545706371191137,Maintain Weight
47,90,190,24.930747922437675,Lose Weight
47,95,190,26.315789473684212,Lose Weight
47,100,190,27.70083102493075,Lose Weight
47,105,190,29.085872576177287,Lose Weight
47,110,190,30.470914127423825,Lose Weight
47,115,190,31.855955678670362,Lose Weight
47,120,190,33.2409972299169,Lose Weight
47,125,190,34.62603878116344,Lose Weight
47,130,190,36.011080332409975,Lose Weight
47,135,190,37.39612188365651,Lose Weight
47,140,190,38.78116343490305,Lose Weight
47,145,190,40.16620498614959,Lose Weight
47,40,195,10.519395134779751,Gain Weight
47,45,195,11.834319526627219,Gain Weight
47,50,195,13.149243918474689,Gain Weight
47,55,195,14.464168310322158,Gain Weight
47,60,195,15.779092702169626,Gain Weight
47,65,195,17.094017094017094,Gain Weight
47,70,195,18.408941485864563,Gain Weight
47,75,195,19.723865877712033,Maintain Weight
47,80,195,21.038790269559502,Maintain Weight
47,85,195,22.353714661406972,Maintain Weight
47,90,195,23.668639053254438,Maintain Weight
47,95,195,24.983563445101908,Lose Weight
47,100,195,26.298487836949377,Lose Weight
47,105,195,27.613412228796847,Lose Weight
47,110,195,28.928336620644316,Lose Weight
47,115,195,30.243261012491782,Lose Weight
47,120,195,31.558185404339252,Lose Weight
47,125,195,32.87310979618672,Lose Weight
47,130,195,34.18803418803419,Lose Weight
47,135,195,35.50295857988166,Lose Weight
47,140,195,36.81788297172913,Lose Weight
47,145,195,38.132807363576596,Lose Weight
48,40,150,17.77777777777778,Gain Weight
48,45,150,20.0,Maintain Weight
48,50,150,22.22222222222222,Maintain Weight
48,55,150,24.444444444444443,Maintain Weight
48,60,150,26.666666666666668,Lose Weight
48,65,150,28.88888888888889,Lose Weight
48,70,150,31.11111111111111,Lose Weight
48,75,150,33.333333333333336,Lose Weight
48,80,150,35.55555555555556,Lose Weight
48,85,150,37.77777777777778,Lose Weight
48,90,150,40.0,Lose Weight
48,95,150,42.22222222222222,Lose Weight
48,100,150,44.44444444444444,Lose Weight
48,105,150,46.666666666666664,Lose Weight
48,110,150,48.888888888888886,Lose Weight
48,115,150,51.111111111111114,Lose Weight
48,120,150,53.333333333333336,Lose Weight
48,125,150,55.55555555555556,Lose Weight
48,130,150,57.77777777777778,Lose Weight
48,135,150,60.0,Lose Weight
48,140,150,62.22222222222222,Lose Weight
48,145,150,64.44444444444444,Lose Weight
48,40,155,16.649323621227886,Gain Weight
48,45,155,18.730489073881373,Maintain Weight
48,50,155,20.811654526534856,Maintain Weight
48,55,155,22.892819979188342,Maintain Weight
48,60,155,24.97398543184183,Lose Weight
48,65,155,27.055150884495315,Lose Weight
48,70,155,29.1363163371488,Lose Weight
48,75,155,31.217481789802285,Lose Weight
48,80,155,33.29864724245577,Lose Weight
48,85,155,35.37981269510926,Lose Weight
48,90,155,37.460978147762745,Lose Weight
48,95,155,39.54214360041623,Lose Weight
48,100,155,41.62330905306971,Lose Weight
48,105,155,43.7044745057232,Lose Weight
48,110,155,45.785639958376684,Lose Weight
48,115,155,47.86680541103017,Lose Weight
48,120,155,49.94797086368366,Lose Weight
48,125,155,52.029136316337144,Lose Weight
48,130,155,54.11030176899063,Lose Weight
48,135,155,56.19146722164411,Lose Weight
48,140,155,58.2726326742976,Lose Weight
48,145,155,60.353798126951084,Lose Weight
48,40,160,15.624999999999996,Gain Weight
48,45,160,17.578124999999996,Gain Weight
48,50,160,19.531249999999996,Maintain Weight
48,55,160,21.484374999999996,Maintain Weight
48,60,160,23.437499999999996,Maintain Weight
48,65,160,25.390624999999996,Lose Weight
48,70,160,27.343749999999996,Lose Weight
48,75,160,29.296874999999993,Lose Weight
48,80,160,31.249999999999993,Lose Weight
48,85,160,33.20312499999999,Lose Weight
48,90,160,35.15624999999999,Lose Weight
48,95,160,37.10937499999999,Lose Weight
48,100,160,39.06249999999999,Lose Weight
48,105,160,41.01562499999999,Lose Weight
48,110,160,42.96874999999999,Lose Weight
48,115,160,44.92187499999999,Lose Weight
48,120,160,46.87499999999999,Lose Weight
48,125,160,48.82812499999999,Lose Weight
48,130,160,50.78124999999999,Lose Weight
48,135,160,52.73437499999999,Lose Weight
48,140,160,54.68749999999999,Lose Weight
48,145,160,56.640624999999986,Lose Weight
48,40,165,14.692378328741967,Gain Weight
48,45,165,16.528925619834713,Gain Weight
48,50,165,18.36547291092746,Gain Weight
48,55,165,20.202020202020204,Maintain Weight
48,60,165,22.03856749311295,Maintain Weight
48,65,165,23.875114784205696,Maintain Weight
48,70,165,25.71166207529844,Lose Weight
48,75,165,27.548209366391188,Lose Weight
48,80,165,29.384756657483933,Lose Weight
48,85,165,31.22130394857668,Lose Weight
48,90,165,33.057851239669425,Lose Weight
48,95,165,34.894398530762174,Lose Weight
48,100,165,36.73094582185492,Lose Weight
48,105,165,38.567493112947666,Lose Weight
48,110,165,40.40404040404041,Lose Weight
48,115,165,42.24058769513316,Lose Weight
48,120,165,44.0771349862259,Lose Weight
48,125,165,45.91368227731865,Lose Weight
48,130,165,47.75022956841139,Lose Weight
48,135,165,49.58677685950414,Lose Weight
48,140,165,51.42332415059688,Lose Weight
48,145,165,53.25987144168963,Lose Weight
48,40,170,13.84083044982699,Gain Weight
48,45,170,15.570934256055365,Gain Weight
48,50,170,17.301038062283737,Gain Weight
48,55,170,19.031141868512112,Maintain Weight
48,60,170,20.761245674740486,Maintain Weight
48,65,170,22.49134948096886,Maintain Weight
48,70,170,24.221453287197235,Maintain Weight
48,75,170,25.95155709342561,Lose Weight
48,80,170,27.68166089965398,Lose Weight
48,85,170,29.411764705882355,Lose Weight
48,90,170,31.14186851211073,Lose Weight
48,95,170,32.871972318339104,Lose Weight
48,100,170,34.602076124567475,Lose Weight
48,105,170,36.33217993079585,Lose Weight
48,110,170,38.062283737024224,Lose Weight
48,115,170,39.7923875432526,Lose Weight
48,120,170,41.52249134948097,Lose Weight
48,125,170,43.25259515570935,Lose Weight
48,130,170,44.98269896193772,Lose Weight
48,135,170,46.71280276816609,Lose Weight
48,140,170,48.44290657439447,Lose Weight
48,145,170,50.17301038062284,Lose Weight
48,40,175,13.061224489795919,Gain Weight
48,45,175,14.693877551020408,Gain Weight
48,50,175,16.3265306122449,Gain Weight
48,55,175,17.959183673469386,Gain Weight
48,60,175,19.591836734693878,Maintain Weight
48,65,175,21.224489795918366,Maintain Weight
48,70,175,22.857142857142858,Maintain Weight
48,75,175,24.489795918367346,Maintain Weight
48,80,175,26.122448979591837,Lose Weight
48,85,175,27.755102040816325,Lose Weight
48,90,175,29.387755102040817,Lose Weight
48,95,175,31.020408163265305,Lose Weight
48,100,175,32.6530612244898,Lose Weight
48,105,175,34.285714285714285,Lose Weight
48,110,175,35.91836734693877,Lose Weight
48,115,175,37.55102040816327,Lose Weight
48,120,175,39.183673469387756,Lose Weight
48,125,175,40.816326530612244,Lose Weight
48,130,175,42.44897959183673,Lose Weight
48,135,175,44.08163265306123,Lose Weight
48,140,175,45.714285714285715,Lose Weight
48,145,175,47.3469387755102,Lose Weight
48,40,180,12.345679012345679,Gain Weight
48,45,180,13.888888888888888,Gain Weight
48,50,180,15.432098765432098,Gain Weight
48,55,180,16.975308641975307,Gain Weight
48,60,180,18.51851851851852,Maintain Weight
48,65,180,20.061728395061728,Maintain Weight
48,70,180,21.604938271604937,Maintain Weight
48,75,180,23.148148148148145,Maintain Weight
48,80,180,24.691358024691358,Maintain Weight
48,85,180,26.234567901234566,Lose Weight
48,90,180,27.777777777777775,Lose Weight
48,95,180,29.320987654320987,Lose Weight
48,100,180,30.864197530864196,Lose Weight
48,105,180,32.407407407407405,Lose Weight
48,110,180,33.95061728395061,Lose Weight
48,115,180,35.49382716049382,Lose Weight
48,120,180,37.03703703703704,Lose Weight
48,125,180,38.58024691358025,Lose Weight
48,130,180,40.123456790123456,Lose Weight
48,135,180,41.666666666666664,Lose Weight
48,140,180,43.20987654320987,Lose Weight
48,145,180,44.75308641975308,Lose Weight
48,40,185,11.68736303871439,Gain Weight
48,45,185,13.148283418553687,Gain Weight
48,50,185,14.609203798392986,Gain Weight
48,55,185,16.070124178232284,Gain Weight
48,60,185,17.531044558071585,Gain Weight
48,65,185,18.991964937910883,Maintain Weight
48,70,185,20.45288531775018,Maintain Weight
48,75,185,21.913805697589478,Maintain Weight
48,80,185,23.37472607742878,Maintain Weight
48,85,185,24.835646457268076,Maintain Weight
48,90,185,26.296566837107374,Lose Weight
48,95,185,27.757487216946675,Lose Weight
48,100,185,29.218407596785973,Lose Weight
48,105,185,30.67932797662527,Lose Weight
48,110,185,32.14024835646457,Lose Weight
48,115,185,33.60116873630387,Lose Weight
48,120,185,35.06208911614317,Lose Weight
48,125,185,36.523009495982464,Lose Weight
48,130,185,37.983929875821765,Lose Weight
48,135,185,39.444850255661066,Lose Weight
48,140,185,40.90577063550036,Lose Weight
48,145,185,42.36669101533966,Lose Weight
48,40,190,11.0803324099723,Gain Weight
48,45,190,12.465373961218837,Gain Weight
48,50,190,13.850415512465375,Gain Weight
48,55,190,15.235457063711912,Gain Weight
48,60,190,16.62049861495845,Gain Weight
48,65,190,18.005540166204987,Gain Weight
48,70,190,19.390581717451525,Maintain Weight
48,75,190,20.775623268698062,Maintain Weight
48,80,190,22.1606648199446,Maintain Weight
48,85,190,23.545706371191137,Maintain Weight
48,90,190,24.930747922437675,Lose Weight
48,95,190,26.315789473684212,Lose Weight
48,100,190,27.70083102493075,Lose Weight
48,105,190,29.085872576177287,Lose Weight
48,110,190,30.470914127423825,Lose Weight
48,115,190,31.855955678670362,Lose Weight
48,120,190,33.2409972299169,Lose Weight
48,125,190,34.62603878116344,Lose Weight
48,130,190,36.011080332409975,Lose Weight
48,135,190,37.39612188365651,Lose Weight
48,140,190,38.78116343490305,Lose Weight
48,145,190,40.16620498614959,Lose Weight
48,40,195,10.519395134779751,Gain Weight
48,45,195,11.834319526627219,Gain Weight
48,50,195,13.149243918474689,Gain Weight
48,55,195,14.464168310322158,Gain Weight
48,60,195,15.779092702169626,Gain Weight
48,65,195,17.094017094017094,Gain Weight
48,70,195,18.408941485864563,Gain Weight
48,75,195,19.723865877712033,Maintain Weight
48,80,195,21.038790269559502,Maintain Weight
48,85,195,22.353714661406972,Maintain Weight
48,90,195,23.668639053254438,Maintain Weight
48,95,195,24.983563445101908,Lose Weight
48,100,195,26.298487836949377,Lose Weight
48,105,195,27.613412228796847,Lose Weight
48,110,195,28.928336620644316,Lose Weight
48,115,195,30.243261012491782,Lose Weight
48,120,195,31.558185404339252,Lose Weight
48,125,195,32.87310979618672,Lose Weight
48,130,195,34.18803418803419,Lose Weight
48,135,195,35.50295857988166,Lose Weight
48,140,195,36.81788297172913,Lose Weight
48,145,195,38.132807363576596,Lose Weight
49,40,150,17.77777777777778,Gain Weight
49,45,150,20.0,Maintain Weight
49,50,150,22.22222222222222,Maintain Weight
49,55,150,24.444444444444443,Maintain Weight
49,60,150,26.666666666666668,Lose Weight
49,65,150,28.88888888888889,Lose Weight
49,70,150,31.11111111111111,Lose Weight
49,75,150,33.333333333333336,Lose Weight
49,80,150,35.55555555555556,Lose Weight
49,85,150,37.77777777777778,Lose Weight
49,90,150,40.0,Lose Weight
49,95,150,42.22222222222222,Lose Weight
49,100,150,44.44444444444444,Lose Weight
49,105,150,46.666666666666664,Lose Weight
49,110,150,48.888888888888886,Lose Weight
49,115,150,51.111111111111114,Lose Weight
49,120,150,53.333333333333336,Lose Weight
49,125,150,55.55555555555556,Lose Weight
49,130,150,57.77777777777778,Lose Weight
49,135,150,60.0,Lose Weight
49,140,150,62.22222222222222,Lose Weight
49,145,150,64.44444444444444,Lose Weight
49,40,155,16.649323621227886,Gain Weight
49,45,155,18.730489073881373,Maintain Weight
49,50,155,20.811654526534856,Maintain Weight
49,55,155,22.892819979188342,Maintain Weight
49,60,155,24.97398543184183,Lose Weight
49,65,155,27.055150884495315,Lose Weight
49,70,155,29.1363163371488,Lose Weight
49,75,155,31.217481789802285,Lose Weight
49,80,155,33.29864724245577,Lose Weight
49,85,155,35.37981269510926,Lose Weight
49,90,155,37.460978147762745,Lose Weight
49,95,155,39.54214360041623,Lose Weight
49,100,155,41.62330905306971,Lose Weight
49,105,155,43.7044745057232,Lose Weight
49,110,155,45.785639958376684,Lose Weight
49,115,155,47.86680541103017,Lose Weight
49,120,155,49.94797086368366,Lose Weight
49,125,155,52.029136316337144,Lose Weight
49,130,155,54.11030176899063,Lose Weight
49,135,155,56.19146722164411,Lose Weight
49,140,155,58.2726326742976,Lose Weight
49,145,155,60.353798126951084,Lose Weight
49,40,160,15.624999999999996,Gain Weight
49,45,160,17.578124999999996,Gain Weight
49,50,160,19.531249999999996,Maintain Weight
49,55,160,21.484374999999996,Maintain Weight
49,60,160,23.437499999999996,Maintain Weight
49,65,160,25.390624999999996,Lose Weight
49,70,160,27.343749999999996,Lose Weight
49,75,160,29.296874999999993,Lose Weight
49,80,160,31.249999999999993,Lose Weight
49,85,160,33.20312499999999,Lose Weight
49,90,160,35.15624999999999,Lose Weight
49,95,160,37.10937499999999,Lose Weight
49,100,160,39.06249999999999,Lose Weight
49,105,160,41.01562499999999,Lose Weight
49,110,160,42.96874999999999,Lose Weight
49,115,160,44.92187499999999,Lose Weight
49,120,160,46.87499999999999,Lose Weight
49,125,160,48.82812499999999,Lose Weight
49,130,160,50.78124999999999,Lose Weight
49,135,160,52.73437499999999,Lose Weight
49,140,160,54.68749999999999,Lose Weight
49,145,160,56.640624999999986,Lose Weight
49,40,165,14.692378328741967,Gain Weight
49,45,165,16.528925619834713,Gain Weight
49,50,165,18.36547291092746,Gain Weight
49,55,165,20.202020202020204,Maintain Weight
49,60,165,22.03856749311295,Maintain Weight
49,65,165,23.875114784205696,Maintain Weight
49,70,165,25.71166207529844,Lose Weight
49,75,165,27.548209366391188,Lose Weight
49,80,165,29.384756657483933,Lose Weight
49,85,165,31.22130394857668,Lose Weight
49,90,165,33.057851239669425,Lose Weight
49,95,165,34.894398530762174,Lose Weight
49,100,165,36.73094582185492,Lose Weight
49,105,165,38.567493112947666,Lose Weight
49,110,165,40.40404040404041,Lose Weight
49,115,165,42.24058769513316,Lose Weight
49,120,165,44.0771349862259,Lose Weight
49,125,165,45.91368227731865,Lose Weight
49,130,165,47.75022956841139,Lose Weight
49,135,165,49.58677685950414,Lose Weight
49,140,165,51.42332415059688,Lose Weight
49,145,165,53.25987144168963,Lose Weight
49,40,170,13.84083044982699,Gain Weight
49,45,170,15.570934256055365,Gain Weight
49,50,170,17.301038062283737,Gain Weight
49,55,170,19.031141868512112,Maintain Weight
49,60,170,20.761245674740486,Maintain Weight
49,65,170,22.49134948096886,Maintain Weight
49,70,170,24.221453287197235,Maintain Weight
49,75,170,25.95155709342561,Lose Weight
49,80,170,27.68166089965398,Lose Weight
49,85,170,29.411764705882355,Lose Weight
49,90,170,31.14186851211073,Lose Weight
49,95,170,32.871972318339104,Lose Weight
49,100,170,34.602076124567475,Lose Weight
49,105,170,36.33217993079585,Lose Weight
49,110,170,38.062283737024224,Lose Weight
49,115,170,39.7923875432526,Lose Weight
49,120,170,41.52249134948097,Lose Weight
49,125,170,43.25259515570935,Lose Weight
49,130,170,44.98269896193772,Lose Weight
49,135,170,46.71280276816609,Lose Weight
49,140,170,48.44290657439447,Lose Weight
49,145,170,50.17301038062284,Lose Weight
49,40,175,13.061224489795919,Gain Weight
49,45,175,14.693877551020408,Gain Weight
49,50,175,16.3265306122449,Gain Weight
49,55,175,17.959183673469386,Gain Weight
49,60,175,19.591836734693878,Maintain Weight
49,65,175,21.224489795918366,Maintain Weight
49,70,175,22.857142857142858,Maintain Weight
49,75,175,24.489795918367346,Maintain Weight
49,80,175,26.122448979591837,Lose Weight
49,85,175,27.755102040816325,Lose Weight
49,90,175,29.387755102040817,Lose Weight
49,95,175,31.020408163265305,Lose Weight
49,100,175,32.6530612244898,Lose Weight
49,105,175,34.285714285714285,Lose Weight
49,110,175,35.91836734693877,Lose Weight
49,115,175,37.55102040816327,Lose Weight
49,120,175,39.183673469387756,Lose Weight
49,125,175,40.816326530612244,Lose Weight
49,130,175,42.44897959183673,Lose Weight
49,135,175,44.08163265306123,Lose Weight
49,140,175,45.714285714285715,Lose Weight
49,145,175,47.3469387755102,Lose Weight
49,40,180,12.345679012345679,Gain Weight
49,45,180,13.888888888888888,Gain Weight
49,50,180,15.432098765432098,Gain Weight
49,55,180,16.975308641975307,Gain Weight
49,60,180,18.51851851851852,Maintain Weight
49,65,180,20.061728395061728,Maintain Weight
49,70,180,21.604938271604937,Maintain Weight
49,75,180,23.148148148148145,Maintain Weight
49,80,180,24.691358024691358,Maintain Weight
49,85,180,26.234567901234566,Lose Weight
49,90,180,27.777777777777775,Lose Weight
49,95,180,29.320987654320987,Lose Weight
49,100,180,30.864197530864196,Lose Weight
49,105,180,32.407407407407405,Lose Weight
49,110,180,33.95061728395061,Lose Weight
49,115,180,35.49382716049382,Lose Weight
49,120,180,37.03703703703704,Lose Weight
49,125,180,38.58024691358025,Lose Weight
49,130,180,40.123456790123456,Lose Weight
49,135,180,41.666666666666664,Lose Weight
49,140,180,43.20987654320987,Lose Weight
49,145,180,44.75308641975308,Lose Weight
49,40,185,11.68736303871439,Gain Weight
49,45,185,13.148283418553687,Gain Weight
49,50,185,14.609203798392986,Gain Weight
49,55,185,16.070124178232284,Gain Weight
49,60,185,17.531044558071585,Gain Weight
49,65,185,18.991964937910883,Maintain Weight
49,70,185,20.45288531775018,Maintain Weight
49,75,185,21.913805697589478,Maintain Weight
49,80,185,23.37472607742878,Maintain Weight
49,85,185,24.835646457268076,Maintain Weight
49,90,185,26.296566837107374,Lose Weight
49,95,185,27.757487216946675,Lose Weight
49,100,185,29.218407596785973,Lose Weight
49,105,185,30.67932797662527,Lose Weight
49,110,185,32.14024835646457,Lose Weight
49,115,185,33.60116873630387,Lose Weight
49,120,185,35.06208911614317,Lose Weight
49,125,185,36.523009495982464,Lose Weight
49,130,185,37.983929875821765,Lose Weight
49,135,185,39.444850255661066,Lose Weight
49,140,185,40.90577063550036,Lose Weight
49,145,185,42.36669101533966,Lose Weight
49,40,190,11.0803324099723,Gain Weight
49,45,190,12.465373961218837,Gain Weight
49,50,190,13.850415512465375,Gain Weight
49,55,190,15.235457063711912,Gain Weight
49,60,190,16.62049861495845,Gain Weight
49,65,190,18.005540166204987,Gain Weight
49,70,190,19.390581717451525,Maintain Weight
49,75,190,20.775623268698062,Maintain Weight
49,80,190,22.1606648199446,Maintain Weight
49,85,190,23.545706371191137,Maintain Weight
49,90,190,24.930747922437675,Lose Weight
49,95,190,26.315789473684212,Lose Weight
49,100,190,27.70083102493075,Lose Weight
49,105,190,29.085872576177287,Lose Weight
49,110,190,30.470914127423825,Lose Weight
49,115,190,31.855955678670362,Lose Weight
49,120,190,33.2409972299169,Lose Weight
49,125,190,34.62603878116344,Lose Weight
49,130,190,36.011080332409975,Lose Weight
49,135,190,37.39612188365651,Lose Weight
49,140,190,38.78116343490305,Lose Weight
49,145,190,40.16620498614959,Lose Weight
49,40,195,10.519395134779751,Gain Weight
49,45,195,11.834319526627219,Gain Weight
49,50,195,13.149243918474689,Gain Weight
49,55,195,14.464168310322158,Gain Weight
49,60,195,15.779092702169626,Gain Weight
49,65,195,17.094017094017094,Gain Weight
49,70,195,18.408941485864563,Gain Weight
49,75,195,19.723865877712033,Maintain Weight
49,80,195,21.038790269559502,Maintain Weight
49,85,195,22.353714661406972,Maintain Weight
49,90,195,23.668639053254438,Maintain Weight
49,95,195,24.983563445101908,Lose Weight
49,100,195,26.298487836949377,Lose Weight
49,105,195,27.613412228796847,Lose Weight
49,110,195,28.928336620644316,Lose Weight
49,115,195,30.243261012491782,Lose Weight
49,120,195,31.558185404339252,Lose Weight
49,125,195,32.87310979618672,Lose Weight
49,130,195,34.18803418803419,Lose Weight
49,135,195,35.50295857988166,Lose Weight
49,140,195,36.81788297172913,Lose Weight
49,145,195,38.132807363576596,Lose Weight
50,40,150,17.77777777777778,Gain Weight
50,45,150,20.0,Maintain Weight
50,50,150,22.22222222222222,Maintain Weight
50,55,150,24.444444444444443,Maintain Weight
50,60,150,26.666666666666668,Lose Weight
50,65,150,28.88888888888889,Lose Weight
50,70,150,31.11111111111111,Lose Weight
50,75,150,33.333333333333336,Lose Weight
50,80,150,35.55555555555556,Lose Weight
50,85,150,37.77777777777778,Lose Weight
50,90,150,40.0,Lose Weight
50,95,150,42.22222222222222,Lose Weight
50,100,150,44.44444444444444,Lose Weight
50,105,150,46.666666666666664,Lose Weight
50,110,150,48.888888888888886,Lose Weight
50,115,150,51.111111111111114,Lose Weight
50,120,150,53.333333333333336,Lose Weight
50,125,150,55.55555555555556,Lose Weight
50,130,150,57.77777777777778,Lose Weight
50,135,150,60.0,Lose Weight
50,140,150,62.22222222222222,Lose Weight
50,145,150,64.44444444444444,Lose Weight
50,40,155,16.649323621227886,Gain Weight
50,45,155,18.730489073881373,Maintain Weight
50,50,155,20.811654526534856,Maintain Weight
50,55,155,22.892819979188342,Maintain Weight
50,60,155,24.97398543184183,Lose Weight
50,65,155,27.055150884495315,Lose Weight
50,70,155,29.1363163371488,Lose Weight
50,75,155,31.217481789802285,Lose Weight
50,80,155,33.29864724245577,Lose Weight
50,85,155,35.37981269510926,Lose Weight
50,90,155,37.460978147762745,Lose Weight
50,95,155,39.54214360041623,Lose Weight
50,100,155,41.62330905306971,Lose Weight
50,105,155,43.7044745057232,Lose Weight
50,110,155,45.785639958376684,Lose Weight
50,115,155,47.86680541103017,Lose Weight
50,120,155,49.94797086368366,Lose Weight
50,125,155,52.029136316337144,Lose Weight
50,130,155,54.11030176899063,Lose Weight
50,135,155,56.19146722164411,Lose Weight
50,140,155,58.2726326742976,Lose Weight
50,145,155,60.353798126951084,Lose Weight
50,40,160,15.624999999999996,Gain Weight
50,45,160,17.578124999999996,Gain Weight
50,50,160,19.531249999999996,Maintain Weight
50,55,160,21.484374999999996,Maintain Weight
50,60,160,23.437499999999996,Maintain Weight
50,65,160,25.390624999999996,Lose Weight
50,70,160,27.343749999999996,Lose Weight
50,75,160,29.296874999999993,Lose Weight
50,80,160,31.249999999999993,Lose Weight
50,85,160,33.20312499999999,Lose Weight
50,90,160,35.15624999999999,Lose Weight
50,95,160,37.10937499999999,Lose Weight
50,100,160,39.06249999999999,Lose Weight
50,105,160,41.01562499999999,Lose Weight
50,110,160,42.96874999999999,Lose Weight
50,115,160,44.92187499999999,Lose Weight
50,120,160,46.87499999999999,Lose Weight
50,125,160,48.82812499999999,Lose Weight
50,130,160,50.78124999999999,Lose Weight
50,135,160,52.73437499999999,Lose Weight
50,140,160,54.68749999999999,Lose Weight
50,145,160,56.640624999999986,Lose Weight
50,40,165,14.692378328741967,Gain Weight
50,45,165,16.528925619834713,Gain Weight
50,50,165,18.36547291092746,Gain Weight
50,55,165,20.202020202020204,Maintain Weight
50,60,165,22.03856749311295,Maintain Weight
50,65,165,23.875114784205696,Maintain Weight
50,70,165,25.71166207529844,Lose Weight
50,75,165,27.548209366391188,Lose Weight
50,80,165,29.384756657483933,Lose Weight
50,85,165,31.22130394857668,Lose Weight
50,90,165,33.057851239669425,Lose Weight
50,95,165,34.894398530762174,Lose Weight
50,100,165,36.73094582185492,Lose Weight
50,105,165,38.567493112947666,Lose Weight
50,110,165,40.40404040404041,Lose Weight
50,115,165,42.24058769513316,Lose Weight
50,120,165,44.0771349862259,Lose Weight
50,125,165,45.91368227731865,Lose Weight
50,130,165,47.75022956841139,Lose Weight
50,135,165,49.58677685950414,Lose Weight
50,140,165,51.42332415059688,Lose Weight
50,145,165,53.25987144168963,Lose Weight
50,40,170,13.84083044982699,Gain Weight
50,45,170,15.570934256055365,Gain Weight
50,50,170,17.301038062283737,Gain Weight
50,55,170,19.031141868512112,Maintain Weight
50,60,170,20.761245674740486,Maintain Weight
50,65,170,22.49134948096886,Maintain Weight
50,70,170,24.221453287197235,Maintain Weight
50,75,170,25.95155709342561,Lose Weight
50,80,170,27.68166089965398,Lose Weight
50,85,170,29.411764705882355,Lose Weight
50,90,170,31.14186851211073,Lose Weight
50,95,170,32.871972318339104,Lose Weight
50,100,170,34.602076124567475,Lose Weight
50,105,170,36.33217993079585,Lose Weight
50,110,170,38.062283737024224,Lose Weight
50,115,170,39.7923875432526,Lose Weight
50,120,170,41.52249134948097,Lose Weight
50,125,170,43.25259515570935,Lose Weight
50,130,170,44.98269896193772,Lose Weight
50,135,170,46.71280276816609,Lose Weight
50,140,170,48.44290657439447,Lose Weight
50,145,170,50.17301038062284,Lose Weight
50,40,175,13.061224489795919,Gain Weight
50,45,175,14.693877551020408,Gain Weight
50,50,175,16.3265306122449,Gain Weight
50,55,175,17.959183673469386,Gain Weight
50,60,175,19.591836734693878,Maintain Weight
50,65,175,21.224489795918366,Maintain Weight
50,70,175,22.857142857142858,Maintain Weight
50,75,175,24.489795918367346,Maintain Weight
50,80,175,26.122448979591837,Lose Weight
50,85,175,27.755102040816325,Lose Weight
50,90,175,29.387755102040817,Lose Weight
50,95,175,31.020408163265305,Lose Weight
50,100,175,32.6530612244898,Lose Weight
50,105,175,34.285714285714285,Lose Weight
50,110,175,35.91836734693877,Lose Weight
50,115,175,37.55102040816327,Lose Weight
50,120,175,39.183673469387756,Lose Weight
50,125,175,40.816326530612244,Lose Weight
50,130,175,42.44897959183673,Lose Weight
50,135,175,44.08163265306123,Lose Weight
50,140,175,45.714285714285715,Lose Weight
50,145,175,47.3469387755102,Lose Weight
50,40,180,12.345679012345679,Gain Weight
50,45,180,13.888888888888888,Gain Weight
50,50,180,15.432098765432098,Gain Weight
50,55,180,16.975308641975307,Gain Weight
50,60,180,18.51851851851852,Maintain Weight
50,65,180,20.061728395061728,Maintain Weight
50,70,180,21.604938271604937,Maintain Weight
50,75,180,23.148148148148145,Maintain Weight
50,80,180,24.691358024691358,Maintain Weight
50,85,180,26.234567901234566,Lose Weight
50,90,180,27.777777777777775,Lose Weight
50,95,180,29.320987654320987,Lose Weight
50,100,180,30.864197530864196,Lose Weight
50,105,180,32.407407407407405,Lose Weight
50,110,180,33.95061728395061,Lose Weight
50,115,180,35.49382716049382,Lose Weight
50,120,180,37.03703703703704,Lose Weight
50,125,180,38.58024691358025,Lose Weight
50,130,180,40.123456790123456,Lose Weight
50,135,180,41.666666666666664,Lose Weight
50,140,180,43.20987654320987,Lose Weight
50,145,180,44.75308641975308,Lose Weight
50,40,185,11.68736303871439,Gain Weight
50,45,185,13.148283418553687,Gain Weight
50,50,185,14.609203798392986,Gain Weight
50,55,185,16.070124178232284,Gain Weight
50,60,185,17.531044558071585,Gain Weight
50,65,185,18.991964937910883,Maintain Weight
50,70,185,20.45288531775018,Maintain Weight
50,75,185,21.913805697589478,Maintain Weight
50,80,185,23.37472607742878,Maintain Weight
50,85,185,24.835646457268076,Maintain Weight
50,90,185,26.296566837107374,Lose Weight
50,95,185,27.757487216946675,Lose Weight
50,100,185,29.218407596785973,Lose Weight
50,105,185,30.67932797662527,Lose Weight
50,110,185,32.14024835646457,Lose Weight
50,115,185,33.60116873630387,Lose Weight
50,120,185,35.06208911614317,Lose Weight
50,125,185,36.523009495982464,Lose Weight
50,130,185,37.983929875821765,Lose Weight
50,135,185,39.444850255661066,Lose Weight
50,140,185,40.90577063550036,Lose Weight
50,145,185,42.36669101533966,Lose Weight
50,40,190,11.0803324099723,Gain Weight
50,45,190,12.465373961218837,Gain Weight
50,50,190,13.850415512465375,Gain Weight
50,55,190,15.235457063711912,Gain Weight
50,60,190,16.62049861495845,Gain Weight
50,65,190,18.005540166204987,Gain Weight
50,70,190,19.390581717451525,Maintain Weight
50,75,190,20.775623268698062,Maintain Weight
50,80,190,22.1606648199446,Maintain Weight
50,85,190,23.545706371191137,Maintain Weight
50,90,190,24.930747922437675,Lose Weight
50,95,190,26.315789473684212,Lose Weight
50,100,190,27.70083102493075,Lose Weight
50,105,190,29.085872576177287,Lose Weight
50,110,190,30.470914127423825,Lose Weight
50,115,190,31.855955678670362,Lose Weight
50,120,190,33.2409972299169,Lose Weight
50,125,190,34.62603878116344,Lose Weight
50,130,190,36.011080332409975,Lose Weight
50,135,190,37.39612188365651,Lose Weight
50,140,190,38.78116343490305,Lose Weight
50,145,190,40.16620498614959,Lose Weight
50,40,195,10.519395134779751,Gain Weight
50,45,195,11.834319526627219,Gain Weight
50,50,195,13.149243918474689,Gain Weight
50,55,195,14.464168310322158,Gain Weight
50,60,195,15.779092702169626,Gain Weight
50,65,195,17.094017094017094,Gain Weight
50,70,195,18.408941485864563,Gain Weight
50,75,195,19.723865877712033,Maintain Weight
50,80,195,21.038790269559502,Maintain Weight
50,85,195,22.353714661406972,Maintain Weight
50,90,195,23.668639053254438,Maintain Weight
50,95,195,24.983563445101908,Lose Weight
50,100,195,26.298487836949377,Lose Weight
50,105,195,27.613412228796847,Lose Weight
50,110,195,28.928336620644316,Lose Weight
50,115,195,30.243261012491782,Lose Weight
50,120,195,31.558185404339252,Lose Weight
50,125,195,32.87310979618672,Lose Weight
50,130,195,34.18803418803419,Lose Weight
50,135,195,35.50295857988166,Lose Weight
50,140,195,36.81788297172913,Lose Weight
50,145,195,38.132807363576596,Lose Weight
51,40,150,17.77777777777778,Gain Weight
51,45,150,20.0,Maintain Weight
51,50,150,22.22222222222222,Maintain Weight
51,55,150,24.444444444444443,Maintain Weight
51,60,150,26.666666666666668,Lose Weight
51,65,150,28.88888888888889,Lose Weight
51,70,150,31.11111111111111,Lose Weight
51,75,150,33.333333333333336,Lose Weight
51,80,150,35.55555555555556,Lose Weight
51,85,150,37.77777777777778,Lose Weight
51,90,150,40.0,Lose Weight
51,95,150,42.22222222222222,Lose Weight
51,100,150,44.44444444444444,Lose Weight
51,105,150,46.666666666666664,Lose Weight
51,110,150,48.888888888888886,Lose Weight
51,115,150,51.111111111111114,Lose Weight
51,120,150,53.333333333333336,Lose Weight
51,125,150,55.55555555555556,Lose Weight
51,130,150,57.77777777777778,Lose Weight
51,135,150,60.0,Lose Weight
51,140,150,62.22222222222222,Lose Weight
51,145,150,64.44444444444444,Lose Weight
51,40,155,16.649323621227886,Gain Weight
51,45,155,18.730489073881373,Maintain Weight
51,50,155,20.811654526534856,Maintain Weight
51,55,155,22.892819979188342,Maintain Weight
51,60,155,24.97398543184183,Lose Weight
51,65,155,27.055150884495315,Lose Weight
51,70,155,29.1363163371488,Lose Weight
51,75,155,31.217481789802285,Lose Weight
51,80,155,33.29864724245577,Lose Weight
51,85,155,35.37981269510926,Lose Weight
51,90,155,37.460978147762745,Lose Weight
51,95,155,39.54214360041623,Lose Weight
51,100,155,41.62330905306971,Lose Weight
51,105,155,43.7044745057232,Lose Weight
51,110,155,45.785639958376684,Lose Weight
51,115,155,47.86680541103017,Lose Weight
51,120,155,49.94797086368366,Lose Weight
51,125,155,52.029136316337144,Lose Weight
51,130,155,54.11030176899063,Lose Weight
51,135,155,56.19146722164411,Lose Weight
51,140,155,58.2726326742976,Lose Weight
51,145,155,60.353798126951084,Lose Weight
51,40,160,15.624999999999996,Gain Weight
51,45,160,17.578124999999996,Gain Weight
51,50,160,19.531249999999996,Maintain Weight
51,55,160,21.484374999999996,Maintain Weight
51,60,160,23.437499999999996,Maintain Weight
51,65,160,25.390624999999996,Lose Weight
51,70,160,27.343749999999996,Lose Weight
51,75,160,29.296874999999993,Lose Weight
51,80,160,31.249999999999993,Lose Weight
51,85,160,33.20312499999999,Lose Weight
51,90,160,35.15624999999999,Lose Weight
51,95,160,37.10937499999999,Lose Weight
51,100,160,39.06249999999999,Lose Weight
51,105,160,41.01562499999999,Lose Weight
51,110,160,42.96874999999999,Lose Weight
51,115,160,44.92187499999999,Lose Weight
51,120,160,46.87499999999999,Lose Weight
51,125,160,48.82812499999999,Lose Weight
51,130,160,50.78124999999999,Lose Weight
51,135,160,52.73437499999999,Lose Weight
51,140,160,54.68749999999999,Lose Weight
51,145,160,56.640624999999986,Lose Weight
51,40,165,14.692378328741967,Gain Weight
51,45,165,16.528925619834713,Gain Weight
51,50,165,18.36547291092746,Gain Weight
51,55,165,20.202020202020204,Maintain Weight
51,60,165,22.03856749311295,Maintain Weight
51,65,165,23.875114784205696,Maintain Weight
51,70,165,25.71166207529844,Lose Weight
51,75,165,27.548209366391188,Lose Weight
51,80,165,29.384756657483933,Lose Weight
51,85,165,31.22130394857668,Lose Weight
51,90,165,33.057851239669425,Lose Weight
51,95,165,34.894398530762174,Lose Weight
51,100,165,36.73094582185492,Lose Weight
51,105,165,38.567493112947666,Lose Weight
51,110,165,40.40404040404041,Lose Weight
51,115,165,42.24058769513316,Lose Weight
51,120,165,44.0771349862259,Lose Weight
51,125,165,45.91368227731865,Lose Weight
51,130,165,47.75022956841139,Lose Weight
51,135,165,49.58677685950414,Lose Weight
51,140,165,51.42332415059688,Lose Weight
51,145,165,53.25987144168963,Lose Weight
51,40,170,13.84083044982699,Gain Weight
51,45,170,15.570934256055365,Gain Weight
51,50,170,17.301038062283737,Gain Weight
51,55,170,19.031141868512112,Maintain Weight
51,60,170,20.761245674740486,Maintain Weight
51,65,170,22.49134948096886,Maintain Weight
51,70,170,24.221453287197235,Maintain Weight
51,75,170,25.95155709342561,Lose Weight
51,80,170,27.68166089965398,Lose Weight
51,85,170,29.411764705882355,Lose Weight
51,90,170,31.14186851211073,Lose Weight
51,95,170,32.871972318339104,Lose Weight
51,100,170,34.602076124567475,Lose Weight
51,105,170,36.33217993079585,Lose Weight
51,110,170,38.062283737024224,Lose Weight
51,115,170,39.7923875432526,Lose Weight
51,120,170,41.52249134948097,Lose Weight
51,125,170,43.25259515570935,Lose Weight
51,130,170,44.98269896193772,Lose Weight
51,135,170,46.71280276816609,Lose Weight
51,140,170,48.44290657439447,Lose Weight
51,145,170,50.17301038062284,Lose Weight
51,40,175,13.061224489795919,Gain Weight
51,45,175,14.693877551020408,Gain Weight
51,50,175,16.3265306122449,Gain Weight
51,55,175,17.959183673469386,Gain Weight
51,60,175,19.591836734693878,Maintain Weight
51,65,175,21.224489795918366,Maintain Weight
51,70,175,22.857142857142858,Maintain Weight
51,75,175,24.489795918367346,Maintain Weight
51,80,175,26.122448979591837,Lose Weight
51,85,175,27.755102040816325,Lose Weight
51,90,175,29.387755102040817,Lose Weight
51,95,175,31.020408163265305,Lose Weight
51,100,175,32.6530612244898,Lose Weight
51,105,175,34.285714285714285,Lose Weight
51,110,175,35.91836734693877,Lose Weight
51,115,175,37.55102040816327,Lose Weight
51,120,175,39.183673469387756,Lose Weight
51,125,175,40.816326530612244,Lose Weight
51,130,175,42.44897959183673,Lose Weight
51,135,175,44.08163265306123,Lose Weight
51,140,175,45.714285714285715,Lose Weight
51,145,175,47.3469387755102,Lose Weight
51,40,180,12.345679012345679,Gain Weight
51,45,180,13.888888888888888,Gain Weight
51,50,180,15.432098765432098,Gain Weight
51,55,180,16.975308641975307,Gain Weight
51,60,180,18.51851851851852,Maintain Weight
51,65,180,20.061728395061728,Maintain Weight
51,70,180,21.604938271604937,Maintain Weight
51,75,180,23.148148148148145,Maintain Weight
51,80,180,24.691358024691358,Maintain Weight
51,85,180,26.234567901234566,Lose Weight
51,90,180,27.777777777777775,Lose Weight
51,95,180,29.320987654320987,Lose Weight
51,100,180,30.864197530864196,Lose Weight
51,105,180,32.407407407407405,Lose Weight
51,110,180,33.95061728395061,Lose Weight
51,115,180,35.49382716049382,Lose Weight
51,120,180,37.03703703703704,Lose Weight
51,125,180,38.58024691358025,Lose Weight
51,130,180,40.123456790123456,Lose Weight
51,135,180,41.666666666666664,Lose Weight
51,140,180,43.20987654320987,Lose Weight
51,145,180,44.75308641975308,Lose Weight
51,40,185,11.68736303871439,Gain Weight
51,45,185,13.148283418553687,Gain Weight
51,50,185,14.609203798392986,Gain Weight
51,55,185,16.070124178232284,Gain Weight
51,60,185,17.531044558071585,Gain Weight
51,65,185,18.991964937910883,Maintain Weight
51,70,185,20.45288531775018,Maintain Weight
51,75,185,21.913805697589478,Maintain Weight
51,80,185,23.37472607742878,Maintain Weight
51,85,185,24.835646457268076,Maintain Weight
51,90,185,26.296566837107374,Lose Weight
51,95,185,27.757487216946675,Lose Weight
51,100,185,29.218407596785973,Lose Weight
51,105,185,30.67932797662527,Lose Weight
51,110,185,32.14024835646457,Lose Weight
51,115,185,33.60116873630387,Lose Weight
51,120,185,35.06208911614317,Lose Weight
51,125,185,36.523009495982464,Lose Weight
51,130,185,37.983929875821765,Lose Weight
51,135,185,39.444850255661066,Lose Weight
51,140,185,40.90577063550036,Lose Weight
51,145,185,42.36669101533966,Lose Weight
51,40,190,11.0803324099723,Gain Weight
51,45,190,12.465373961218837,Gain Weight
51,50,190,13.850415512465375,Gain Weight
51,55,190,15.235457063711912,Gain Weight
51,60,190,16.62049861495845,Gain Weight
51,65,190,18.005540166204987,Gain Weight
51,70,190,19.390581717451525,Maintain Weight
51,75,190,20.775623268698062,Maintain Weight
51,80,190,22.1606648199446,Maintain Weight
51,85,190,23.545706371191137,Maintain Weight
51,90,190,24.930747922437675,Lose Weight
51,95,190,26.315789473684212,Lose Weight
51,100,190,27.70083102493075,Lose Weight
51,105,190,29.085872576177287,Lose Weight
51,110,190,30.470914127423825,Lose Weight
51,115,190,31.855955678670362,Lose Weight
51,120,190,33.2409972299169,Lose Weight
51,125,190,34.62603878116344,Lose Weight
51,130,190,36.011080332409975,Lose Weight
51,135,190,37.39612188365651,Lose Weight
51,140,190,38.78116343490305,Lose Weight
51,145,190,40.16620498614959,Lose Weight
51,40,195,10.519395134779751,Gain Weight
51,45,195,11.834319526627219,Gain Weight
51,50,195,13.149243918474689,Gain Weight
51,55,195,14.464168310322158,Gain Weight
51,60,195,15.779092702169626,Gain Weight
51,65,195,17.094017094017094,Gain Weight
51,70,195,18.408941485864563,Gain Weight
51,75,195,19.723865877712033,Maintain Weight
51,80,195,21.038790269559502,Maintain Weight
51,85,195,22.353714661406972,Maintain Weight
51,90,195,23.668639053254438,Maintain Weight
51,95,195,24.983563445101908,Lose Weight
51,100,195,26.298487836949377,Lose Weight
51,105,195,27.613412228796847,Lose Weight
51,110,195,28.928336620644316,Lose Weight
51,115,195,30.243261012491782,Lose Weight
51,120,195,31.558185404339252,Lose Weight
51,125,195,32.87310979618672,Lose Weight
51,130,195,34.18803418803419,Lose Weight
51,135,195,35.50295857988166,Lose Weight
51,140,195,36.81788297172913,Lose Weight
51,145,195,38.132807363576596,Lose Weight
52,40,150,17.77777777777778,Gain Weight
52,45,150,20.0,Maintain Weight
52,50,150,22.22222222222222,Maintain Weight
52,55,150,24.444444444444443,Maintain Weight
52,60,150,26.666666666666668,Lose Weight
52,65,150,28.88888888888889,Lose Weight
52,70,150,31.11111111111111,Lose Weight
52,75,150,33.333333333333336,Lose Weight
52,80,150,35.55555555555556,Lose Weight
52,85,150,37.77777777777778,Lose Weight
52,90,150,40.0,Lose Weight
52,95,150,42.22222222222222,Lose Weight
52,100,150,44.44444444444444,Lose Weight
52,105,150,46.666666666666664,Lose Weight
52,110,150,48.888888888888886,Lose Weight
52,115,150,51.111111111111114,Lose Weight
52,120,150,53.333333333333336,Lose Weight
52,125,150,55.55555555555556,Lose Weight
52,130,150,57.77777777777778,Lose Weight
52,135,150,60.0,Lose Weight
52,140,150,62.22222222222222,Lose Weight
52,145,150,64.44444444444444,Lose Weight
52,40,155,16.649323621227886,Gain Weight
52,45,155,18.730489073881373,Maintain Weight
52,50,155,20.811654526534856,Maintain Weight
52,55,155,22.892819979188342,Maintain Weight
52,60,155,24.97398543184183,Lose Weight
52,65,155,27.055150884495315,Lose Weight
52,70,155,29.1363163371488,Lose Weight
52,75,155,31.217481789802285,Lose Weight
52,80,155,33.29864724245577,Lose Weight
52,85,155,35.37981269510926,Lose Weight
52,90,155,37.460978147762745,Lose Weight
52,95,155,39.54214360041623,Lose Weight
52,100,155,41.62330905306971,Lose Weight
52,105,155,43.7044745057232,Lose Weight
52,110,155,45.785639958376684,Lose Weight
52,115,155,47.86680541103017,Lose Weight
52,120,155,49.94797086368366,Lose Weight
52,125,155,52.029136316337144,Lose Weight
52,130,155,54.11030176899063,Lose Weight
52,135,155,56.19146722164411,Lose Weight
52,140,155,58.2726326742976,Lose Weight
52,145,155,60.353798126951084,Lose Weight
52,40,160,15.624999999999996,Gain Weight
52,45,160,17.578124999999996,Gain Weight
52,50,160,19.531249999999996,Maintain Weight
52,55,160,21.484374999999996,Maintain Weight
52,60,160,23.437499999999996,Maintain Weight
52,65,160,25.390624999999996,Lose Weight
52,70,160,27.343749999999996,Lose Weight
52,75,160,29.296874999999993,Lose Weight
52,80,160,31.249999999999993,Lose Weight
52,85,160,33.20312499999999,Lose Weight
52,90,160,35.15624999999999,Lose Weight
52,95,160,37.10937499999999,Lose Weight
52,100,160,39.06249999999999,Lose Weight
52,105,160,41.01562499999999,Lose Weight
52,110,160,42.96874999999999,Lose Weight
52,115,160,44.92187499999999,Lose Weight
52,120,160,46.87499999999999,Lose Weight
52,125,160,48.82812499999999,Lose Weight
52,130,160,50.78124999999999,Lose Weight
52,135,160,52.73437499999999,Lose Weight
52,140,160,54.68749999999999,Lose Weight
52,145,160,56.640624999999986,Lose Weight
52,40,165,14.692378328741967,Gain Weight
52,45,165,16.528925619834713,Gain Weight
52,50,165,18.36547291092746,Gain Weight
52,55,165,20.202020202020204,Maintain Weight
52,60,165,22.03856749311295,Maintain Weight
52,65,165,23.875114784205696,Maintain Weight
52,70,165,25.71166207529844,Lose Weight
52,75,165,27.548209366391188,Lose Weight
52,80,165,29.384756657483933,Lose Weight
52,85,165,31.22130394857668,Lose Weight
52,90,165,33.057851239669425,Lose Weight
52,95,165,34.894398530762174,Lose Weight
52,100,165,36.73094582185492,Lose Weight
52,105,165,38.567493112947666,Lose Weight
52,110,165,40.40404040404041,Lose Weight
52,115,165,42.24058769513316,Lose Weight
52,120,165,44.0771349862259,Lose Weight
52,125,165,45.91368227731865,Lose Weight
52,130,165,47.75022956841139,Lose Weight
52,135,165,49.58677685950414,Lose Weight
52,140,165,51.42332415059688,Lose Weight
52,145,165,53.25987144168963,Lose Weight
52,40,170,13.84083044982699,Gain Weight
52,45,170,15.570934256055365,Gain Weight
52,50,170,17.301038062283737,Gain Weight
52,55,170,19.031141868512112,Maintain Weight
52,60,170,20.761245674740486,Maintain Weight
52,65,170,22.49134948096886,Maintain Weight
52,70,170,24.221453287197235,Maintain Weight
52,75,170,25.95155709342561,Lose Weight
52,80,170,27.68166089965398,Lose Weight
52,85,170,29.411764705882355,Lose Weight
52,90,170,31.14186851211073,Lose Weight
52,95,170,32.871972318339104,Lose Weight
52,100,170,34.602076124567475,Lose Weight
52,105,170,36.33217993079585,Lose Weight
52,110,170,38.062283737024224,Lose Weight
52,115,170,39.7923875432526,Lose Weight
52,120,170,41.52249134948097,Lose Weight
52,125,170,43.25259515570935,Lose Weight
52,130,170,44.98269896193772,Lose Weight
52,135,170,46.71280276816609,Lose Weight
52,140,170,48.44290657439447,Lose Weight
52,145,170,50.17301038062284,Lose Weight
52,40,175,13.061224489795919,Gain Weight
52,45,175,14.693877551020408,Gain Weight
52,50,175,16.3265306122449,Gain Weight
52,55,175,17.959183673469386,Gain Weight
52,60,175,19.591836734693878,Maintain Weight
52,65,175,21.224489795918366,Maintain Weight
52,70,175,22.857142857142858,Maintain Weight
52,75,175,24.489795918367346,Maintain Weight
52,80,175,26.122448979591837,Lose Weight
52,85,175,27.755102040816325,Lose Weight
52,90,175,29.387755102040817,Lose Weight
52,95,175,31.020408163265305,Lose Weight
52,100,175,32.6530612244898,Lose Weight
52,105,175,34.285714285714285,Lose Weight
52,110,175,35.91836734693877,Lose Weight
52,115,175,37.55102040816327,Lose Weight
52,120,175,39.183673469387756,Lose Weight
52,125,175,40.816326530612244,Lose Weight
52,130,175,42.44897959183673,Lose Weight
52,135,175,44.08163265306123,Lose Weight
52,140,175,45.714285714285715,Lose Weight
52,145,175,47.3469387755102,Lose Weight
52,40,180,12.345679012345679,Gain Weight
52,45,180,13.888888888888888,Gain Weight
52,50,180,15.432098765432098,Gain Weight
52,55,180,16.975308641975307,Gain Weight
52,60,180,18.51851851851852,Maintain Weight
52,65,180,20.061728395061728,Maintain Weight
52,70,180,21.604938271604937,Maintain Weight
52,75,180,23.148148148148145,Maintain Weight
52,80,180,24.691358024691358,Maintain Weight
52,85,180,26.234567901234566,Lose Weight
52,90,180,27.777777777777775,Lose Weight
52,95,180,29.320987654320987,Lose Weight
52,100,180,30.864197530864196,Lose Weight
52,105,180,32.407407407407405,Lose Weight
52,110,180,33.95061728395061,Lose Weight
52,115,180,35.49382716049382,Lose Weight
52,120,180,37.03703703703704,Lose Weight
52,125,180,38.58024691358025,Lose Weight
52,130,180,40.123456790123456,Lose Weight
52,135,180,41.666666666666664,Lose Weight
52,140,180,43.20987654320987,Lose Weight
52,145,180,44.75308641975308,Lose Weight
52,40,185,11.68736303871439,Gain Weight
52,45,185,13.148283418553687,Gain Weight
52,50,185,14.609203798392986,Gain Weight
52,55,185,16.070124178232284,Gain Weight
52,60,185,17.531044558071585,Gain Weight
52,65,185,18.991964937910883,Maintain Weight
52,70,185,20.45288531775018,Maintain Weight
52,75,185,21.913805697589478,Maintain Weight
52,80,185,23.37472607742878,Maintain Weight
52,85,185,24.835646457268076,Maintain Weight
52,90,185,26.296566837107374,Lose Weight
52,95,185,27.757487216946675,Lose Weight
52,100,185,29.218407596785973,Lose Weight
52,105,185,30.67932797662527,Lose Weight
52,110,185,32.14024835646457,Lose Weight
52,115,185,33.60116873630387,Lose Weight
52,120,185,35.06208911614317,Lose Weight
52,125,185,36.523009495982464,Lose Weight
52,130,185,37.983929875821765,Lose Weight
52,135,185,39.444850255661066,Lose Weight
52,140,185,40.90577063550036,Lose Weight
52,145,185,42.36669101533966,Lose Weight
52,40,190,11.0803324099723,Gain Weight
52,45,190,12.465373961218837,Gain Weight
52,50,190,13.850415512465375,Gain Weight
52,55,190,15.235457063711912,Gain Weight
52,60,190,16.62049861495845,Gain Weight
52,65,190,18.005540166204987,Gain Weight
52,70,190,19.390581717451525,Maintain Weight
52,75,190,20.775623268698062,Maintain Weight
52,80,190,22.1606648199446,Maintain Weight
52,85,190,23.545706371191137,Maintain Weight
52,90,190,24.930747922437675,Lose Weight
52,95,190,26.315789473684212,Lose Weight
52,100,190,27.70083102493075,Lose Weight
52,105,190,29.085872576177287,Lose Weight
52,110,190,30.470914127423825,Lose Weight
52,115,190,31.855955678670362,Lose Weight
52,120,190,33.2409972299169,Lose Weight
52,125,190,34.62603878116344,Lose Weight
52,130,190,36.011080332409975,Lose Weight
52,135,190,37.39612188365651,Lose Weight
52,140,190,38.78116343490305,Lose Weight
52,145,190,40.16620498614959,Lose Weight
52,40,195,10.519395134779751,Gain Weight
52,45,195,11.834319526627219,Gain Weight
52,50,195,13.149243918474689,Gain Weight
52,55,195,14.464168310322158,Gain Weight
52,60,195,15.779092702169626,Gain Weight
52,65,195,17.094017094017094,Gain Weight
52,70,195,18.408941485864563,Gain Weight
52,75,195,19.723865877712033,Maintain Weight
52,80,195,21.038790269559502,Maintain Weight
52,85,195,22.353714661406972,Maintain Weight
52,90,195,23.668639053254438,Maintain Weight
52,95,195,24.983563445101908,Lose Weight
52,100,195,26.298487836949377,Lose Weight
52,105,195,27.613412228796847,Lose Weight
52,110,195,28.928336620644316,Lose Weight
52,115,195,30.243261012491782,Lose Weight
52,120,195,31.558185404339252,Lose Weight
52,125,195,32.87310979618672,Lose Weight
52,130,195,34.18803418803419,Lose Weight
52,135,195,35.50295857988166,Lose Weight
52,140,195,36.81788297172913,Lose Weight
52,145,195,38.132807363576596,Lose Weight
53,40,150,17.77777777777778,Gain Weight
53,45,150,20.0,Maintain Weight
53,50,150,22.22222222222222,Maintain Weight
53,55,150,24.444444444444443,Maintain Weight
53,60,150,26.666666666666668,Lose Weight
53,65,150,28.88888888888889,Lose Weight
53,70,150,31.11111111111111,Lose Weight
53,75,150,33.333333333333336,Lose Weight
53,80,150,35.55555555555556,Lose Weight
53,85,150,37.77777777777778,Lose Weight
53,90,150,40.0,Lose Weight
53,95,150,42.22222222222222,Lose Weight
53,100,150,44.44444444444444,Lose Weight
53,105,150,46.666666666666664,Lose Weight
53,110,150,48.888888888888886,Lose Weight
53,115,150,51.111111111111114,Lose Weight
53,120,150,53.333333333333336,Lose Weight
53,125,150,55.55555555555556,Lose Weight
53,130,150,57.77777777777778,Lose Weight
53,135,150,60.0,Lose Weight
53,140,150,62.22222222222222,Lose Weight
53,145,150,64.44444444444444,Lose Weight
53,40,155,16.649323621227886,Gain Weight
53,45,155,18.730489073881373,Maintain Weight
53,50,155,20.811654526534856,Maintain Weight
53,55,155,22.892819979188342,Maintain Weight
53,60,155,24.97398543184183,Lose Weight
53,65,155,27.055150884495315,Lose Weight
53,70,155,29.1363163371488,Lose Weight
53,75,155,31.217481789802285,Lose Weight
53,80,155,33.29864724245577,Lose Weight
53,85,155,35.37981269510926,Lose Weight
53,90,155,37.460978147762745,Lose Weight
53,95,155,39.54214360041623,Lose Weight
53,100,155,41.62330905306971,Lose Weight
53,105,155,43.7044745057232,Lose Weight
53,110,155,45.785639958376684,Lose Weight
53,115,155,47.86680541103017,Lose Weight
53,120,155,49.94797086368366,Lose Weight
53,125,155,52.029136316337144,Lose Weight
53,130,155,54.11030176899063,Lose Weight
53,135,155,56.19146722164411,Lose Weight
53,140,155,58.2726326742976,Lose Weight
53,145,155,60.353798126951084,Lose Weight
53,40,160,15.624999999999996,Gain Weight
53,45,160,17.578124999999996,Gain Weight
53,50,160,19.531249999999996,Maintain Weight
53,55,160,21.484374999999996,Maintain Weight
53,60,160,23.437499999999996,Maintain Weight
53,65,160,25.390624999999996,Lose Weight
53,70,160,27.343749999999996,Lose Weight
53,75,160,29.296874999999993,Lose Weight
53,80,160,31.249999999999993,Lose Weight
53,85,160,33.20312499999999,Lose Weight
53,90,160,35.15624999999999,Lose Weight
53,95,160,37.10937499999999,Lose Weight
53,100,160,39.06249999999999,Lose Weight
53,105,160,41.01562499999999,Lose Weight
53,110,160,42.96874999999999,Lose Weight
53,115,160,44.92187499999999,Lose Weight
53,120,160,46.87499999999999,Lose Weight
53,125,160,48.82812499999999,Lose Weight
53,130,160,50.78124999999999,Lose Weight
53,135,160,52.73437499999999,Lose Weight
53,140,160,54.68749999999999,Lose Weight
53,145,160,56.640624999999986,Lose Weight
53,40,165,14.692378328741967,Gain Weight
53,45,165,16.528925619834713,Gain Weight
53,50,165,18.36547291092746,Gain Weight
53,55,165,20.202020202020204,Maintain Weight
53,60,165,22.03856749311295,Maintain Weight
53,65,165,23.875114784205696,Maintain Weight
53,70,165,25.71166207529844,Lose Weight
53,75,165,27.548209366391188,Lose Weight
53,80,165,29.384756657483933,Lose Weight
53,85,165,31.22130394857668,Lose Weight
53,90,165,33.057851239669425,Lose Weight
53,95,165,34.894398530762174,Lose Weight
53,100,165,36.73094582185492,Lose Weight
53,105,165,38.567493112947666,Lose Weight
53,110,165,40.40404040404041,Lose Weight
53,115,165,42.24058769513316,Lose Weight
53,120,165,44.0771349862259,Lose Weight
53,125,165,45.91368227731865,Lose Weight
53,130,165,47.75022956841139,Lose Weight
53,135,165,49.58677685950414,Lose Weight
53,140,165,51.42332415059688,Lose Weight
53,145,165,53.25987144168963,Lose Weight
53,40,170,13.84083044982699,Gain Weight
53,45,170,15.570934256055365,Gain Weight
53,50,170,17.301038062283737,Gain Weight
53,55,170,19.031141868512112,Maintain Weight
53,60,170,20.761245674740486,Maintain Weight
53,65,170,22.49134948096886,Maintain Weight
53,70,170,24.221453287197235,Maintain Weight
53,75,170,25.95155709342561,Lose Weight
53,80,170,27.68166089965398,Lose Weight
53,85,170,29.411764705882355,Lose Weight
53,90,170,31.14186851211073,Lose Weight
53,95,170,32.871972318339104,Lose Weight
53,100,170,34.602076124567475,Lose Weight
53,105,170,36.33217993079585,Lose Weight
53,110,170,38.062283737024224,Lose Weight
53,115,170,39.7923875432526,Lose Weight
53,120,170,41.52249134948097,Lose Weight
53,125,170,43.25259515570935,Lose Weight
53,130,170,44.98269896193772,Lose Weight
53,135,170,46.71280276816609,Lose Weight
53,140,170,48.44290657439447,Lose Weight
53,145,170,50.17301038062284,Lose Weight
53,40,175,13.061224489795919,Gain Weight
53,45,175,14.693877551020408,Gain Weight
53,50,175,16.3265306122449,Gain Weight
53,55,175,17.959183673469386,Gain Weight
53,60,175,19.591836734693878,Maintain Weight
53,65,175,21.224489795918366,Maintain Weight
53,70,175,22.857142857142858,Maintain Weight
53,75,175,24.489795918367346,Maintain Weight
53,80,175,26.122448979591837,Lose Weight
53,85,175,27.755102040816325,Lose Weight
53,90,175,29.387755102040817,Lose Weight
53,95,175,31.020408163265305,Lose Weight
53,100,175,32.6530612244898,Lose Weight
53,105,175,34.285714285714285,Lose Weight
53,110,175,35.91836734693877,Lose Weight
53,115,175,37.55102040816327,Lose Weight
53,120,175,39.183673469387756,Lose Weight
53,125,175,40.816326530612244,Lose Weight
53,130,175,42.44897959183673,Lose Weight
53,135,175,44.08163265306123,Lose Weight
53,140,175,45.714285714285715,Lose Weight
53,145,175,47.3469387755102,Lose Weight
53,40,180,12.345679012345679,Gain Weight
53,45,180,13.888888888888888,Gain Weight
53,50,180,15.432098765432098,Gain Weight
53,55,180,16.975308641975307,Gain Weight
53,60,180,18.51851851851852,Maintain Weight
53,65,180,20.061728395061728,Maintain Weight
53,70,180,21.604938271604937,Maintain Weight
53,75,180,23.148148148148145,Maintain Weight
53,80,180,24.691358024691358,Maintain Weight
53,85,180,26.234567901234566,Lose Weight
53,90,180,27.777777777777775,Lose Weight
53,95,180,29.320987654320987,Lose Weight
53,100,180,30.864197530864196,Lose Weight
53,105,180,32.407407407407405,Lose Weight
53,110,180,33.95061728395061,Lose Weight
53,115,180,35.49382716049382,Lose Weight
53,120,180,37.03703703703704,Lose Weight
53,125,180,38.58024691358025,Lose Weight
53,130,180,40.123456790123456,Lose Weight
53,135,180,41.666666666666664,Lose Weight
53,140,180,43.20987654320987,Lose Weight
53,145,180,44.75308641975308,Lose Weight
53,40,185,11.68736303871439,Gain Weight
53,45,185,13.148283418553687,Gain Weight
53,50,185,14.609203798392986,Gain Weight
53,55,185,16.070124178232284,Gain Weight
53,60,185,17.531044558071585,Gain Weight
53,65,185,18.991964937910883,Maintain Weight
53,70,185,20.45288531775018,Maintain Weight
53,75,185,21.913805697589478,Maintain Weight
53,80,185,23.37472607742878,Maintain Weight
53,85,185,24.835646457268076,Maintain Weight
53,90,185,26.296566837107374,Lose Weight
53,95,185,27.757487216946675,Lose Weight
53,100,185,29.218407596785973,Lose Weight
53,105,185,30.67932797662527,Lose Weight
53,110,185,32.14024835646457,Lose Weight
53,115,185,33.60116873630387,Lose Weight
53,120,185,35.06208911614317,Lose Weight
53,125,185,36.523009495982464,Lose Weight
53,130,185,37.983929875821765,Lose Weight
53,135,185,39.444850255661066,Lose Weight
53,140,185,40.90577063550036,Lose Weight
53,145,185,42.36669101533966,Lose Weight
53,40,190,11.0803324099723,Gain Weight
53,45,190,12.465373961218837,Gain Weight
53,50,190,13.850415512465375,Gain Weight
53,55,190,15.235457063711912,Gain Weight
53,60,190,16.62049861495845,Gain Weight
53,65,190,18.005540166204987,Gain Weight
53,70,190,19.390581717451525,Maintain Weight
53,75,190,20.775623268698062,Maintain Weight
53,80,190,22.1606648199446,Maintain Weight
53,85,190,23.545706371191137,Maintain Weight
53,90,190,24.930747922437675,Lose Weight
53,95,190,26.315789473684212,Lose Weight
53,100,190,27.70083102493075,Lose Weight
53,105,190,29.085872576177287,Lose Weight
53,110,190,30.470914127423825,Lose Weight
53,115,190,31.855955678670362,Lose Weight
53,120,190,33.2409972299169,Lose Weight
53,125,190,34.62603878116344,Lose Weight
53,130,190,36.011080332409975,Lose Weight
53,135,190,37.39612188365651,Lose Weight
53,140,190,38.78116343490305,Lose Weight
53,145,190,40.16620498614959,Lose Weight
53,40,195,10.519395134779751,Gain Weight
53,45,195,11.834319526627219,Gain Weight
53,50,195,13.149243918474689,Gain Weight
53,55,195,14.464168310322158,Gain Weight
53,60,195,15.779092702169626,Gain Weight
53,65,195,17.094017094017094,Gain Weight
53,70,195,18.408941485864563,Gain Weight
53,75,195,19.723865877712033,Maintain Weight
53,80,195,21.038790269559502,Maintain Weight
53,85,195,22.353714661406972,Maintain Weight
53,90,195,23.668639053254438,Maintain Weight
53,95,195,24.983563445101908,Lose Weight
53,100,195,26.298487836949377,Lose Weight
53,105,195,27.613412228796847,Lose Weight
53,110,195,28.928336620644316,Lose Weight
53,115,195,30.243261012491782,Lose Weight
53,120,195,31.558185404339252,Lose Weight
53,125,195,32.87310979618672,Lose Weight
53,130,195,34.18803418803419,Lose Weight
53,135,195,35.50295857988166,Lose Weight
53,140,195,36.81788297172913,Lose Weight
53,145,195,38.132807363576596,Lose Weight
54,40,150,17.77777777777778,Gain Weight
54,45,150,20.0,Maintain Weight
54,50,150,22.22222222222222,Maintain Weight
54,55,150,24.444444444444443,Maintain Weight
54,60,150,26.666666666666668,Lose Weight
54,65,150,28.88888888888889,Lose Weight
54,70,150,31.11111111111111,Lose Weight
54,75,150,33.333333333333336,Lose Weight
54,80,150,35.55555555555556,Lose Weight
54,85,150,37.77777777777778,Lose Weight
54,90,150,40.0,Lose Weight
54,95,150,42.22222222222222,Lose Weight
54,100,150,44.44444444444444,Lose Weight
54,105,150,46.666666666666664,Lose Weight
54,110,150,48.888888888888886,Lose Weight
54,115,150,51.111111111111114,Lose Weight
54,120,150,53.333333333333336,Lose Weight
54,125,150,55.55555555555556,Lose Weight
54,130,150,57.77777777777778,Lose Weight
54,135,150,60.0,Lose Weight
54,140,150,62.22222222222222,Lose Weight
54,145,150,64.44444444444444,Lose Weight
54,40,155,16.649323621227886,Gain Weight
54,45,155,18.730489073881373,Maintain Weight
54,50,155,20.811654526534856,Maintain Weight
54,55,155,22.892819979188342,Maintain Weight
54,60,155,24.97398543184183,Lose Weight
54,65,155,27.055150884495315,Lose Weight
54,70,155,29.1363163371488,Lose Weight
54,75,155,31.217481789802285,Lose Weight
54,80,155,33.29864724245577,Lose Weight
54,85,155,35.37981269510926,Lose Weight
54,90,155,37.460978147762745,Lose Weight
54,95,155,39.54214360041623,Lose Weight
54,100,155,41.62330905306971,Lose Weight
54,105,155,43.7044745057232,Lose Weight
54,110,155,45.785639958376684,Lose Weight
54,115,155,47.86680541103017,Lose Weight
54,120,155,49.94797086368366,Lose Weight
54,125,155,52.029136316337144,Lose Weight
54,130,155,54.11030176899063,Lose Weight
54,135,155,56.19146722164411,Lose Weight
54,140,155,58.2726326742976,Lose Weight
54,145,155,60.353798126951084,Lose Weight
54,40,160,15.624999999999996,Gain Weight
54,45,160,17.578124999999996,Gain Weight
54,50,160,19.531249999999996,Maintain Weight
54,55,160,21.484374999999996,Maintain Weight
54,60,160,23.437499999999996,Maintain Weight
54,65,160,25.390624999999996,Lose Weight
54,70,160,27.343749999999996,Lose Weight
54,75,160,29.296874999999993,Lose Weight
54,80,160,31.249999999999993,Lose Weight
54,85,160,33.20312499999999,Lose Weight
54,90,160,35.15624999999999,Lose Weight
54,95,160,37.10937499999999,Lose Weight
54,100,160,39.06249999999999,Lose Weight
54,105,160,41.01562499999999,Lose Weight
54,110,160,42.96874999999999,Lose Weight
54,115,160,44.92187499999999,Lose Weight
54,120,160,46.87499999999999,Lose Weight
54,125,160,48.82812499999999,Lose Weight
54,130,160,50.78124999999999,Lose Weight
54,135,160,52.73437499999999,Lose Weight
54,140,160,54.68749999999999,Lose Weight
54,145,160,56.640624999999986,Lose Weight
54,40,165,14.692378328741967,Gain Weight
54,45,165,16.528925619834713,Gain Weight
54,50,165,18.36547291092746,Gain Weight
54,55,165,20.202020202020204,Maintain Weight
54,60,165,22.03856749311295,Maintain Weight
54,65,165,23.875114784205696,Maintain Weight
54,70,165,25.71166207529844,Lose Weight
54,75,165,27.548209366391188,Lose Weight
54,80,165,29.384756657483933,Lose Weight
54,85,165,31.22130394857668,Lose Weight
54,90,165,33.057851239669425,Lose Weight
54,95,165,34.894398530762174,Lose Weight
54,100,165,36.73094582185492,Lose Weight
54,105,165,38.567493112947666,Lose Weight
54,110,165,40.40404040404041,Lose Weight
54,115,165,42.24058769513316,Lose Weight
54,120,165,44.0771349862259,Lose Weight
54,125,165,45.91368227731865,Lose Weight
54,130,165,47.75022956841139,Lose Weight
54,135,165,49.58677685950414,Lose Weight
54,140,165,51.42332415059688,Lose Weight
54,145,165,53.25987144168963,Lose Weight
54,40,170,13.84083044982699,Gain Weight
54,45,170,15.570934256055365,Gain Weight
54,50,170,17.301038062283737,Gain Weight
54,55,170,19.031141868512112,Maintain Weight
54,60,170,20.761245674740486,Maintain Weight
54,65,170,22.49134948096886,Maintain Weight
54,70,170,24.221453287197235,Maintain Weight
54,75,170,25.95155709342561,Lose Weight
54,80,170,27.68166089965398,Lose Weight
54,85,170,29.411764705882355,Lose Weight
54,90,170,31.14186851211073,Lose Weight
54,95,170,32.871972318339104,Lose Weight
54,100,170,34.602076124567475,Lose Weight
54,105,170,36.33217993079585,Lose Weight
54,110,170,38.062283737024224,Lose Weight
54,115,170,39.7923875432526,Lose Weight
54,120,170,41.52249134948097,Lose Weight
54,125,170,43.25259515570935,Lose Weight
54,130,170,44.98269896193772,Lose Weight
54,135,170,46.71280276816609,Lose Weight
54,140,170,48.44290657439447,Lose Weight
54,145,170,50.17301038062284,Lose Weight
54,40,175,13.061224489795919,Gain Weight
54,45,175,14.693877551020408,Gain Weight
54,50,175,16.3265306122449,Gain Weight
54,55,175,17.959183673469386,Gain Weight
54,60,175,19.591836734693878,Maintain Weight
54,65,175,21.224489795918366,Maintain Weight
54,70,175,22.857142857142858,Maintain Weight
54,75,175,24.489795918367346,Maintain Weight
54,80,175,26.122448979591837,Lose Weight
54,85,175,27.755102040816325,Lose Weight
54,90,175,29.387755102040817,Lose Weight
54,95,175,31.020408163265305,Lose Weight
54,100,175,32.6530612244898,Lose Weight
54,105,175,34.285714285714285,Lose Weight
54,110,175,35.91836734693877,Lose Weight
54,115,175,37.55102040816327,Lose Weight
54,120,175,39.183673469387756,Lose Weight
54,125,175,40.816326530612244,Lose Weight
54,130,175,42.44897959183673,Lose Weight
54,135,175,44.08163265306123,Lose Weight
54,140,175,45.714285714285715,Lose Weight
54,145,175,47.3469387755102,Lose Weight
54,40,180,12.345679012345679,Gain Weight
54,45,180,13.888888888888888,Gain Weight
54,50,180,15.432098765432098,Gain Weight
54,55,180,16.975308641975307,Gain Weight
54,60,180,18.51851851851852,Maintain Weight
54,65,180,20.061728395061728,Maintain Weight
54,70,180,21.604938271604937,Maintain Weight
54,75,180,23.148148148148145,Maintain Weight
54,80,180,24.691358024691358,Maintain Weight
54,85,180,26.234567901234566,Lose Weight
54,90,180,27.777777777777775,Lose Weight
54,95,180,29.320987654320987,Lose Weight
54,100,180,30.864197530864196,Lose Weight
54,105,180,32.407407407407405,Lose Weight
54,110,180,33.95061728395061,Lose Weight
54,115,180,35.49382716049382,Lose Weight
54,120,180,37.03703703703704,Lose Weight
54,125,180,38.58024691358025,Lose Weight
54,130,180,40.123456790123456,Lose Weight
54,135,180,41.666666666666664,Lose Weight
54,140,180,43.20987654320987,Lose Weight
54,145,180,44.75308641975308,Lose Weight
54,40,185,11.68736303871439,Gain Weight
54,45,185,13.148283418553687,Gain Weight
54,50,185,14.609203798392986,Gain Weight
54,55,185,16.070124178232284,Gain Weight
54,60,185,17.531044558071585,Gain Weight
54,65,185,18.991964937910883,Maintain Weight
54,70,185,20.45288531775018,Maintain Weight
54,75,185,21.913805697589478,Maintain Weight
54,80,185,23.37472607742878,Maintain Weight
54,85,185,24.835646457268076,Maintain Weight
54,90,185,26.296566837107374,Lose Weight
54,95,185,27.757487216946675,Lose Weight
54,100,185,29.218407596785973,Lose Weight
54,105,185,30.67932797662527,Lose Weight
54,110,185,32.14024835646457,Lose Weight
54,115,185,33.60116873630387,Lose Weight
54,120,185,35.06208911614317,Lose Weight
54,125,185,36.523009495982464,Lose Weight
54,130,185,37.983929875821765,Lose Weight
54,135,185,39.444850255661066,Lose Weight
54,140,185,40.90577063550036,Lose Weight
54,145,185,42.36669101533966,Lose Weight
54,40,190,11.0803324099723,Gain Weight
54,45,190,12.465373961218837,Gain Weight
54,50,190,13.850415512465375,Gain Weight
54,55,190,15.235457063711912,Gain Weight
54,60,190,16.62049861495845,Gain Weight
54,65,190,18.005540166204987,Gain Weight
54,70,190,19.390581717451525,Maintain Weight
54,75,190,20.775623268698062,Maintain Weight
54,80,190,22.1606648199446,Maintain Weight
54,85,190,23.545706371191137,Maintain Weight
54,90,190,24.930747922437675,Lose Weight
54,95,190,26.315789473684212,Lose Weight
54,100,190,27.70083102493075,Lose Weight
54,105,190,29.085872576177287,Lose Weight
54,110,190,30.470914127423825,Lose Weight
54,115,190,31.855955678670362,Lose Weight
54,120,190,33.2409972299169,Lose Weight
54,125,190,34.62603878116344,Lose Weight
54,130,190,36.011080332409975,Lose Weight
54,135,190,37.39612188365651,Lose Weight
54,140,190,38.78116343490305,Lose Weight
54,145,190,40.16620498614959,Lose Weight
54,40,195,10.519395134779751,Gain Weight
54,45,195,11.834319526627219,Gain Weight
54,50,195,13.149243918474689,Gain Weight
54,55,195,14.464168310322158,Gain Weight
54,60,195,15.779092702169626,Gain Weight
54,65,195,17.094017094017094,Gain Weight
54,70,195,18.408941485864563,Gain Weight
54,75,195,19.723865877712033,Maintain Weight
54,80,195,21.038790269559502,Maintain Weight
54,85,195,22.353714661406972,Maintain Weight
54,90,195,23.668639053254438,Maintain Weight
54,95,195,24.983563445101908,Lose Weight
54,100,195,26.298487836949377,Lose Weight
54,105,195,27.613412228796847,Lose Weight
54,110,195,28.928336620644316,Lose Weight
54,115,195,30.243261012491782,Lose Weight
54,120,195,31.558185404339252,Lose Weight
54,125,195,32.87310979618672,Lose Weight
54,130,195,34.18803418803419,Lose Weight
54,135,195,35.50295857988166,Lose Weight
54,140,195,36.81788297172913,Lose Weight
54,145,195,38.132807363576596,Lose Weight
55,40,150,17.77777777777778,Gain Weight
55,45,150,20.0,Maintain Weight
55,50,150,22.22222222222222,Maintain Weight
55,55,150,24.444444444444443,Maintain Weight
55,60,150,26.666666666666668,Lose Weight
55,65,150,28.88888888888889,Lose Weight
55,70,150,31.11111111111111,Lose Weight
55,75,150,33.333333333333336,Lose Weight
55,80,150,35.55555555555556,Lose Weight
55,85,150,37.77777777777778,Lose Weight
55,90,150,40.0,Lose Weight
55,95,150,42.22222222222222,Lose Weight
55,100,150,44.44444444444444,Lose Weight
55,105,150,46.666666666666664,Lose Weight
55,110,150,48.888888888888886,Lose Weight
55,115,150,51.111111111111114,Lose Weight
55,120,150,53.333333333333336,Lose Weight
55,125,150,55.55555555555556,Lose Weight
55,130,150,57.77777777777778,Lose Weight
55,135,150,60.0,Lose Weight
55,140,150,62.22222222222222,Lose Weight
55,145,150,64.44444444444444,Lose Weight
55,40,155,16.649323621227886,Gain Weight
55,45,155,18.730489073881373,Maintain Weight
55,50,155,20.811654526534856,Maintain Weight
55,55,155,22.892819979188342,Maintain Weight
55,60,155,24.97398543184183,Lose Weight
55,65,155,27.055150884495315,Lose Weight
55,70,155,29.1363163371488,Lose Weight
55,75,155,31.217481789802285,Lose Weight
55,80,155,33.29864724245577,Lose Weight
55,85,155,35.37981269510926,Lose Weight
55,90,155,37.460978147762745,Lose Weight
55,95,155,39.54214360041623,Lose Weight
55,100,155,41.62330905306971,Lose Weight
55,105,155,43.7044745057232,Lose Weight
55,110,155,45.785639958376684,Lose Weight
55,115,155,47.86680541103017,Lose Weight
55,120,155,49.94797086368366,Lose Weight
55,125,155,52.029136316337144,Lose Weight
55,130,155,54.11030176899063,Lose Weight
55,135,155,56.19146722164411,Lose Weight
55,140,155,58.2726326742976,Lose Weight
55,145,155,60.353798126951084,Lose Weight
55,40,160,15.624999999999996,Gain Weight
55,45,160,17.578124999999996,Gain Weight
55,50,160,19.531249999999996,Maintain Weight
55,55,160,21.484374999999996,Maintain Weight
55,60,160,23.437499999999996,Maintain Weight
55,65,160,25.390624999999996,Lose Weight
55,70,160,27.343749999999996,Lose Weight
55,75,160,29.296874999999993,Lose Weight
55,80,160,31.249999999999993,Lose Weight
55,85,160,33.20312499999999,Lose Weight
55,90,160,35.15624999999999,Lose Weight
55,95,160,37.10937499999999,Lose Weight
55,100,160,39.06249999999999,Lose Weight
55,105,160,41.01562499999999,Lose Weight
55,110,160,42.96874999999999,Lose Weight
55,115,160,44.92187499999999,Lose Weight
55,120,160,46.87499999999999,Lose Weight
55,125,160,48.82812499999999,Lose Weight
55,130,160,50.78124999999999,Lose Weight
55,135,160,52.73437499999999,Lose Weight
55,140,160,54.68749999999999,Lose Weight
55,145,160,56.640624999999986,Lose Weight
55,40,165,14.692378328741967,Gain Weight
55,45,165,16.528925619834713,Gain Weight
55,50,165,18.36547291092746,Gain Weight
55,55,165,20.202020202020204,Maintain Weight
55,60,165,22.03856749311295,Maintain Weight
55,65,165,23.875114784205696,Maintain Weight
55,70,165,25.71166207529844,Lose Weight
55,75,165,27.548209366391188,Lose Weight
55,80,165,29.384756657483933,Lose Weight
55,85,165,31.22130394857668,Lose Weight
55,90,165,33.057851239669425,Lose Weight
55,95,165,34.894398530762174,Lose Weight
55,100,165,36.73094582185492,Lose Weight
55,105,165,38.567493112947666,Lose Weight
55,110,165,40.40404040404041,Lose Weight
55,115,165,42.24058769513316,Lose Weight
55,120,165,44.0771349862259,Lose Weight
55,125,165,45.91368227731865,Lose Weight
55,130,165,47.75022956841139,Lose Weight
55,135,165,49.58677685950414,Lose Weight
55,140,165,51.42332415059688,Lose Weight
55,145,165,53.25987144168963,Lose Weight
55,40,170,13.84083044982699,Gain Weight
55,45,170,15.570934256055365,Gain Weight
55,50,170,17.301038062283737,Gain Weight
55,55,170,19.031141868512112,Maintain Weight
55,60,170,20.761245674740486,Maintain Weight
55,65,170,22.49134948096886,Maintain Weight
55,70,170,24.221453287197235,Maintain Weight
55,75,170,25.95155709342561,Lose Weight
55,80,170,27.68166089965398,Lose Weight
55,85,170,29.411764705882355,Lose Weight
55,90,170,31.14186851211073,Lose Weight
55,95,170,32.871972318339104,Lose Weight
55,100,170,34.602076124567475,Lose Weight
55,105,170,36.33217993079585,Lose Weight
55,110,170,38.062283737024224,Lose Weight
55,115,170,39.7923875432526,Lose Weight
55,120,170,41.52249134948097,Lose Weight
55,125,170,43.25259515570935,Lose Weight
55,130,170,44.98269896193772,Lose Weight
55,135,170,46.71280276816609,Lose Weight
55,140,170,48.44290657439447,Lose Weight
55,145,170,50.17301038062284,Lose Weight
55,40,175,13.061224489795919,Gain Weight
55,45,175,14.693877551020408,Gain Weight
55,50,175,16.3265306122449,Gain Weight
55,55,175,17.959183673469386,Gain Weight
55,60,175,19.591836734693878,Maintain Weight
55,65,175,21.224489795918366,Maintain Weight
55,70,175,22.857142857142858,Maintain Weight
55,75,175,24.489795918367346,Maintain Weight
55,80,175,26.122448979591837,Lose Weight
55,85,175,27.755102040816325,Lose Weight
55,90,175,29.387755102040817,Lose Weight
55,95,175,31.020408163265305,Lose Weight
55,100,175,32.6530612244898,Lose Weight
55,105,175,34.285714285714285,Lose Weight
55,110,175,35.91836734693877,Lose Weight
55,115,175,37.55102040816327,Lose Weight
55,120,175,39.183673469387756,Lose Weight
55,125,175,40.816326530612244,Lose Weight
55,130,175,42.44897959183673,Lose Weight
55,135,175,44.08163265306123,Lose Weight
55,140,175,45.714285714285715,Lose Weight
55,145,175,47.3469387755102,Lose Weight
55,40,180,12.345679012345679,Gain Weight
55,45,180,13.888888888888888,Gain Weight
55,50,180,15.432098765432098,Gain Weight
55,55,180,16.975308641975307,Gain Weight
55,60,180,18.51851851851852,Maintain Weight
55,65,180,20.061728395061728,Maintain Weight
55,70,180,21.604938271604937,Maintain Weight
55,75,180,23.148148148148145,Maintain Weight
55,80,180,24.691358024691358,Maintain Weight
55,85,180,26.234567901234566,Lose Weight
55,90,180,27.777777777777775,Lose Weight
55,95,180,29.320987654320987,Lose Weight
55,100,180,30.864197530864196,Lose Weight
55,105,180,32.407407407407405,Lose Weight
55,110,180,33.95061728395061,Lose Weight
55,115,180,35.49382716049382,Lose Weight
55,120,180,37.03703703703704,Lose Weight
55,125,180,38.58024691358025,Lose Weight
55,130,180,40.123456790123456,Lose Weight
55,135,180,41.666666666666664,Lose Weight
55,140,180,43.20987654320987,Lose Weight
55,145,180,44.75308641975308,Lose Weight
55,40,185,11.68736303871439,Gain Weight
55,45,185,13.148283418553687,Gain Weight
55,50,185,14.609203798392986,Gain Weight
55,55,185,16.070124178232284,Gain Weight
55,60,185,17.531044558071585,Gain Weight
55,65,185,18.991964937910883,Maintain Weight
55,70,185,20.45288531775018,Maintain Weight
55,75,185,21.913805697589478,Maintain Weight
55,80,185,23.37472607742878,Maintain Weight
55,85,185,24.835646457268076,Maintain Weight
55,90,185,26.296566837107374,Lose Weight
55,95,185,27.757487216946675,Lose Weight
55,100,185,29.218407596785973,Lose Weight
55,105,185,30.67932797662527,Lose Weight
55,110,185,32.14024835646457,Lose Weight
55,115,185,33.60116873630387,Lose Weight
55,120,185,35.06208911614317,Lose Weight
55,125,185,36.523009495982464,Lose Weight
55,130,185,37.983929875821765,Lose Weight
55,135,185,39.444850255661066,Lose Weight
55,140,185,40.90577063550036,Lose Weight
55,145,185,42.36669101533966,Lose Weight
55,40,190,11.0803324099723,Gain Weight
55,45,190,12.465373961218837,Gain Weight
55,50,190,13.850415512465375,Gain Weight
55,55,190,15.235457063711912,Gain Weight
55,60,190,16.62049861495845,Gain Weight
55,65,190,18.005540166204987,Gain Weight
55,70,190,19.390581717451525,Maintain Weight
55,75,190,20.775623268698062,Maintain Weight
55,80,190,22.1606648199446,Maintain Weight
55,85,190,23.545706371191137,Maintain Weight
55,90,190,24.930747922437675,Lose Weight
55,95,190,26.315789473684212,Lose Weight
55,100,190,27.70083102493075,Lose Weight
55,105,190,29.085872576177287,Lose Weight
55,110,190,30.470914127423825,Lose Weight
55,115,190,31.855955678670362,Lose Weight
55,120,190,33.2409972299169,Lose Weight
55,125,190,34.62603878116344,Lose Weight
55,130,190,36.011080332409975,Lose Weight
55,135,190,37.39612188365651,Lose Weight
55,140,190,38.78116343490305,Lose Weight
55,145,190,40.16620498614959,Lose Weight
55,40,195,10.519395134779751,Gain Weight
55,45,195,11.834319526627219,Gain Weight
55,50,195,13.149243918474689,Gain Weight
55,55,195,14.464168310322158,Gain Weight
55,60,195,15.779092702169626,Gain Weight
55,65,195,17.094017094017094,Gain Weight
55,70,195,18.408941485864563,Gain Weight
55,75,195,19.723865877712033,Maintain Weight
55,80,195,21.038790269559502,Maintain Weight
55,85,195,22.353714661406972,Maintain Weight
55,90,195,23.668639053254438,Maintain Weight
55,95,195,24.983563445101908,Lose Weight
55,100,195,26.298487836949377,Lose Weight
55,105,195,27.613412228796847,Lose Weight
55,110,195,28.928336620644316,Lose Weight
55,115,195,30.243261012491782,Lose Weight
55,120,195,31.558185404339252,Lose Weight
55,125,195,32.87310979618672,Lose Weight
55,130,195,34.18803418803419,Lose Weight
55,135,195,35.50295857988166,Lose Weight
55,140,195,36.81788297172913,Lose Weight
55,145,195,38.132807363576596,Lose Weight
56,40,150,17.77777777777778,Gain Weight
56,45,150,20.0,Maintain Weight
56,50,150,22.22222222222222,Maintain Weight
56,55,150,24.444444444444443,Maintain Weight
56,60,150,26.666666666666668,Lose Weight
56,65,150,28.88888888888889,Lose Weight
56,70,150,31.11111111111111,Lose Weight
56,75,150,33.333333333333336,Lose Weight
56,80,150,35.55555555555556,Lose Weight
56,85,150,37.77777777777778,Lose Weight
56,90,150,40.0,Lose Weight
56,95,150,42.22222222222222,Lose Weight
56,100,150,44.44444444444444,Lose Weight
56,105,150,46.666666666666664,Lose Weight
56,110,150,48.888888888888886,Lose Weight
56,115,150,51.111111111111114,Lose Weight
56,120,150,53.333333333333336,Lose Weight
56,125,150,55.55555555555556,Lose Weight
56,130,150,57.77777777777778,Lose Weight
56,135,150,60.0,Lose Weight
56,140,150,62.22222222222222,Lose Weight
56,145,150,64.44444444444444,Lose Weight
56,40,155,16.649323621227886,Gain Weight
56,45,155,18.730489073881373,Maintain Weight
56,50,155,20.811654526534856,Maintain Weight
56,55,155,22.892819979188342,Maintain Weight
56,60,155,24.97398543184183,Lose Weight
56,65,155,27.055150884495315,Lose Weight
56,70,155,29.1363163371488,Lose Weight
56,75,155,31.217481789802285,Lose Weight
56,80,155,33.29864724245577,Lose Weight
56,85,155,35.37981269510926,Lose Weight
56,90,155,37.460978147762745,Lose Weight
56,95,155,39.54214360041623,Lose Weight
56,100,155,41.62330905306971,Lose Weight
56,105,155,43.7044745057232,Lose Weight
56,110,155,45.785639958376684,Lose Weight
56,115,155,47.86680541103017,Lose Weight
56,120,155,49.94797086368366,Lose Weight
56,125,155,52.029136316337144,Lose Weight
56,130,155,54.11030176899063,Lose Weight
56,135,155,56.19146722164411,Lose Weight
56,140,155,58.2726326742976,Lose Weight
56,145,155,60.353798126951084,Lose Weight
56,40,160,15.624999999999996,Gain Weight
56,45,160,17.578124999999996,Gain Weight
56,50,160,19.531249999999996,Maintain Weight
56,55,160,21.484374999999996,Maintain Weight
56,60,160,23.437499999999996,Maintain Weight
56,65,160,25.390624999999996,Lose Weight
56,70,160,27.343749999999996,Lose Weight
56,75,160,29.296874999999993,Lose Weight
56,80,160,31.249999999999993,Lose Weight
56,85,160,33.20312499999999,Lose Weight
56,90,160,35.15624999999999,Lose Weight
56,95,160,37.10937499999999,Lose Weight
56,100,160,39.06249999999999,Lose Weight
56,105,160,41.01562499999999,Lose Weight
56,110,160,42.96874999999999,Lose Weight
56,115,160,44.92187499999999,Lose Weight
56,120,160,46.87499999999999,Lose Weight
56,125,160,48.82812499999999,Lose Weight
56,130,160,50.78124999999999,Lose Weight
56,135,160,52.73437499999999,Lose Weight
56,140,160,54.68749999999999,Lose Weight
56,145,160,56.640624999999986,Lose Weight
56,40,165,14.692378328741967,Gain Weight
56,45,165,16.528925619834713,Gain Weight
56,50,165,18.36547291092746,Gain Weight
56,55,165,20.202020202020204,Maintain Weight
56,60,165,22.03856749311295,Maintain Weight
56,65,165,23.875114784205696,Maintain Weight
56,70,165,25.71166207529844,Lose Weight
56,75,165,27.548209366391188,Lose Weight
56,80,165,29.384756657483933,Lose Weight
56,85,165,31.22130394857668,Lose Weight
56,90,165,33.057851239669425,Lose Weight
56,95,165,34.894398530762174,Lose Weight
56,100,165,36.73094582185492,Lose Weight
56,105,165,38.567493112947666,Lose Weight
56,110,165,40.40404040404041,Lose Weight
56,115,165,42.24058769513316,Lose Weight
56,120,165,44.0771349862259,Lose Weight
56,125,165,45.91368227731865,Lose Weight
56,130,165,47.75022956841139,Lose Weight
56,135,165,49.58677685950414,Lose Weight
56,140,165,51.42332415059688,Lose Weight
56,145,165,53.25987144168963,Lose Weight
56,40,170,13.84083044982699,Gain Weight
56,45,170,15.570934256055365,Gain Weight
56,50,170,17.301038062283737,Gain Weight
56,55,170,19.031141868512112,Maintain Weight
56,60,170,20.761245674740486,Maintain Weight
56,65,170,22.49134948096886,Maintain Weight
56,70,170,24.221453287197235,Maintain Weight
56,75,170,25.95155709342561,Lose Weight
56,80,170,27.68166089965398,Lose Weight
56,85,170,29.411764705882355,Lose Weight
56,90,170,31.14186851211073,Lose Weight
56,95,170,32.871972318339104,Lose Weight
56,100,170,34.602076124567475,Lose Weight
56,105,170,36.33217993079585,Lose Weight
56,110,170,38.062283737024224,Lose Weight
56,115,170,39.7923875432526,Lose Weight
56,120,170,41.52249134948097,Lose Weight
56,125,170,43.25259515570935,Lose Weight
56,130,170,44.98269896193772,Lose Weight
56,135,170,46.71280276816609,Lose Weight
56,140,170,48.44290657439447,Lose Weight
56,145,170,50.17301038062284,Lose Weight
56,40,175,13.061224489795919,Gain Weight
56,45,175,14.693877551020408,Gain Weight
56,50,175,16.3265306122449,Gain Weight
56,55,175,17.959183673469386,Gain Weight
56,60,175,19.591836734693878,Maintain Weight
56,65,175,21.224489795918366,Maintain Weight
56,70,175,22.857142857142858,Maintain Weight
56,75,175,24.489795918367346,Maintain Weight
56,80,175,26.122448979591837,Lose Weight
56,85,175,27.755102040816325,Lose Weight
56,90,175,29.387755102040817,Lose Weight
56,95,175,31.020408163265305,Lose Weight
56,100,175,32.6530612244898,Lose Weight
56,105,175,34.285714285714285,Lose Weight
56,110,175,35.91836734693877,Lose Weight
56,115,175,37.55102040816327,Lose Weight
56,120,175,39.183673469387756,Lose Weight
56,125,175,40.816326530612244,Lose Weight
56,130,175,42.44897959183673,Lose Weight
56,135,175,44.08163265306123,Lose Weight
56,140,175,45.714285714285715,Lose Weight
56,145,175,47.3469387755102,Lose Weight
56,40,180,12.345679012345679,Gain Weight
56,45,180,13.888888888888888,Gain Weight
56,50,180,15.432098765432098,Gain Weight
56,55,180,16.975308641975307,Gain Weight
56,60,180,18.51851851851852,Maintain Weight
56,65,180,20.061728395061728,Maintain Weight
56,70,180,21.604938271604937,Maintain Weight
56,75,180,23.148148148148145,Maintain Weight
56,80,180,24.691358024691358,Maintain Weight
56,85,180,26.234567901234566,Lose Weight
56,90,180,27.777777777777775,Lose Weight
56,95,180,29.320987654320987,Lose Weight
56,100,180,30.864197530864196,Lose Weight
56,105,180,32.407407407407405,Lose Weight
56,110,180,33.95061728395061,Lose Weight
56,115,180,35.49382716049382,Lose Weight
56,120,180,37.03703703703704,Lose Weight
56,125,180,38.58024691358025,Lose Weight
56,130,180,40.123456790123456,Lose Weight
56,135,180,41.666666666666664,Lose Weight
56,140,180,43.20987654320987,Lose Weight
56,145,180,44.75308641975308,Lose Weight
56,40,185,11.68736303871439,Gain Weight
56,45,185,13.148283418553687,Gain Weight
56,50,185,14.609203798392986,Gain Weight
56,55,185,16.070124178232284,Gain Weight
56,60,185,17.531044558071585,Gain Weight
56,65,185,18.991964937910883,Maintain Weight
56,70,185,20.45288531775018,Maintain Weight
56,75,185,21.913805697589478,Maintain Weight
56,80,185,23.37472607742878,Maintain Weight
56,85,185,24.835646457268076,Maintain Weight
56,90,185,26.296566837107374,Lose Weight
56,95,185,27.757487216946675,Lose Weight
56,100,185,29.218407596785973,Lose Weight
56,105,185,30.67932797662527,Lose Weight
56,110,185,32.14024835646457,Lose Weight
56,115,185,33.60116873630387,Lose Weight
56,120,185,35.06208911614317,Lose Weight
56,125,185,36.523009495982464,Lose Weight
56,130,185,37.983929875821765,Lose Weight
56,135,185,39.444850255661066,Lose Weight
56,140,185,40.90577063550036,Lose Weight
56,145,185,42.36669101533966,Lose Weight
56,40,190,11.0803324099723,Gain Weight
56,45,190,12.465373961218837,Gain Weight
56,50,190,13.850415512465375,Gain Weight
56,55,190,15.235457063711912,Gain Weight
56,60,190,16.62049861495845,Gain Weight
56,65,190,18.005540166204987,Gain Weight
56,70,190,19.390581717451525,Maintain Weight
56,75,190,20.775623268698062,Maintain Weight
56,80,190,22.1606648199446,Maintain Weight
56,85,190,23.545706371191137,Maintain Weight
56,90,190,24.930747922437675,Lose Weight
56,95,190,26.315789473684212,Lose Weight
56,100,190,27.70083102493075,Lose Weight
56,105,190,29.085872576177287,Lose Weight
56,110,190,30.470914127423825,Lose Weight
56,115,190,31.855955678670362,Lose Weight
56,120,190,33.2409972299169,Lose Weight
56,125,190,34.62603878116344,Lose Weight
56,130,190,36.011080332409975,Lose Weight
56,135,190,37.39612188365651,Lose Weight
56,140,190,38.78116343490305,Lose Weight
56,145,190,40.16620498614959,Lose Weight
56,40,195,10.519395134779751,Gain Weight
56,45,195,11.834319526627219,Gain Weight
56,50,195,13.149243918474689,Gain Weight
56,55,195,14.464168310322158,Gain Weight
56,60,195,15.779092702169626,Gain Weight
56,65,195,17.094017094017094,Gain Weight
56,70,195,18.408941485864563,Gain Weight
56,75,195,19.723865877712033,Maintain Weight
56,80,195,21.038790269559502,Maintain Weight
56,85,195,22.353714661406972,Maintain Weight
56,90,195,23.668639053254438,Maintain Weight
56,95,195,24.983563445101908,Lose Weight
56,100,195,26.298487836949377,Lose Weight
56,105,195,27.613412228796847,Lose Weight
56,110,195,28.928336620644316,Lose Weight
56,115,195,30.243261012491782,Lose Weight
56,120,195,31.558185404339252,Lose Weight
56,125,195,32.87310979618672,Lose Weight
56,130,195,34.18803418803419,Lose Weight
56,135,195,35.50295857988166,Lose Weight
56,140,195,36.81788297172913,Lose Weight
56,145,195,38.132807363576596,Lose Weight
57,40,150,17.77777777777778,Gain Weight
57,45,150,20.0,Maintain Weight
57,50,150,22.22222222222222,Maintain Weight
57,55,150,24.444444444444443,Maintain Weight
57,60,150,26.666666666666668,Lose Weight
57,65,150,28.88888888888889,Lose Weight
57,70,150,31.11111111111111,Lose Weight
57,75,150,33.333333333333336,Lose Weight
57,80,150,35.55555555555556,Lose Weight
57,85,150,37.77777777777778,Lose Weight
57,90,150,40.0,Lose Weight
57,95,150,42.22222222222222,Lose Weight
57,100,150,44.44444444444444,Lose Weight
57,105,150,46.666666666666664,Lose Weight
57,110,150,48.888888888888886,Lose Weight
57,115,150,51.111111111111114,Lose Weight
57,120,150,53.333333333333336,Lose Weight
57,125,150,55.55555555555556,Lose Weight
57,130,150,57.77777777777778,Lose Weight
57,135,150,60.0,Lose Weight
57,140,150,62.22222222222222,Lose Weight
57,145,150,64.44444444444444,Lose Weight
57,40,155,16.649323621227886,Gain Weight
57,45,155,18.730489073881373,Maintain Weight
57,50,155,20.811654526534856,Maintain Weight
57,55,155,22.892819979188342,Maintain Weight
57,60,155,24.97398543184183,Lose Weight
57,65,155,27.055150884495315,Lose Weight
57,70,155,29.1363163371488,Lose Weight
57,75,155,31.217481789802285,Lose Weight
57,80,155,33.29864724245577,Lose Weight
57,85,155,35.37981269510926,Lose Weight
57,90,155,37.460978147762745,Lose Weight
57,95,155,39.54214360041623,Lose Weight
57,100,155,41.62330905306971,Lose Weight
57,105,155,43.7044745057232,Lose Weight
57,110,155,45.785639958376684,Lose Weight
57,115,155,47.86680541103017,Lose Weight
57,120,155,49.94797086368366,Lose Weight
57,125,155,52.029136316337144,Lose Weight
57,130,155,54.11030176899063,Lose Weight
57,135,155,56.19146722164411,Lose Weight
57,140,155,58.2726326742976,Lose Weight
57,145,155,60.353798126951084,Lose Weight
57,40,160,15.624999999999996,Gain Weight
57,45,160,17.578124999999996,Gain Weight
57,50,160,19.531249999999996,Maintain Weight
57,55,160,21.484374999999996,Maintain Weight
57,60,160,23.437499999999996,Maintain Weight
57,65,160,25.390624999999996,Lose Weight
57,70,160,27.343749999999996,Lose Weight
57,75,160,29.296874999999993,Lose Weight
57,80,160,31.249999999999993,Lose Weight
57,85,160,33.20312499999999,Lose Weight
57,90,160,35.15624999999999,Lose Weight
57,95,160,37.10937499999999,Lose Weight
57,100,160,39.06249999999999,Lose Weight
57,105,160,41.01562499999999,Lose Weight
57,110,160,42.96874999999999,Lose Weight
57,115,160,44.92187499999999,Lose Weight
57,120,160,46.87499999999999,Lose Weight
57,125,160,48.82812499999999,Lose Weight
57,130,160,50.78124999999999,Lose Weight
57,135,160,52.73437499999999,Lose Weight
57,140,160,54.68749999999999,Lose Weight
57,145,160,56.640624999999986,Lose Weight
57,40,165,14.692378328741967,Gain Weight
57,45,165,16.528925619834713,Gain Weight
57,50,165,18.36547291092746,Gain Weight
57,55,165,20.202020202020204,Maintain Weight
57,60,165,22.03856749311295,Maintain Weight
57,65,165,23.875114784205696,Maintain Weight
57,70,165,25.71166207529844,Lose Weight
57,75,165,27.548209366391188,Lose Weight
57,80,165,29.384756657483933,Lose Weight
57,85,165,31.22130394857668,Lose Weight
57,90,165,33.057851239669425,Lose Weight
57,95,165,34.894398530762174,Lose Weight
57,100,165,36.73094582185492,Lose Weight
57,105,165,38.567493112947666,Lose Weight
57,110,165,40.40404040404041,Lose Weight
57,115,165,42.24058769513316,Lose Weight
57,120,165,44.0771349862259,Lose Weight
57,125,165,45.91368227731865,Lose Weight
57,130,165,47.75022956841139,Lose Weight
57,135,165,49.58677685950414,Lose Weight
57,140,165,51.42332415059688,Lose Weight
57,145,165,53.25987144168963,Lose Weight
57,40,170,13.84083044982699,Gain Weight
57,45,170,15.570934256055365,Gain Weight
57,50,170,17.301038062283737,Gain Weight
57,55,170,19.031141868512112,Maintain Weight
57,60,170,20.761245674740486,Maintain Weight
57,65,170,22.49134948096886,Maintain Weight
57,70,170,24.221453287197235,Maintain Weight
57,75,170,25.95155709342561,Lose Weight
57,80,170,27.68166089965398,Lose Weight
57,85,170,29.411764705882355,Lose Weight
57,90,170,31.14186851211073,Lose Weight
57,95,170,32.871972318339104,Lose Weight
57,100,170,34.602076124567475,Lose Weight
57,105,170,36.33217993079585,Lose Weight
57,110,170,38.062283737024224,Lose Weight
57,115,170,39.7923875432526,Lose Weight
57,120,170,41.52249134948097,Lose Weight
57,125,170,43.25259515570935,Lose Weight
57,130,170,44.98269896193772,Lose Weight
57,135,170,46.71280276816609,Lose Weight
57,140,170,48.44290657439447,Lose Weight
57,145,170,50.17301038062284,Lose Weight
57,40,175,13.061224489795919,Gain Weight
57,45,175,14.693877551020408,Gain Weight
57,50,175,16.3265306122449,Gain Weight
57,55,175,17.959183673469386,Gain Weight
57,60,175,19.591836734693878,Maintain Weight
57,65,175,21.224489795918366,Maintain Weight
57,70,175,22.857142857142858,Maintain Weight
57,75,175,24.489795918367346,Maintain Weight
57,80,175,26.122448979591837,Lose Weight
57,85,175,27.755102040816325,Lose Weight
57,90,175,29.387755102040817,Lose Weight
57,95,175,31.020408163265305,Lose Weight
57,100,175,32.6530612244898,Lose Weight
57,105,175,34.285714285714285,Lose Weight
57,110,175,35.91836734693877,Lose Weight
57,115,175,37.55102040816327,Lose Weight
57,120,175,39.183673469387756,Lose Weight
57,125,175,40.816326530612244,Lose Weight
57,130,175,42.44897959183673,Lose Weight
57,135,175,44.08163265306123,Lose Weight
57,140,175,45.714285714285715,Lose Weight
57,145,175,47.3469387755102,Lose Weight
57,40,180,12.345679012345679,Gain Weight
57,45,180,13.888888888888888,Gain Weight
57,50,180,15.432098765432098,Gain Weight
57,55,180,16.975308641975307,Gain Weight
57,60,180,18.51851851851852,Maintain Weight
57,65,180,20.061728395061728,Maintain Weight
57,70,180,21.604938271604937,Maintain Weight
57,75,180,23.148148148148145,Maintain Weight
57,80,180,24.691358024691358,Maintain Weight
57,85,180,26.234567901234566,Lose Weight
57,90,180,27.777777777777775,Lose Weight
57,95,180,29.320987654320987,Lose Weight
57,100,180,30.864197530864196,Lose Weight
57,105,180,32.407407407407405,Lose Weight
57,110,180,33.95061728395061,Lose Weight
57,115,180,35.49382716049382,Lose Weight
57,120,180,37.03703703703704,Lose Weight
57,125,180,38.58024691358025,Lose Weight
57,130,180,40.123456790123456,Lose Weight
57,135,180,41.666666666666664,Lose Weight
57,140,180,43.20987654320987,Lose Weight
57,145,180,44.75308641975308,Lose Weight
57,40,185,11.68736303871439,Gain Weight
57,45,185,13.148283418553687,Gain Weight
57,50,185,14.609203798392986,Gain Weight
57,55,185,16.070124178232284,Gain Weight
57,60,185,17.531044558071585,Gain Weight
57,65,185,18.991964937910883,Maintain Weight
57,70,185,20.45288531775018,Maintain Weight
57,75,185,21.913805697589478,Maintain Weight
57,80,185,23.37472607742878,Maintain Weight
57,85,185,24.835646457268076,Maintain Weight
57,90,185,26.296566837107374,Lose Weight
57,95,185,27.757487216946675,Lose Weight
57,100,185,29.218407596785973,Lose Weight
57,105,185,30.67932797662527,Lose Weight
57,110,185,32.14024835646457,Lose Weight
57,115,185,33.60116873630387,Lose Weight
57,120,185,35.06208911614317,Lose Weight
57,125,185,36.523009495982464,Lose Weight
57,130,185,37.983929875821765,Lose Weight
57,135,185,39.444850255661066,Lose Weight
57,140,185,40.90577063550036,Lose Weight
57,145,185,42.36669101533966,Lose Weight
57,40,190,11.0803324099723,Gain Weight
57,45,190,12.465373961218837,Gain Weight
57,50,190,13.850415512465375,Gain Weight
57,55,190,15.235457063711912,Gain Weight
57,60,190,16.62049861495845,Gain Weight
57,65,190,18.005540166204987,Gain Weight
57,70,190,19.390581717451525,Maintain Weight
57,75,190,20.775623268698062,Maintain Weight
57,80,190,22.1606648199446,Maintain Weight
57,85,190,23.545706371191137,Maintain Weight
57,90,190,24.930747922437675,Lose Weight
57,95,190,26.315789473684212,Lose Weight
57,100,190,27.70083102493075,Lose Weight
57,105,190,29.085872576177287,Lose Weight
57,110,190,30.470914127423825,Lose Weight
57,115,190,31.855955678670362,Lose Weight
57,120,190,33.2409972299169,Lose Weight
57,125,190,34.62603878116344,Lose Weight
57,130,190,36.011080332409975,Lose Weight
57,135,190,37.39612188365651,Lose Weight
57,140,190,38.78116343490305,Lose Weight
57,145,190,40.16620498614959,Lose Weight
57,40,195,10.519395134779751,Gain Weight
57,45,195,11.834319526627219,Gain Weight
57,50,195,13.149243918474689,Gain Weight
57,55,195,14.464168310322158,Gain Weight
57,60,195,15.779092702169626,Gain Weight
57,65,195,17.094017094017094,Gain Weight
57,70,195,18.408941485864563,Gain Weight
57,75,195,19.723865877712033,Maintain Weight
57,80,195,21.038790269559502,Maintain Weight
57,85,195,22.353714661406972,Maintain Weight
57,90,195,23.668639053254438,Maintain Weight
57,95,195,24.983563445101908,Lose Weight
57,100,195,26.298487836949377,Lose Weight
57,105,195,27.613412228796847,Lose Weight
57,110,195,28.928336620644316,Lose Weight
57,115,195,30.243261012491782,Lose Weight
57,120,195,31.558185404339252,Lose Weight
57,125,195,32.87310979618672,Lose Weight
57,130,195,34.18803418803419,Lose Weight
57,135,195,35.50295857988166,Lose Weight
57,140,195,36.81788297172913,Lose Weight
57,145,195,38.132807363576596,Lose Weight
58,40,150,17.77777777777778,Gain Weight
58,45,150,20.0,Maintain Weight
58,50,150,22.22222222222222,Maintain Weight
58,55,150,24.444444444444443,Maintain Weight
58,60,150,26.666666666666668,Lose Weight
58,65,150,28.88888888888889,Lose Weight
58,70,150,31.11111111111111,Lose Weight
58,75,150,33.333333333333336,Lose Weight
58,80,150,35.55555555555556,Lose Weight
58,85,150,37.77777777777778,Lose Weight
58,90,150,40.0,Lose Weight
58,95,150,42.22222222222222,Lose Weight
58,100,150,44.44444444444444,Lose Weight
58,105,150,46.666666666666664,Lose Weight
58,110,150,48.888888888888886,Lose Weight
58,115,150,51.111111111111114,Lose Weight
58,120,150,53.333333333333336,Lose Weight
58,125,150,55.55555555555556,Lose Weight
58,130,150,57.77777777777778,Lose Weight
58,135,150,60.0,Lose Weight
58,140,150,62.22222222222222,Lose Weight
58,145,150,64.44444444444444,Lose Weight
58,40,155,16.649323621227886,Gain Weight
58,45,155,18.730489073881373,Maintain Weight
58,50,155,20.811654526534856,Maintain Weight
58,55,155,22.892819979188342,Maintain Weight
58,60,155,24.97398543184183,Lose Weight
58,65,155,27.055150884495315,Lose Weight
58,70,155,29.1363163371488,Lose Weight
58,75,155,31.217481789802285,Lose Weight
58,80,155,33.29864724245577,Lose Weight
58,85,155,35.37981269510926,Lose Weight
58,90,155,37.460978147762745,Lose Weight
58,95,155,39.54214360041623,Lose Weight
58,100,155,41.62330905306971,Lose Weight
58,105,155,43.7044745057232,Lose Weight
58,110,155,45.785639958376684,Lose Weight
58,115,155,47.86680541103017,Lose Weight
58,120,155,49.94797086368366,Lose Weight
58,125,155,52.029136316337144,Lose Weight
58,130,155,54.11030176899063,Lose Weight
58,135,155,56.19146722164411,Lose Weight
58,140,155,58.2726326742976,Lose Weight
58,145,155,60.353798126951084,Lose Weight
58,40,160,15.624999999999996,Gain Weight
58,45,160,17.578124999999996,Gain Weight
58,50,160,19.531249999999996,Maintain Weight
58,55,160,21.484374999999996,Maintain Weight
58,60,160,23.437499999999996,Maintain Weight
58,65,160,25.390624999999996,Lose Weight
58,70,160,27.343749999999996,Lose Weight
58,75,160,29.296874999999993,Lose Weight
58,80,160,31.249999999999993,Lose Weight
58,85,160,33.20312499999999,Lose Weight
58,90,160,35.15624999999999,Lose Weight
58,95,160,37.10937499999999,Lose Weight
58,100,160,39.06249999999999,Lose Weight
58,105,160,41.01562499999999,Lose Weight
58,110,160,42.96874999999999,Lose Weight
58,115,160,44.92187499999999,Lose Weight
58,120,160,46.87499999999999,Lose Weight
58,125,160,48.82812499999999,Lose Weight
58,130,160,50.78124999999999,Lose Weight
58,135,160,52.73437499999999,Lose Weight
58,140,160,54.68749999999999,Lose Weight
58,145,160,56.640624999999986,Lose Weight
58,40,165,14.692378328741967,Gain Weight
58,45,165,16.528925619834713,Gain Weight
58,50,165,18.36547291092746,Gain Weight
58,55,165,20.202020202020204,Maintain Weight
58,60,165,22.03856749311295,Maintain Weight
58,65,165,23.875114784205696,Maintain Weight
58,70,165,25.71166207529844,Lose Weight
58,75,165,27.548209366391188,Lose Weight
58,80,165,29.384756657483933,Lose Weight
58,85,165,31.22130394857668,Lose Weight
58,90,165,33.057851239669425,Lose Weight
58,95,165,34.894398530762174,Lose Weight
58,100,165,36.73094582185492,Lose Weight
58,105,165,38.567493112947666,Lose Weight
58,110,165,40.40404040404041,Lose Weight
58,115,165,42.24058769513316,Lose Weight
58,120,165,44.0771349862259,Lose Weight
58,125,165,45.91368227731865,Lose Weight
58,130,165,47.75022956841139,Lose Weight
58,135,165,49.58677685950414,Lose Weight
58,140,165,51.42332415059688,Lose Weight
58,145,165,53.25987144168963,Lose Weight
58,40,170,13.84083044982699,Gain Weight
58,45,170,15.570934256055365,Gain Weight
58,50,170,17.301038062283737,Gain Weight
58,55,170,19.031141868512112,Maintain Weight
58,60,170,20.761245674740486,Maintain Weight
58,65,170,22.49134948096886,Maintain Weight
58,70,170,24.221453287197235,Maintain Weight
58,75,170,25.95155709342561,Lose Weight
58,80,170,27.68166089965398,Lose Weight
58,85,170,29.411764705882355,Lose Weight
58,90,170,31.14186851211073,Lose Weight
58,95,170,32.871972318339104,Lose Weight
58,100,170,34.602076124567475,Lose Weight
58,105,170,36.33217993079585,Lose Weight
58,110,170,38.062283737024224,Lose Weight
58,115,170,39.7923875432526,Lose Weight
58,120,170,41.52249134948097,Lose Weight
58,125,170,43.25259515570935,Lose Weight
58,130,170,44.98269896193772,Lose Weight
58,135,170,46.71280276816609,Lose Weight
58,140,170,48.44290657439447,Lose Weight
58,145,170,50.17301038062284,Lose Weight
58,40,175,13.061224489795919,Gain Weight
58,45,175,14.693877551020408,Gain Weight
58,50,175,16.3265306122449,Gain Weight
58,55,175,17.959183673469386,Gain Weight
58,60,175,19.591836734693878,Maintain Weight
58,65,175,21.224489795918366,Maintain Weight
58,70,175,22.857142857142858,Maintain Weight
58,75,175,24.489795918367346,Maintain Weight
58,80,175,26.122448979591837,Lose Weight
58,85,175,27.755102040816325,Lose Weight
58,90,175,29.387755102040817,Lose Weight
58,95,175,31.020408163265305,Lose Weight
58,100,175,32.6530612244898,Lose Weight
58,105,175,34.285714285714285,Lose Weight
58,110,175,35.91836734693877,Lose Weight
58,115,175,37.55102040816327,Lose Weight
58,120,175,39.183673469387756,Lose Weight
58,125,175,40.816326530612244,Lose Weight
58,130,175,42.44897959183673,Lose Weight
58,135,175,44.08163265306123,Lose Weight
58,140,175,45.714285714285715,Lose Weight
58,145,175,47.3469387755102,Lose Weight
58,40,180,12.345679012345679,Gain Weight
58,45,180,13.888888888888888,Gain Weight
58,50,180,15.432098765432098,Gain Weight
58,55,180,16.975308641975307,Gain Weight
58,60,180,18.51851851851852,Maintain Weight
58,65,180,20.061728395061728,Maintain Weight
58,70,180,21.604938271604937,Maintain Weight
58,75,180,23.148148148148145,Maintain Weight
58,80,180,24.691358024691358,Maintain Weight
58,85,180,26.234567901234566,Lose Weight
58,90,180,27.777777777777775,Lose Weight
58,95,180,29.320987654320987,Lose Weight
58,100,180,30.864197530864196,Lose Weight
58,105,180,32.407407407407405,Lose Weight
58,110,180,33.95061728395061,Lose Weight
58,115,180,35.49382716049382,Lose Weight
58,120,180,37.03703703703704,Lose Weight
58,125,180,38.58024691358025,Lose Weight
58,130,180,40.123456790123456,Lose Weight
58,135,180,41.666666666666664,Lose Weight
58,140,180,43.20987654320987,Lose Weight
58,145,180,44.75308641975308,Lose Weight
58,40,185,11.68736303871439,Gain Weight
58,45,185,13.148283418553687,Gain Weight
58,50,185,14.609203798392986,Gain Weight
58,55,185,16.070124178232284,Gain Weight
58,60,185,17.531044558071585,Gain Weight
58,65,185,18.991964937910883,Maintain Weight
58,70,185,20.45288531775018,Maintain Weight
58,75,185,21.913805697589478,Maintain Weight
58,80,185,23.37472607742878,Maintain Weight
58,85,185,24.835646457268076,Maintain Weight
58,90,185,26.296566837107374,Lose Weight
58,95,185,27.757487216946675,Lose Weight
58,100,185,29.218407596785973,Lose Weight
58,105,185,30.67932797662527,Lose Weight
58,110,185,32.14024835646457,Lose Weight
58,115,185,33.60116873630387,Lose Weight
58,120,185,35.06208911614317,Lose Weight
58,125,185,36.523009495982464,Lose Weight
58,130,185,37.983929875821765,Lose Weight
58,135,185,39.444850255661066,Lose Weight
58,140,185,40.90577063550036,Lose Weight
58,145,185,42.36669101533966,Lose Weight
58,40,190,11.0803324099723,Gain Weight
58,45,190,12.465373961218837,Gain Weight
58,50,190,13.850415512465375,Gain Weight
58,55,190,15.235457063711912,Gain Weight
58,60,190,16.62049861495845,Gain Weight
58,65,190,18.005540166204987,Gain Weight
58,70,190,19.390581717451525,Maintain Weight
58,75,190,20.775623268698062,Maintain Weight
58,80,190,22.1606648199446,Maintain Weight
58,85,190,23.545706371191137,Maintain Weight
58,90,190,24.930747922437675,Lose Weight
58,95,190,26.315789473684212,Lose Weight
58,100,190,27.70083102493075,Lose Weight
58,105,190,29.085872576177287,Lose Weight
58,110,190,30.470914127423825,Lose Weight
58,115,190,31.855955678670362,Lose Weight
58,120,190,33.2409972299169,Lose Weight
58,125,190,34.62603878116344,Lose Weight
58,130,190,36.011080332409975,Lose Weight
58,135,190,37.39612188365651,Lose Weight
58,140,190,38.78116343490305,Lose Weight
58,145,190,40.16620498614959,Lose Weight
58,40,195,10.519395134779751,Gain Weight
58,45,195,11.834319526627219,Gain Weight
58,50,195,13.149243918474689,Gain Weight
58,55,195,14.464168310322158,Gain Weight
58,60,195,15.779092702169626,Gain Weight
58,65,195,17.094017094017094,Gain Weight
58,70,195,18.408941485864563,Gain Weight
58,75,195,19.723865877712033,Maintain Weight
58,80,195,21.038790269559502,Maintain Weight
58,85,195,22.353714661406972,Maintain Weight
58,90,195,23.668639053254438,Maintain Weight
58,95,195,24.983563445101908,Lose Weight
58,100,195,26.298487836949377,Lose Weight
58,105,195,27.613412228796847,Lose Weight
58,110,195,28.928336620644316,Lose Weight
58,115,195,30.243261012491782,Lose Weight
58,120,195,31.558185404339252,Lose Weight
58,125,195,32.87310979618672,Lose Weight
58,130,195,34.18803418803419,Lose Weight
58,135,195,35.50295857988166,Lose Weight
58,140,195,36.81788297172913,Lose Weight
58,145,195,38.132807363576596,Lose Weight
59,40,150,17.77777777777778,Gain Weight
59,45,150,20.0,Maintain Weight
59,50,150,22.22222222222222,Maintain Weight
59,55,150,24.444444444444443,Maintain Weight
59,60,150,26.666666666666668,Lose Weight
59,65,150,28.88888888888889,Lose Weight
59,70,150,31.11111111111111,Lose Weight
59,75,150,33.333333333333336,Lose Weight
59,80,150,35.55555555555556,Lose Weight
59,85,150,37.77777777777778,Lose Weight
59,90,150,40.0,Lose Weight
59,95,150,42.22222222222222,Lose Weight
59,100,150,44.44444444444444,Lose Weight
59,105,150,46.666666666666664,Lose Weight
59,110,150,48.888888888888886,Lose Weight
59,115,150,51.111111111111114,Lose Weight
59,120,150,53.333333333333336,Lose Weight
59,125,150,55.55555555555556,Lose Weight
59,130,150,57.77777777777778,Lose Weight
59,135,150,60.0,Lose Weight
59,140,150,62.22222222222222,Lose Weight
59,145,150,64.44444444444444,Lose Weight
59,40,155,16.649323621227886,Gain Weight
59,45,155,18.730489073881373,Maintain Weight
59,50,155,20.811654526534856,Maintain Weight
59,55,155,22.892819979188342,Maintain Weight
59,60,155,24.97398543184183,Lose Weight
59,65,155,27.055150884495315,Lose Weight
59,70,155,29.1363163371488,Lose Weight
59,75,155,31.217481789802285,Lose Weight
59,80,155,33.29864724245577,Lose Weight
59,85,155,35.37981269510926,Lose Weight
59,90,155,37.460978147762745,Lose Weight
59,95,155,39.54214360041623,Lose Weight
59,100,155,41.62330905306971,Lose Weight
59,105,155,43.7044745057232,Lose Weight
59,110,155,45.785639958376684,Lose Weight
59,115,155,47.86680541103017,Lose Weight
59,120,155,49.94797086368366,Lose Weight
59,125,155,52.029136316337144,Lose Weight
59,130,155,54.11030176899063,Lose Weight
59,135,155,56.19146722164411,Lose Weight
59,140,155,58.2726326742976,Lose Weight
59,145,155,60.353798126951084,Lose Weight
59,40,160,15.624999999999996,Gain Weight
59,45,160,17.578124999999996,Gain Weight
59,50,160,19.531249999999996,Maintain Weight
59,55,160,21.484374999999996,Maintain Weight
59,60,160,23.437499999999996,Maintain Weight
59,65,160,25.390624999999996,Lose Weight
59,70,160,27.343749999999996,Lose Weight
59,75,160,29.296874999999993,Lose Weight
59,80,160,31.249999999999993,Lose Weight
59,85,160,33.20312499999999,Lose Weight
59,90,160,35.15624999999999,Lose Weight
59,95,160,37.10937499999999,Lose Weight
59,100,160,39.06249999999999,Lose Weight
59,105,160,41.01562499999999,Lose Weight
59,110,160,42.96874999999999,Lose Weight
59,115,160,44.92187499999999,Lose Weight
59,120,160,46.87499999999999,Lose Weight
59,125,160,48.82812499999999,Lose Weight
59,130,160,50.78124999999999,Lose Weight
59,135,160,52.73437499999999,Lose Weight
59,140,160,54.68749999999999,Lose Weight
59,145,160,56.640624999999986,Lose Weight
59,40,165,14.692378328741967,Gain Weight
59,45,165,16.528925619834713,Gain Weight
59,50,165,18.36547291092746,Gain Weight
59,55,165,20.202020202020204,Maintain Weight
59,60,165,22.03856749311295,Maintain Weight
59,65,165,23.875114784205696,Maintain Weight
59,70,165,25.71166207529844,Lose Weight
59,75,165,27.548209366391188,Lose Weight
59,80,165,29.384756657483933,Lose Weight
59,85,165,31.22130394857668,Lose Weight
59,90,165,33.057851239669425,Lose Weight
59,95,165,34.894398530762174,Lose Weight
59,100,165,36.73094582185492,Lose Weight
59,105,165,38.567493112947666,Lose Weight
59,110,165,40.40404040404041,Lose Weight
59,115,165,42.24058769513316,Lose Weight
59,120,165,44.0771349862259,Lose Weight
59,125,165,45.91368227731865,Lose Weight
59,130,165,47.75022956841139,Lose Weight
59,135,165,49.58677685950414,Lose Weight
59,140,165,51.42332415059688,Lose Weight
59,145,165,53.25987144168963,Lose Weight
59,40,170,13.84083044982699,Gain Weight
59,45,170,15.570934256055365,Gain Weight
59,50,170,17.301038062283737,Gain Weight
59,55,170,19.031141868512112,Maintain Weight
59,60,170,20.761245674740486,Maintain Weight
59,65,170,22.49134948096886,Maintain Weight
59,70,170,24.221453287197235,Maintain Weight
59,75,170,25.95155709342561,Lose Weight
59,80,170,27.68166089965398,Lose Weight
59,85,170,29.411764705882355,Lose Weight
59,90,170,31.14186851211073,Lose Weight
59,95,170,32.871972318339104,Lose Weight
59,100,170,34.602076124567475,Lose Weight
59,105,170,36.33217993079585,Lose Weight
59,110,170,38.062283737024224,Lose Weight
59,115,170,39.7923875432526,Lose Weight
59,120,170,41.52249134948097,Lose Weight
59,125,170,43.25259515570935,Lose Weight
59,130,170,44.98269896193772,Lose Weight
59,135,170,46.71280276816609,Lose Weight
59,140,170,48.44290657439447,Lose Weight
59,145,170,50.17301038062284,Lose Weight
59,40,175,13.061224489795919,Gain Weight
59,45,175,14.693877551020408,Gain Weight
59,50,175,16.3265306122449,Gain Weight
59,55,175,17.959183673469386,Gain Weight
59,60,175,19.591836734693878,Maintain Weight
59,65,175,21.224489795918366,Maintain Weight
59,70,175,22.857142857142858,Maintain Weight
59,75,175,24.489795918367346,Maintain Weight
59,80,175,26.122448979591837,Lose Weight
59,85,175,27.755102040816325,Lose Weight
59,90,175,29.387755102040817,Lose Weight
59,95,175,31.020408163265305,Lose Weight
59,100,175,32.6530612244898,Lose Weight
59,105,175,34.285714285714285,Lose Weight
59,110,175,35.91836734693877,Lose Weight
59,115,175,37.55102040816327,Lose Weight
59,120,175,39.183673469387756,Lose Weight
59,125,175,40.816326530612244,Lose Weight
59,130,175,42.44897959183673,Lose Weight
59,135,175,44.08163265306123,Lose Weight
59,140,175,45.714285714285715,Lose Weight
59,145,175,47.3469387755102,Lose Weight
59,40,180,12.345679012345679,Gain Weight
59,45,180,13.888888888888888,Gain Weight
59,50,180,15.432098765432098,Gain Weight
59,55,180,16.975308641975307,Gain Weight
59,60,180,18.51851851851852,Maintain Weight
59,65,180,20.061728395061728,Maintain Weight
59,70,180,21.604938271604937,Maintain Weight
59,75,180,23.148148148148145,Maintain Weight
59,80,180,24.691358024691358,Maintain Weight
59,85,180,26.234567901234566,Lose Weight
59,90,180,27.777777777777775,Lose Weight
59,95,180,29.320987654320987,Lose Weight
59,100,180,30.864197530864196,Lose Weight
59,105,180,32.407407407407405,Lose Weight
59,110,180,33.95061728395061,Lose Weight
59,115,180,35.49382716049382,Lose Weight
59,120,180,37.03703703703704,Lose Weight
59,125,180,38.58024691358025,Lose Weight
59,130,180,40.123456790123456,Lose Weight
59,135,180,41.666666666666664,Lose Weight
59,140,180,43.20987654320987,Lose Weight
59,145,180,44.75308641975308,Lose Weight
59,40,185,11.68736303871439,Gain Weight
59,45,185,13.148283418553687,Gain Weight
59,50,185,14.609203798392986,Gain Weight
59,55,185,16.070124178232284,Gain Weight
59,60,185,17.531044558071585,Gain Weight
59,65,185,18.991964937910883,Maintain Weight
59,70,185,20.45288531775018,Maintain Weight
59,75,185,21.913805697589478,Maintain Weight
59,80,185,23.37472607742878,Maintain Weight
59,85,185,24.835646457268076,Maintain Weight
59,90,185,26.296566837107374,Lose Weight
59,95,185,27.757487216946675,Lose Weight
59,100,185,29.218407596785973,Lose Weight
59,105,185,30.67932797662527,Lose Weight
59,110,185,32.14024835646457,Lose Weight
59,115,185,33.60116873630387,Lose Weight
59,120,185,35.06208911614317,Lose Weight
59,125,185,36.523009495982464,Lose Weight
59,130,185,37.983929875821765,Lose Weight
59,135,185,39.444850255661066,Lose Weight
59,140,185,40.90577063550036,Lose Weight
59,145,185,42.36669101533966,Lose Weight
59,40,190,11.0803324099723,Gain Weight
59,45,190,12.465373961218837,Gain Weight
59,50,190,13.850415512465375,Gain Weight
59,55,190,15.235457063711912,Gain Weight
59,60,190,16.62049861495845,Gain Weight
59,65,190,18.005540166204987,Gain Weight
59,70,190,19.390581717451525,Maintain Weight
59,75,190,20.775623268698062,Maintain Weight
59,80,190,22.1606648199446,Maintain Weight
59,85,190,23.545706371191137,Maintain Weight
59,90,190,24.930747922437675,Lose Weight
59,95,190,26.315789473684212,Lose Weight
59,100,190,27.70083102493075,Lose Weight
59,105,190,29.085872576177287,Lose Weight
59,110,190,30.470914127423825,Lose Weight
59,115,190,31.855955678670362,Lose Weight
59,120,190,33.2409972299169,Lose Weight
59,125,190,34.62603878116344,Lose Weight
59,130,190,36.011080332409975,Lose Weight
59,135,190,37.39612188365651,Lose Weight
59,140,190,38.78116343490305,Lose Weight
59,145,190,40.16620498614959,Lose Weight
59,40,195,10.519395134779751,Gain Weight
59,45,195,11.834319526627219,Gain Weight
59,50,195,13.149243918474689,Gain Weight
59,55,195,14.464168310322158,Gain Weight
59,60,195,15.779092702169626,Gain Weight
59,65,195,17.094017094017094,Gain Weight
59,70,195,18.408941485864563,Gain Weight
59,75,195,19.723865877712033,Maintain Weight
59,80,195,21.038790269559502,Maintain Weight
59,85,195,22.353714661406972,Maintain Weight
59,90,195,23.668639053254438,Maintain Weight
59,95,195,24.983563445101908,Lose Weight
59,100,195,26.298487836949377,Lose Weight
59,105,195,27.613412228796847,Lose Weight
59,110,195,28.928336620644316,Lose Weight
59,115,195,30.243261012491782,Lose Weight
59,120,195,31.558185404339252,Lose Weight
59,125,195,32.87310979618672,Lose Weight
59,130,195,34.18803418803419,Lose Weight
59,135,195,35.50295857988166,Lose Weight
59,140,195,36.81788297172913,Lose Weight
59,145,195,38.132807363576596,Lose Weight
60,40,150,17.77777777777778,Gain Weight
60,45,150,20.0,Maintain Weight
60,50,150,22.22222222222222,Maintain Weight
60,55,150,24.444444444444443,Maintain Weight
60,60,150,26.666666666666668,Lose Weight
60,65,150,28.88888888888889,Lose Weight
60,70,150,31.11111111111111,Lose Weight
60,75,150,33.333333333333336,Lose Weight
60,80,150,35.55555555555556,Lose Weight
60,85,150,37.77777777777778,Lose Weight
60,90,150,40.0,Lose Weight
60,95,150,42.22222222222222,Lose Weight
60,100,150,44.44444444444444,Lose Weight
60,105,150,46.666666666666664,Lose Weight
60,110,150,48.888888888888886,Lose Weight
60,115,150,51.111111111111114,Lose Weight
60,120,150,53.333333333333336,Lose Weight
60,125,150,55.55555555555556,Lose Weight
60,130,150,57.77777777777778,Lose Weight
60,135,150,60.0,Lose Weight
60,140,150,62.22222222222222,Lose Weight
60,145,150,64.44444444444444,Lose Weight
60,40,155,16.649323621227886,Gain Weight
60,45,155,18.730489073881373,Maintain Weight
60,50,155,20.811654526534856,Maintain Weight
60,55,155,22.892819979188342,Maintain Weight
60,60,155,24.97398543184183,Lose Weight
60,65,155,27.055150884495315,Lose Weight
60,70,155,29.1363163371488,Lose Weight
60,75,155,31.217481789802285,Lose Weight
60,80,155,33.29864724245577,Lose Weight
60,85,155,35.37981269510926,Lose Weight
60,90,155,37.460978147762745,Lose Weight
60,95,155,39.54214360041623,Lose Weight
60,100,155,41.62330905306971,Lose Weight
60,105,155,43.7044745057232,Lose Weight
60,110,155,45.785639958376684,Lose Weight
60,115,155,47.86680541103017,Lose Weight
60,120,155,49.94797086368366,Lose Weight
60,125,155,52.029136316337144,Lose Weight
60,130,155,54.11030176899063,Lose Weight
60,135,155,56.19146722164411,Lose Weight
60,140,155,58.2726326742976,Lose Weight
60,145,155,60.353798126951084,Lose Weight
60,40,160,15.624999999999996,Gain Weight
60,45,160,17.578124999999996,Gain Weight
60,50,160,19.531249999999996,Maintain Weight
60,55,160,21.484374999999996,Maintain Weight
60,60,160,23.437499999999996,Maintain Weight
60,65,160,25.390624999999996,Lose Weight
60,70,160,27.343749999999996,Lose Weight
60,75,160,29.296874999999993,Lose Weight
60,80,160,31.249999999999993,Lose Weight
60,85,160,33.20312499999999,Lose Weight
60,90,160,35.15624999999999,Lose Weight
60,95,160,37.10937499999999,Lose Weight
60,100,160,39.06249999999999,Lose Weight
60,105,160,41.01562499999999,Lose Weight
60,110,160,42.96874999999999,Lose Weight
60,115,160,44.92187499999999,Lose Weight
60,120,160,46.87499999999999,Lose Weight
60,125,160,48.82812499999999,Lose Weight
60,130,160,50.78124999999999,Lose Weight
60,135,160,52.73437499999999,Lose Weight
60,140,160,54.68749999999999,Lose Weight
60,145,160,56.640624999999986,Lose Weight
60,40,165,14.692378328741967,Gain Weight
60,45,165,16.528925619834713,Gain Weight
60,50,165,18.36547291092746,Gain Weight
60,55,165,20.202020202020204,Maintain Weight
60,60,165,22.03856749311295,Maintain Weight
60,65,165,23.875114784205696,Maintain Weight
60,70,165,25.71166207529844,Lose Weight
60,75,165,27.548209366391188,Lose Weight
60,80,165,29.384756657483933,Lose Weight
60,85,165,31.22130394857668,Lose Weight
60,90,165,33.057851239669425,Lose Weight
60,95,165,34.894398530762174,Lose Weight
60,100,165,36.73094582185492,Lose Weight
60,105,165,38.567493112947666,Lose Weight
60,110,165,40.40404040404041,Lose Weight
60,115,165,42.24058769513316,Lose Weight
60,120,165,44.0771349862259,Lose Weight
60,125,165,45.91368227731865,Lose Weight
60,130,165,47.75022956841139,Lose Weight
60,135,165,49.58677685950414,Lose Weight
60,140,165,51.42332415059688,Lose Weight
60,145,165,53.25987144168963,Lose Weight
60,40,170,13.84083044982699,Gain Weight
60,45,170,15.570934256055365,Gain Weight
60,50,170,17.301038062283737,Gain Weight
60,55,170,19.031141868512112,Maintain Weight
60,60,170,20.761245674740486,Maintain Weight
60,65,170,22.49134948096886,Maintain Weight
60,70,170,24.221453287197235,Maintain Weight
60,75,170,25.95155709342561,Lose Weight
60,80,170,27.68166089965398,Lose Weight
60,85,170,29.411764705882355,Lose Weight
60,90,170,31.14186851211073,Lose Weight
60,95,170,32.871972318339104,Lose Weight
60,100,170,34.602076124567475,Lose Weight
60,105,170,36.33217993079585,Lose Weight
60,110,170,38.062283737024224,Lose Weight
60,115,170,39.7923875432526,Lose Weight
60,120,170,41.52249134948097,Lose Weight
60,125,170,43.25259515570935,Lose Weight
60,130,170,44.98269896193772,Lose Weight
60,135,170,46.71280276816609,Lose Weight
60,140,170,48.44290657439447,Lose Weight
60,145,170,50.17301038062284,Lose Weight
60,40,175,13.061224489795919,Gain Weight
60,45,175,14.693877551020408,Gain Weight
60,50,175,16.3265306122449,Gain Weight
60,55,175,17.959183673469386,Gain Weight
60,60,175,19.591836734693878,Maintain Weight
60,65,175,21.224489795918366,Maintain Weight
60,70,175,22.857142857142858,Maintain Weight
60,75,175,24.489795918367346,Maintain Weight
60,80,175,26.122448979591837,Lose Weight
60,85,175,27.755102040816325,Lose Weight
60,90,175,29.387755102040817,Lose Weight
60,95,175,31.020408163265305,Lose Weight
60,100,175,32.6530612244898,Lose Weight
60,105,175,34.285714285714285,Lose Weight
60,110,175,35.91836734693877,Lose Weight
60,115,175,37.55102040816327,Lose Weight
60,120,175,39.183673469387756,Lose Weight
60,125,175,40.816326530612244,Lose Weight
60,130,175,42.44897959183673,Lose Weight
60,135,175,44.08163265306123,Lose Weight
60,140,175,45.714285714285715,Lose Weight
60,145,175,47.3469387755102,Lose Weight
60,40,180,12.345679012345679,Gain Weight
60,45,180,13.888888888888888,Gain Weight
60,50,180,15.432098765432098,Gain Weight
60,55,180,16.975308641975307,Gain Weight
60,60,180,18.51851851851852,Maintain Weight
60,65,180,20.061728395061728,Maintain Weight
60,70,180,21.604938271604937,Maintain Weight
60,75,180,23.148148148148145,Maintain Weight
60,80,180,24.691358024691358,Maintain Weight
60,85,180,26.234567901234566,Lose Weight
60,90,180,27.777777777777775,Lose Weight
60,95,180,29.320987654320987,Lose Weight
60,100,180,30.864197530864196,Lose Weight
60,105,180,32.407407407407405,Lose Weight
60,110,180,33.95061728395061,Lose Weight
60,115,180,35.49382716049382,Lose Weight
60,120,180,37.03703703703704,Lose Weight
60,125,180,38.58024691358025,Lose Weight
60,130,180,40.123456790123456,Lose Weight
60,135,180,41.666666666666664,Lose Weight
60,140,180,43.20987654320987,Lose Weight
60,145,180,44.75308641975308,Lose Weight
60,40,185,11.68736303871439,Gain Weight
60,45,185,13.148283418553687,Gain Weight
60,50,185,14.609203798392986,Gain Weight
60,55,185,16.070124178232284,Gain Weight
60,60,185,17.531044558071585,Gain Weight
60,65,185,18.991964937910883,Maintain Weight
60,70,185,20.45288531775018,Maintain Weight
60,75,185,21.913805697589478,Maintain Weight
60,80,185,23.37472607742878,Maintain Weight
60,85,185,24.835646457268076,Maintain Weight
60,90,185,26.296566837107374,Lose Weight
60,95,185,27.757487216946675,Lose Weight
60,100,185,29.218407596785973,Lose Weight
60,105,185,30.67932797662527,Lose Weight
60,110,185,32.14024835646457,Lose Weight
60,115,185,33.60116873630387,Lose Weight
60,120,185,35.06208911614317,Lose Weight
60,125,185,36.523009495982464,Lose Weight
60,130,185,37.983929875821765,Lose Weight
60,135,185,39.444850255661066,Lose Weight
60,140,185,40.90577063550036,Lose Weight
60,145,185,42.36669101533966,Lose Weight
60,40,190,11.0803324099723,Gain Weight
60,45,190,12.465373961218837,Gain Weight
60,50,190,13.850415512465375,Gain Weight
60,55,190,15.235457063711912,Gain Weight
60,60,190,16.62049861495845,Gain Weight
60,65,190,18.005540166204987,Gain Weight
60,70,190,19.390581717451525,Maintain Weight
60,75,190,20.775623268698062,Maintain Weight
60,80,190,22.1606648199446,Maintain Weight
60,85,190,23.545706371191137,Maintain Weight
60,90,190,24.930747922437675,Lose Weight
60,95,190,26.315789473684212,Lose Weight
60,100,190,27.70083102493075,Lose Weight
60,105,190,29.085872576177287,Lose Weight
60,110,190,30.470914127423825,Lose Weight
60,115,190,31.855955678670362,Lose Weight
60,120,190,33.2409972299169,Lose Weight
60,125,190,34.62603878116344,Lose Weight
60,130,190,36.011080332409975,Lose Weight
60,135,190,37.39612188365651,Lose Weight
60,140,190,38.78116343490305,Lose Weight
60,145,190,40.16620498614959,Lose Weight
60,40,195,10.519395134779751,Gain Weight
60,45,195,11.834319526627219,Gain Weight
60,50,195,13.149243918474689,Gain Weight
60,55,195,14.464168310322158,Gain Weight
60,60,195,15.779092702169626,Gain Weight
60,65,195,17.094017094017094,Gain Weight
60,70,195,18.408941485864563,Gain Weight
60,75,195,19.723865877712033,Maintain Weight
60,80,195,21.038790269559502,Maintain Weight
60,85,195,22.353714661406972,Maintain Weight
60,90,195,23.668639053254438,Maintain Weight
60,95,195,24.983563445101908,Lose Weight
60,100,195,26.298487836949377,Lose Weight
60,105,195,27.613412228796847,Lose Weight
60,110,195,28.928336620644316,Lose Weight
60,115,195,30.243261012491782,Lose Weight
60,120,195,31.558185404339252,Lose Weight
60,125,195,32.87310979618672,Lose Weight
60,130,195,34.18803418803419,Lose Weight
60,135,195,35.50295857988166,Lose Weight
60,140,195,36.81788297172913,Lose Weight
60,145,195,38.132807363576596,Lose Weight
61,40,150,17.77777777777778,Gain Weight
61,45,150,20.0,Maintain Weight
61,50,150,22.22222222222222,Maintain Weight
61,55,150,24.444444444444443,Maintain Weight
61,60,150,26.666666666666668,Lose Weight
61,65,150,28.88888888888889,Lose Weight
61,70,150,31.11111111111111,Lose Weight
61,75,150,33.333333333333336,Lose Weight
61,80,150,35.55555555555556,Lose Weight
61,85,150,37.77777777777778,Lose Weight
61,90,150,40.0,Lose Weight
61,95,150,42.22222222222222,Lose Weight
61,100,150,44.44444444444444,Lose Weight
61,105,150,46.666666666666664,Lose Weight
61,110,150,48.888888888888886,Lose Weight
61,115,150,51.111111111111114,Lose Weight
61,120,150,53.333333333333336,Lose Weight
61,125,150,55.55555555555556,Lose Weight
61,130,150,57.77777777777778,Lose Weight
61,135,150,60.0,Lose Weight
61,140,150,62.22222222222222,Lose Weight
61,145,150,64.44444444444444,Lose Weight
61,40,155,16.649323621227886,Gain Weight
61,45,155,18.730489073881373,Maintain Weight
61,50,155,20.811654526534856,Maintain Weight
61,55,155,22.892819979188342,Maintain Weight
61,60,155,24.97398543184183,Lose Weight
61,65,155,27.055150884495315,Lose Weight
61,70,155,29.1363163371488,Lose Weight
61,75,155,31.217481789802285,Lose Weight
61,80,155,33.29864724245577,Lose Weight
61,85,155,35.37981269510926,Lose Weight
61,90,155,37.460978147762745,Lose Weight
61,95,155,39.54214360041623,Lose Weight
61,100,155,41.62330905306971,Lose Weight
61,105,155,43.7044745057232,Lose Weight
61,110,155,45.785639958376684,Lose Weight
61,115,155,47.86680541103017,Lose Weight
61,120,155,49.94797086368366,Lose Weight
61,125,155,52.029136316337144,Lose Weight
61,130,155,54.11030176899063,Lose Weight
61,135,155,56.19146722164411,Lose Weight
61,140,155,58.2726326742976,Lose Weight
61,145,155,60.353798126951084,Lose Weight
61,40,160,15.624999999999996,Gain Weight
61,45,160,17.578124999999996,Gain Weight
61,50,160,19.531249999999996,Maintain Weight
61,55,160,21.484374999999996,Maintain Weight
61,60,160,23.437499999999996,Maintain Weight
61,65,160,25.390624999999996,Lose Weight
61,70,160,27.343749999999996,Lose Weight
61,75,160,29.296874999999993,Lose Weight
61,80,160,31.249999999999993,Lose Weight
61,85,160,33.20312499999999,Lose Weight
61,90,160,35.15624999999999,Lose Weight
61,95,160,37.10937499999999,Lose Weight
61,100,160,39.06249999999999,Lose Weight
61,105,160,41.01562499999999,Lose Weight
61,110,160,42.96874999999999,Lose Weight
61,115,160,44.92187499999999,Lose Weight
61,120,160,46.87499999999999,Lose Weight
61,125,160,48.82812499999999,Lose Weight
61,130,160,50.78124999999999,Lose Weight
61,135,160,52.73437499999999,Lose Weight
61,140,160,54.68749999999999,Lose Weight
61,145,160,56.640624999999986,Lose Weight
61,40,165,14.692378328741967,Gain Weight
61,45,165,16.528925619834713,Gain Weight
61,50,165,18.36547291092746,Gain Weight
61,55,165,20.202020202020204,Maintain Weight
61,60,165,22.03856749311295,Maintain Weight
61,65,165,23.875114784205696,Maintain Weight
61,70,165,25.71166207529844,Lose Weight
61,75,165,27.548209366391188,Lose Weight
61,80,165,29.384756657483933,Lose Weight
61,85,165,31.22130394857668,Lose Weight
61,90,165,33.057851239669425,Lose Weight
61,95,165,34.894398530762174,Lose Weight
61,100,165,36.73094582185492,Lose Weight
61,105,165,38.567493112947666,Lose Weight
61,110,165,40.40404040404041,Lose Weight
61,115,165,42.24058769513316,Lose Weight
61,120,165,44.0771349862259,Lose Weight
61,125,165,45.91368227731865,Lose Weight
61,130,165,47.75022956841139,Lose Weight
61,135,165,49.58677685950414,Lose Weight
61,140,165,51.42332415059688,Lose Weight
61,145,165,53.25987144168963,Lose Weight
61,40,170,13.84083044982699,Gain Weight
61,45,170,15.570934256055365,Gain Weight
61,50,170,17.301038062283737,Gain Weight
61,55,170,19.031141868512112,Maintain Weight
61,60,170,20.761245674740486,Maintain Weight
61,65,170,22.49134948096886,Maintain Weight
61,70,170,24.221453287197235,Maintain Weight
61,75,170,25.95155709342561,Lose Weight
61,80,170,27.68166089965398,Lose Weight
61,85,170,29.411764705882355,Lose Weight
61,90,170,31.14186851211073,Lose Weight
61,95,170,32.871972318339104,Lose Weight
61,100,170,34.602076124567475,Lose Weight
61,105,170,36.33217993079585,Lose Weight
61,110,170,38.062283737024224,Lose Weight
61,115,170,39.7923875432526,Lose Weight
61,120,170,41.52249134948097,Lose Weight
61,125,170,43.25259515570935,Lose Weight
61,130,170,44.98269896193772,Lose Weight
61,135,170,46.71280276816609,Lose Weight
61,140,170,48.44290657439447,Lose Weight
61,145,170,50.17301038062284,Lose Weight
61,40,175,13.061224489795919,Gain Weight
61,45,175,14.693877551020408,Gain Weight
61,50,175,16.3265306122449,Gain Weight
61,55,175,17.959183673469386,Gain Weight
61,60,175,19.591836734693878,Maintain Weight
61,65,175,21.224489795918366,Maintain Weight
61,70,175,22.857142857142858,Maintain Weight
61,75,175,24.489795918367346,Maintain Weight
61,80,175,26.122448979591837,Lose Weight
61,85,175,27.755102040816325,Lose Weight
61,90,175,29.387755102040817,Lose Weight
61,95,175,31.020408163265305,Lose Weight
61,100,175,32.6530612244898,Lose Weight
61,105,175,34.285714285714285,Lose Weight
61,110,175,35.91836734693877,Lose Weight
61,115,175,37.55102040816327,Lose Weight
61,120,175,39.183673469387756,Lose Weight
61,125,175,40.816326530612244,Lose Weight
61,130,175,42.44897959183673,Lose Weight
61,135,175,44.08163265306123,Lose Weight
61,140,175,45.714285714285715,Lose Weight
61,145,175,47.3469387755102,Lose Weight
61,40,180,12.345679012345679,Gain Weight
61,45,180,13.888888888888888,Gain Weight
61,50,180,15.432098765432098,Gain Weight
61,55,180,16.975308641975307,Gain Weight
61,60,180,18.51851851851852,Maintain Weight
61,65,180,20.061728395061728,Maintain Weight
61,70,180,21.604938271604937,Maintain Weight
61,75,180,23.148148148148145,Maintain Weight
61,80,180,24.691358024691358,Maintain Weight
61,85,180,26.234567901234566,Lose Weight
61,90,180,27.777777777777775,Lose Weight
61,95,180,29.320987654320987,Lose Weight
61,100,180,30.864197530864196,Lose Weight
61,105,180,32.407407407407405,Lose Weight
61,110,180,33.95061728395061,Lose Weight
61,115,180,35.49382716049382,Lose Weight
61,120,180,37.03703703703704,Lose Weight
61,125,180,38.58024691358025,Lose Weight
61,130,180,40.123456790123456,Lose Weight
61,135,180,41.666666666666664,Lose Weight
61,140,180,43.20987654320987,Lose Weight
61,145,180,44.75308641975308,Lose Weight
61,40,185,11.68736303871439,Gain Weight
61,45,185,13.148283418553687,Gain Weight
61,50,185,14.609203798392986,Gain Weight
61,55,185,16.070124178232284,Gain Weight
61,60,185,17.531044558071585,Gain Weight
61,65,185,18.991964937910883,Maintain Weight
61,70,185,20.45288531775018,Maintain Weight
61,75,185,21.913805697589478,Maintain Weight
61,80,185,23.37472607742878,Maintain Weight
61,85,185,24.835646457268076,Maintain Weight
61,90,185,26.296566837107374,Lose Weight
61,95,185,27.757487216946675,Lose Weight
61,100,185,29.218407596785973,Lose Weight
61,105,185,30.67932797662527,Lose Weight
61,110,185,32.14024835646457,Lose Weight
61,115,185,33.60116873630387,Lose Weight
61,120,185,35.06208911614317,Lose Weight
61,125,185,36.523009495982464,Lose Weight
61,130,185,37.983929875821765,Lose Weight
61,135,185,39.444850255661066,Lose Weight
61,140,185,40.90577063550036,Lose Weight
61,145,185,42.36669101533966,Lose Weight
61,40,190,11.0803324099723,Gain Weight
61,45,190,12.465373961218837,Gain Weight
61,50,190,13.850415512465375,Gain Weight
61,55,190,15.235457063711912,Gain Weight
61,60,190,16.62049861495845,Gain Weight
61,65,190,18.005540166204987,Gain Weight
61,70,190,19.390581717451525,Maintain Weight
61,75,190,20.775623268698062,Maintain Weight
61,80,190,22.1606648199446,Maintain Weight
61,85,190,23.545706371191137,Maintain Weight
61,90,190,24.930747922437675,Lose Weight
61,95,190,26.315789473684212,Lose Weight
61,100,190,27.70083102493075,Lose Weight
61,105,190,29.085872576177287,Lose Weight
61,110,190,30.470914127423825,Lose Weight
61,115,190,31.855955678670362,Lose Weight
61,120,190,33.2409972299169,Lose Weight
61,125,190,34.62603878116344,Lose Weight
61,130,190,36.011080332409975,Lose Weight
61,135,190,37.39612188365651,Lose Weight
61,140,190,38.78116343490305,Lose Weight
61,145,190,40.16620498614959,Lose Weight
61,40,195,10.519395134779751,Gain Weight
61,45,195,11.834319526627219,Gain Weight
61,50,195,13.149243918474689,Gain Weight
61,55,195,14.464168310322158,Gain Weight
61,60,195,15.779092702169626,Gain Weight
61,65,195,17.094017094017094,Gain Weight
61,70,195,18.408941485864563,Gain Weight
61,75,195,19.723865877712033,Maintain Weight
61,80,195,21.038790269559502,Maintain Weight
61,85,195,22.353714661406972,Maintain Weight
61,90,195,23.668639053254438,Maintain Weight
61,95,195,24.983563445101908,Lose Weight
61,100,195,26.298487836949377,Lose Weight
61,105,195,27.613412228796847,Lose Weight
61,110,195,28.928336620644316,Lose Weight
61,115,195,30.243261012491782,Lose Weight
61,120,195,31.558185404339252,Lose Weight
61,125,195,32.87310979618672,Lose Weight
61,130,195,34.18803418803419,Lose Weight
61,135,195,35.50295857988166,Lose Weight
61,140,195,36.81788297172913,Lose Weight
61,145,195,38.132807363576596,Lose Weight
62,40,150,17.77777777777778,Gain Weight
62,45,150,20.0,Maintain Weight
62,50,150,22.22222222222222,Maintain Weight
62,55,150,24.444444444444443,Maintain Weight
62,60,150,26.666666666666668,Lose Weight
62,65,150,28.88888888888889,Lose Weight
62,70,150,31.11111111111111,Lose Weight
62,75,150,33.333333333333336,Lose Weight
62,80,150,35.55555555555556,Lose Weight
62,85,150,37.77777777777778,Lose Weight
62,90,150,40.0,Lose Weight
62,95,150,42.22222222222222,Lose Weight
62,100,150,44.44444444444444,Lose Weight
62,105,150,46.666666666666664,Lose Weight
62,110,150,48.888888888888886,Lose Weight
62,115,150,51.111111111111114,Lose Weight
62,120,150,53.333333333333336,Lose Weight
62,125,150,55.55555555555556,Lose Weight
62,130,150,57.77777777777778,Lose Weight
62,135,150,60.0,Lose Weight
62,140,150,62.22222222222222,Lose Weight
62,145,150,64.44444444444444,Lose Weight
62,40,155,16.649323621227886,Gain Weight
62,45,155,18.730489073881373,Maintain Weight
62,50,155,20.811654526534856,Maintain Weight
62,55,155,22.892819979188342,Maintain Weight
62,60,155,24.97398543184183,Lose Weight
62,65,155,27.055150884495315,Lose Weight
62,70,155,29.1363163371488,Lose Weight
62,75,155,31.217481789802285,Lose Weight
62,80,155,33.29864724245577,Lose Weight
62,85,155,35.37981269510926,Lose Weight
62,90,155,37.460978147762745,Lose Weight
62,95,155,39.54214360041623,Lose Weight
62,100,155,41.62330905306971,Lose Weight
62,105,155,43.7044745057232,Lose Weight
62,110,155,45.785639958376684,Lose Weight
62,115,155,47.86680541103017,Lose Weight
62,120,155,49.94797086368366,Lose Weight
62,125,155,52.029136316337144,Lose Weight
62,130,155,54.11030176899063,Lose Weight
62,135,155,56.19146722164411,Lose Weight
62,140,155,58.2726326742976,Lose Weight
62,145,155,60.353798126951084,Lose Weight
62,40,160,15.624999999999996,Gain Weight
62,45,160,17.578124999999996,Gain Weight
62,50,160,19.531249999999996,Maintain Weight
62,55,160,21.484374999999996,Maintain Weight
62,60,160,23.437499999999996,Maintain Weight
62,65,160,25.390624999999996,Lose Weight
62,70,160,27.343749999999996,Lose Weight
62,75,160,29.296874999999993,Lose Weight
62,80,160,31.249999999999993,Lose Weight
62,85,160,33.20312499999999,Lose Weight
62,90,160,35.15624999999999,Lose Weight
62,95,160,37.10937499999999,Lose Weight
62,100,160,39.06249999999999,Lose Weight
62,105,160,41.01562499999999,Lose Weight
62,110,160,42.96874999999999,Lose Weight
62,115,160,44.92187499999999,Lose Weight
62,120,160,46.87499999999999,Lose Weight
62,125,160,48.82812499999999,Lose Weight
62,130,160,50.78124999999999,Lose Weight
62,135,160,52.73437499999999,Lose Weight
62,140,160,54.68749999999999,Lose Weight
62,145,160,56.640624999999986,Lose Weight
62,40,165,14.692378328741967,Gain Weight
62,45,165,16.528925619834713,Gain Weight
62,50,165,18.36547291092746,Gain Weight
62,55,165,20.202020202020204,Maintain Weight
62,60,165,22.03856749311295,Maintain Weight
62,65,165,23.875114784205696,Maintain Weight
62,70,165,25.71166207529844,Lose Weight
62,75,165,27.548209366391188,Lose Weight
62,80,165,29.384756657483933,Lose Weight
62,85,165,31.22130394857668,Lose Weight
62,90,165,33.057851239669425,Lose Weight
62,95,165,34.894398530762174,Lose Weight
62,100,165,36.73094582185492,Lose Weight
62,105,165,38.567493112947666,Lose Weight
62,110,165,40.40404040404041,Lose Weight
62,115,165,42.24058769513316,Lose Weight
62,120,165,44.0771349862259,Lose Weight
62,125,165,45.91368227731865,Lose Weight
62,130,165,47.75022956841139,Lose Weight
62,135,165,49.58677685950414,Lose Weight
62,140,165,51.42332415059688,Lose Weight
62,145,165,53.25987144168963,Lose Weight
62,40,170,13.84083044982699,Gain Weight
62,45,170,15.570934256055365,Gain Weight
62,50,170,17.301038062283737,Gain Weight
62,55,170,19.031141868512112,Maintain Weight
62,60,170,20.761245674740486,Maintain Weight
62,65,170,22.49134948096886,Maintain Weight
62,70,170,24.221453287197235,Maintain Weight
62,75,170,25.95155709342561,Lose Weight
62,80,170,27.68166089965398,Lose Weight
62,85,170,29.411764705882355,Lose Weight
62,90,170,31.14186851211073,Lose Weight
62,95,170,32.871972318339104,Lose Weight
62,100,170,34.602076124567475,Lose Weight
62,105,170,36.33217993079585,Lose Weight
62,110,170,38.062283737024224,Lose Weight
62,115,170,39.7923875432526,Lose Weight
62,120,170,41.52249134948097,Lose Weight
62,125,170,43.25259515570935,Lose Weight
62,130,170,44.98269896193772,Lose Weight
62,135,170,46.71280276816609,Lose Weight
62,140,170,48.44290657439447,Lose Weight
62,145,170,50.17301038062284,Lose Weight
62,40,175,13.061224489795919,Gain Weight
62,45,175,14.693877551020408,Gain Weight
62,50,175,16.3265306122449,Gain Weight
62,55,175,17.959183673469386,Gain Weight
62,60,175,19.591836734693878,Maintain Weight
62,65,175,21.224489795918366,Maintain Weight
62,70,175,22.857142857142858,Maintain Weight
62,75,175,24.489795918367346,Maintain Weight
62,80,175,26.122448979591837,Lose Weight
62,85,175,27.755102040816325,Lose Weight
62,90,175,29.387755102040817,Lose Weight
62,95,175,31.020408163265305,Lose Weight
62,100,175,32.6530612244898,Lose Weight
62,105,175,34.285714285714285,Lose Weight
62,110,175,35.91836734693877,Lose Weight
62,115,175,37.55102040816327,Lose Weight
62,120,175,39.183673469387756,Lose Weight
62,125,175,40.816326530612244,Lose Weight
62,130,175,42.44897959183673,Lose Weight
62,135,175,44.08163265306123,Lose Weight
62,140,175,45.714285714285715,Lose Weight
62,145,175,47.3469387755102,Lose Weight
62,40,180,12.345679012345679,Gain Weight
62,45,180,13.888888888888888,Gain Weight
62,50,180,15.432098765432098,Gain Weight
62,55,180,16.975308641975307,Gain Weight
62,60,180,18.51851851851852,Maintain Weight
62,65,180,20.061728395061728,Maintain Weight
62,70,180,21.604938271604937,Maintain Weight
62,75,180,23.148148148148145,Maintain Weight
62,80,180,24.691358024691358,Maintain Weight
62,85,180,26.234567901234566,Lose Weight
62,90,180,27.777777777777775,Lose Weight
62,95,180,29.320987654320987,Lose Weight
62,100,180,30.864197530864196,Lose Weight
62,105,180,32.407407407407405,Lose Weight
62,110,180,33.95061728395061,Lose Weight
62,115,180,35.49382716049382,Lose Weight
62,120,180,37.03703703703704,Lose Weight
62,125,180,38.58024691358025,Lose Weight
62,130,180,40.123456790123456,Lose Weight
62,135,180,41.666666666666664,Lose Weight
62,140,180,43.20987654320987,Lose Weight
62,145,180,44.75308641975308,Lose Weight
62,40,185,11.68736303871439,Gain Weight
62,45,185,13.148283418553687,Gain Weight
62,50,185,14.609203798392986,Gain Weight
62,55,185,16.070124178232284,Gain Weight
62,60,185,17.531044558071585,Gain Weight
62,65,185,18.991964937910883,Maintain Weight
62,70,185,20.45288531775018,Maintain Weight
62,75,185,21.913805697589478,Maintain Weight
62,80,185,23.37472607742878,Maintain Weight
62,85,185,24.835646457268076,Maintain Weight
62,90,185,26.296566837107374,Lose Weight
62,95,185,27.757487216946675,Lose Weight
62,100,185,29.218407596785973,Lose Weight
62,105,185,30.67932797662527,Lose Weight
62,110,185,32.14024835646457,Lose Weight
62,115,185,33.60116873630387,Lose Weight
62,120,185,35.06208911614317,Lose Weight
62,125,185,36.523009495982464,Lose Weight
62,130,185,37.983929875821765,Lose Weight
62,135,185,39.444850255661066,Lose Weight
62,140,185,40.90577063550036,Lose Weight
62,145,185,42.36669101533966,Lose Weight
62,40,190,11.0803324099723,Gain Weight
62,45,190,12.465373961218837,Gain Weight
62,50,190,13.850415512465375,Gain Weight
62,55,190,15.235457063711912,Gain Weight
62,60,190,16.62049861495845,Gain Weight
62,65,190,18.005540166204987,Gain Weight
62,70,190,19.390581717451525,Maintain Weight
62,75,190,20.775623268698062,Maintain Weight
62,80,190,22.1606648199446,Maintain Weight
62,85,190,23.545706371191137,Maintain Weight
62,90,190,24.930747922437675,Lose Weight
62,95,190,26.315789473684212,Lose Weight
62,100,190,27.70083102493075,Lose Weight
62,105,190,29.085872576177287,Lose Weight
62,110,190,30.470914127423825,Lose Weight
62,115,190,31.855955678670362,Lose Weight
62,120,190,33.2409972299169,Lose Weight
62,125,190,34.62603878116344,Lose Weight
62,130,190,36.011080332409975,Lose Weight
62,135,190,37.39612188365651,Lose Weight
62,140,190,38.78116343490305,Lose Weight
62,145,190,40.16620498614959,Lose Weight
62,40,195,10.519395134779751,Gain Weight
62,45,195,11.834319526627219,Gain Weight
62,50,195,13.149243918474689,Gain Weight
62,55,195,14.464168310322158,Gain Weight
62,60,195,15.779092702169626,Gain Weight
62,65,195,17.094017094017094,Gain Weight
62,70,195,18.408941485864563,Gain Weight
62,75,195,19.723865877712033,Maintain Weight
62,80,195,21.038790269559502,Maintain Weight
62,85,195,22.353714661406972,Maintain Weight
62,90,195,23.668639053254438,Maintain Weight
62,95,195,24.983563445101908,Lose Weight
62,100,195,26.298487836949377,Lose Weight
62,105,195,27.613412228796847,Lose Weight
62,110,195,28.928336620644316,Lose Weight
62,115,195,30.243261012491782,Lose Weight
62,120,195,31.558185404339252,Lose Weight
62,125,195,32.87310979618672,Lose Weight
62,130,195,34.18803418803419,Lose Weight
62,135,195,35.50295857988166,Lose Weight
62,140,195,36.81788297172913,Lose Weight
62,145,195,38.132807363576596,Lose Weight
63,40,150,17.77777777777778,Gain Weight
63,45,150,20.0,Maintain Weight
63,50,150,22.22222222222222,Maintain Weight
63,55,150,24.444444444444443,Maintain Weight
63,60,150,26.666666666666668,Lose Weight
63,65,150,28.88888888888889,Lose Weight
63,70,150,31.11111111111111,Lose Weight
63,75,150,33.333333333333336,Lose Weight
63,80,150,35.55555555555556,Lose Weight
63,85,150,37.77777777777778,Lose Weight
63,90,150,40.0,Lose Weight
63,95,150,42.22222222222222,Lose Weight
63,100,150,44.44444444444444,Lose Weight
63,105,150,46.666666666666664,Lose Weight
63,110,150,48.888888888888886,Lose Weight
63,115,150,51.111111111111114,Lose Weight
63,120,150,53.333333333333336,Lose Weight
63,125,150,55.55555555555556,Lose Weight
63,130,150,57.77777777777778,Lose Weight
63,135,150,60.0,Lose Weight
63,140,150,62.22222222222222,Lose Weight
63,145,150,64.44444444444444,Lose Weight
63,40,155,16.649323621227886,Gain Weight
63,45,155,18.730489073881373,Maintain Weight
63,50,155,20.811654526534856,Maintain Weight
63,55,155,22.892819979188342,Maintain Weight
63,60,155,24.97398543184183,Lose Weight
63,65,155,27.055150884495315,Lose Weight
63,70,155,29.1363163371488,Lose Weight
63,75,155,31.217481789802285,Lose Weight
63,80,155,33.29864724245577,Lose Weight
63,85,155,35.37981269510926,Lose Weight
63,90,155,37.460978147762745,Lose Weight
63,95,155,39.54214360041623,Lose Weight
63,100,155,41.62330905306971,Lose Weight
63,105,155,43.7044745057232,Lose Weight
63,110,155,45.785639958376684,Lose Weight
63,115,155,47.86680541103017,Lose Weight
63,120,155,49.94797086368366,Lose Weight
63,125,155,52.029136316337144,Lose Weight
63,130,155,54.11030176899063,Lose Weight
63,135,155,56.19146722164411,Lose Weight
63,140,155,58.2726326742976,Lose Weight
63,145,155,60.353798126951084,Lose Weight
63,40,160,15.624999999999996,Gain Weight
63,45,160,17.578124999999996,Gain Weight
63,50,160,19.531249999999996,Maintain Weight
63,55,160,21.484374999999996,Maintain Weight
63,60,160,23.437499999999996,Maintain Weight
63,65,160,25.390624999999996,Lose Weight
63,70,160,27.343749999999996,Lose Weight
63,75,160,29.296874999999993,Lose Weight
63,80,160,31.249999999999993,Lose Weight
63,85,160,33.20312499999999,Lose Weight
63,90,160,35.15624999999999,Lose Weight
63,95,160,37.10937499999999,Lose Weight
63,100,160,39.06249999999999,Lose Weight
63,105,160,41.01562499999999,Lose Weight
63,110,160,42.96874999999999,Lose Weight
63,115,160,44.92187499999999,Lose Weight
63,120,160,46.87499999999999,Lose Weight
63,125,160,48.82812499999999,Lose Weight
63,130,160,50.78124999999999,Lose Weight
63,135,160,52.73437499999999,Lose Weight
63,140,160,54.68749999999999,Lose Weight
63,145,160,56.640624999999986,Lose Weight
63,40,165,14.692378328741967,Gain Weight
63,45,165,16.528925619834713,Gain Weight
63,50,165,18.36547291092746,Gain Weight
63,55,165,20.202020202020204,Maintain Weight
63,60,165,22.03856749311295,Maintain Weight
63,65,165,23.875114784205696,Maintain Weight
63,70,165,25.71166207529844,Lose Weight
63,75,165,27.548209366391188,Lose Weight
63,80,165,29.384756657483933,Lose Weight
63,85,165,31.22130394857668,Lose Weight
63,90,165,33.057851239669425,Lose Weight
63,95,165,34.894398530762174,Lose Weight
63,100,165,36.73094582185492,Lose Weight
63,105,165,38.567493112947666,Lose Weight
63,110,165,40.40404040404041,Lose Weight
63,115,165,42.24058769513316,Lose Weight
63,120,165,44.0771349862259,Lose Weight
63,125,165,45.91368227731865,Lose Weight
63,130,165,47.75022956841139,Lose Weight
63,135,165,49.58677685950414,Lose Weight
63,140,165,51.42332415059688,Lose Weight
63,145,165,53.25987144168963,Lose Weight
63,40,170,13.84083044982699,Gain Weight
63,45,170,15.570934256055365,Gain Weight
63,50,170,17.301038062283737,Gain Weight
63,55,170,19.031141868512112,Maintain Weight
63,60,170,20.761245674740486,Maintain Weight
63,65,170,22.49134948096886,Maintain Weight
63,70,170,24.221453287197235,Maintain Weight
63,75,170,25.95155709342561,Lose Weight
63,80,170,27.68166089965398,Lose Weight
63,85,170,29.411764705882355,Lose Weight
63,90,170,31.14186851211073,Lose Weight
63,95,170,32.871972318339104,Lose Weight
63,100,170,34.602076124567475,Lose Weight
63,105,170,36.33217993079585,Lose Weight
63,110,170,38.062283737024224,Lose Weight
63,115,170,39.7923875432526,Lose Weight
63,120,170,41.52249134948097,Lose Weight
63,125,170,43.25259515570935,Lose Weight
63,130,170,44.98269896193772,Lose Weight
63,135,170,46.71280276816609,Lose Weight
63,140,170,48.44290657439447,Lose Weight
63,145,170,50.17301038062284,Lose Weight
63,40,175,13.061224489795919,Gain Weight
63,45,175,14.693877551020408,Gain Weight
63,50,175,16.3265306122449,Gain Weight
63,55,175,17.959183673469386,Gain Weight
63,60,175,19.591836734693878,Maintain Weight
63,65,175,21.224489795918366,Maintain Weight
63,70,175,22.857142857142858,Maintain Weight
63,75,175,24.489795918367346,Maintain Weight
63,80,175,26.122448979591837,Lose Weight
63,85,175,27.755102040816325,Lose Weight
63,90,175,29.387755102040817,Lose Weight
63,95,175,31.020408163265305,Lose Weight
63,100,175,32.6530612244898,Lose Weight
63,105,175,34.285714285714285,Lose Weight
63,110,175,35.91836734693877,Lose Weight
63,115,175,37.55102040816327,Lose Weight
63,120,175,39.183673469387756,Lose Weight
63,125,175,40.816326530612244,Lose Weight
63,130,175,42.44897959183673,Lose Weight
63,135,175,44.08163265306123,Lose Weight
63,140,175,45.714285714285715,Lose Weight
63,145,175,47.3469387755102,Lose Weight
63,40,180,12.345679012345679,Gain Weight
63,45,180,13.888888888888888,Gain Weight
63,50,180,15.432098765432098,Gain Weight
63,55,180,16.975308641975307,Gain Weight
63,60,180,18.51851851851852,Maintain Weight
63,65,180,20.061728395061728,Maintain Weight
63,70,180,21.604938271604937,Maintain Weight
63,75,180,23.148148148148145,Maintain Weight
63,80,180,24.691358024691358,Maintain Weight
63,85,180,26.234567901234566,Lose Weight
63,90,180,27.777777777777775,Lose Weight
63,95,180,29.320987654320987,Lose Weight
63,100,180,30.864197530864196,Lose Weight
63,105,180,32.407407407407405,Lose Weight
63,110,180,33.95061728395061,Lose Weight
63,115,180,35.49382716049382,Lose Weight
63,120,180,37.03703703703704,Lose Weight
63,125,180,38.58024691358025,Lose Weight
63,130,180,40.123456790123456,Lose Weight
63,135,180,41.666666666666664,Lose Weight
63,140,180,43.20987654320987,Lose Weight
63,145,180,44.75308641975308,Lose Weight
63,40,185,11.68736303871439,Gain Weight
63,45,185,13.148283418553687,Gain Weight
63,50,185,14.609203798392986,Gain Weight
63,55,185,16.070124178232284,Gain Weight
63,60,185,17.531044558071585,Gain Weight
63,65,185,18.991964937910883,Maintain Weight
63,70,185,20.45288531775018,Maintain Weight
63,75,185,21.913805697589478,Maintain Weight
63,80,185,23.37472607742878,Maintain Weight
63,85,185,24.835646457268076,Maintain Weight
63,90,185,26.296566837107374,Lose Weight
63,95,185,27.757487216946675,Lose Weight
63,100,185,29.218407596785973,Lose Weight
63,105,185,30.67932797662527,Lose Weight
63,110,185,32.14024835646457,Lose Weight
63,115,185,33.60116873630387,Lose Weight
63,120,185,35.06208911614317,Lose Weight
63,125,185,36.523009495982464,Lose Weight
63,130,185,37.983929875821765,Lose Weight
63,135,185,39.444850255661066,Lose Weight
63,140,185,40.90577063550036,Lose Weight
63,145,185,42.36669101533966,Lose Weight
63,40,190,11.0803324099723,Gain Weight
63,45,190,12.465373961218837,Gain Weight
63,50,190,13.850415512465375,Gain Weight
63,55,190,15.235457063711912,Gain Weight
63,60,190,16.62049861495845,Gain Weight
63,65,190,18.005540166204987,Gain Weight
63,70,190,19.390581717451525,Maintain Weight
63,75,190,20.775623268698062,Maintain Weight
63,80,190,22.1606648199446,Maintain Weight
63,85,190,23.545706371191137,Maintain Weight
63,90,190,24.930747922437675,Lose Weight
63,95,190,26.315789473684212,Lose Weight
63,100,190,27.70083102493075,Lose Weight
63,105,190,29.085872576177287,Lose Weight
63,110,190,30.470914127423825,Lose Weight
63,115,190,31.855955678670362,Lose Weight
63,120,190,33.2409972299169,Lose Weight
63,125,190,34.62603878116344,Lose Weight
63,130,190,36.011080332409975,Lose Weight
63,135,190,37.39612188365651,Lose Weight
63,140,190,38.78116343490305,Lose Weight
63,145,190,40.16620498614959,Lose Weight
63,40,195,10.519395134779751,Gain Weight
63,45,195,11.834319526627219,Gain Weight
63,50,195,13.149243918474689,Gain Weight
63,55,195,14.464168310322158,Gain Weight
63,60,195,15.779092702169626,Gain Weight
63,65,195,17.094017094017094,Gain Weight
63,70,195,18.408941485864563,Gain Weight
63,75,195,19.723865877712033,Maintain Weight
63,80,195,21.038790269559502,Maintain Weight
63,85,195,22.353714661406972,Maintain Weight
63,90,195,23.668639053254438,Maintain Weight
63,95,195,24.983563445101908,Lose Weight
63,100,195,26.298487836949377,Lose Weight
63,105,195,27.613412228796847,Lose Weight
63,110,195,28.928336620644316,Lose Weight
63,115,195,30.243261012491782,Lose Weight
63,120,195,31.558185404339252,Lose Weight
63,125,195,32.87310979618672,Lose Weight
63,130,195,34.18803418803419,Lose Weight
63,135,195,35.50295857988166,Lose Weight
63,140,195,36.81788297172913,Lose Weight
63,145,195,38.132807363576596,Lose Weight
64,40,150,17.77777777777778,Gain Weight
64,45,150,20.0,Maintain Weight
64,50,150,22.22222222222222,Maintain Weight
64,55,150,24.444444444444443,Maintain Weight
64,60,150,26.666666666666668,Lose Weight
64,65,150,28.88888888888889,Lose Weight
64,70,150,31.11111111111111,Lose Weight
64,75,150,33.333333333333336,Lose Weight
64,80,150,35.55555555555556,Lose Weight
64,85,150,37.77777777777778,Lose Weight
64,90,150,40.0,Lose Weight
64,95,150,42.22222222222222,Lose Weight
64,100,150,44.44444444444444,Lose Weight
64,105,150,46.666666666666664,Lose Weight
64,110,150,48.888888888888886,Lose Weight
64,115,150,51.111111111111114,Lose Weight
64,120,150,53.333333333333336,Lose Weight
64,125,150,55.55555555555556,Lose Weight
64,130,150,57.77777777777778,Lose Weight
64,135,150,60.0,Lose Weight
64,140,150,62.22222222222222,Lose Weight
64,145,150,64.44444444444444,Lose Weight
64,40,155,16.649323621227886,Gain Weight
64,45,155,18.730489073881373,Maintain Weight
64,50,155,20.811654526534856,Maintain Weight
64,55,155,22.892819979188342,Maintain Weight
64,60,155,24.97398543184183,Lose Weight
64,65,155,27.055150884495315,Lose Weight
64,70,155,29.1363163371488,Lose Weight
64,75,155,31.217481789802285,Lose Weight
64,80,155,33.29864724245577,Lose Weight
64,85,155,35.37981269510926,Lose Weight
64,90,155,37.460978147762745,Lose Weight
64,95,155,39.54214360041623,Lose Weight
64,100,155,41.62330905306971,Lose Weight
64,105,155,43.7044745057232,Lose Weight
64,110,155,45.785639958376684,Lose Weight
64,115,155,47.86680541103017,Lose Weight
64,120,155,49.94797086368366,Lose Weight
64,125,155,52.029136316337144,Lose Weight
64,130,155,54.11030176899063,Lose Weight
64,135,155,56.19146722164411,Lose Weight
64,140,155,58.2726326742976,Lose Weight
64,145,155,60.353798126951084,Lose Weight
64,40,160,15.624999999999996,Gain Weight
64,45,160,17.578124999999996,Gain Weight
64,50,160,19.531249999999996,Maintain Weight
64,55,160,21.484374999999996,Maintain Weight
64,60,160,23.437499999999996,Maintain Weight
64,65,160,25.390624999999996,Lose Weight
64,70,160,27.343749999999996,Lose Weight
64,75,160,29.296874999999993,Lose Weight
64,80,160,31.249999999999993,Lose Weight
64,85,160,33.20312499999999,Lose Weight
64,90,160,35.15624999999999,Lose Weight
64,95,160,37.10937499999999,Lose Weight
64,100,160,39.06249999999999,Lose Weight
64,105,160,41.01562499999999,Lose Weight
64,110,160,42.96874999999999,Lose Weight
64,115,160,44.92187499999999,Lose Weight
64,120,160,46.87499999999999,Lose Weight
64,125,160,48.82812499999999,Lose Weight
64,130,160,50.78124999999999,Lose Weight
64,135,160,52.73437499999999,Lose Weight
64,140,160,54.68749999999999,Lose Weight
64,145,160,56.640624999999986,Lose Weight
64,40,165,14.692378328741967,Gain Weight
64,45,165,16.528925619834713,Gain Weight
64,50,165,18.36547291092746,Gain Weight
64,55,165,20.202020202020204,Maintain Weight
64,60,165,22.03856749311295,Maintain Weight
64,65,165,23.875114784205696,Maintain Weight
64,70,165,25.71166207529844,Lose Weight
64,75,165,27.548209366391188,Lose Weight
64,80,165,29.384756657483933,Lose Weight
64,85,165,31.22130394857668,Lose Weight
64,90,165,33.057851239669425,Lose Weight
64,95,165,34.894398530762174,Lose Weight
64,100,165,36.73094582185492,Lose Weight
64,105,165,38.567493112947666,Lose Weight
64,110,165,40.40404040404041,Lose Weight
64,115,165,42.24058769513316,Lose Weight
64,120,165,44.0771349862259,Lose Weight
64,125,165,45.91368227731865,Lose Weight
64,130,165,47.75022956841139,Lose Weight
64,135,165,49.58677685950414,Lose Weight
64,140,165,51.42332415059688,Lose Weight
64,145,165,53.25987144168963,Lose Weight
64,40,170,13.84083044982699,Gain Weight
64,45,170,15.570934256055365,Gain Weight
64,50,170,17.301038062283737,Gain Weight
64,55,170,19.031141868512112,Maintain Weight
64,60,170,20.761245674740486,Maintain Weight
64,65,170,22.49134948096886,Maintain Weight
64,70,170,24.221453287197235,Maintain Weight
64,75,170,25.95155709342561,Lose Weight
64,80,170,27.68166089965398,Lose Weight
64,85,170,29.411764705882355,Lose Weight
64,90,170,31.14186851211073,Lose Weight
64,95,170,32.871972318339104,Lose Weight
64,100,170,34.602076124567475,Lose Weight
64,105,170,36.33217993079585,Lose Weight
64,110,170,38.062283737024224,Lose Weight
64,115,170,39.7923875432526,Lose Weight
64,120,170,41.52249134948097,Lose Weight
64,125,170,43.25259515570935,Lose Weight
64,130,170,44.98269896193772,Lose Weight
64,135,170,46.71280276816609,Lose Weight
64,140,170,48.44290657439447,Lose Weight
64,145,170,50.17301038062284,Lose Weight
64,40,175,13.061224489795919,Gain Weight
64,45,175,14.693877551020408,Gain Weight
64,50,175,16.3265306122449,Gain Weight
64,55,175,17.959183673469386,Gain Weight
64,60,175,19.591836734693878,Maintain Weight
64,65,175,21.224489795918366,Maintain Weight
64,70,175,22.857142857142858,Maintain Weight
64,75,175,24.489795918367346,Maintain Weight
64,80,175,26.122448979591837,Lose Weight
64,85,175,27.755102040816325,Lose Weight
64,90,175,29.387755102040817,Lose Weight
64,95,175,31.020408163265305,Lose Weight
64,100,175,32.6530612244898,Lose Weight
64,105,175,34.285714285714285,Lose Weight
64,110,175,35.91836734693877,Lose Weight
64,115,175,37.55102040816327,Lose Weight
64,120,175,39.183673469387756,Lose Weight
64,125,175,40.816326530612244,Lose Weight
64,130,175,42.44897959183673,Lose Weight
64,135,175,44.08163265306123,Lose Weight
64,140,175,45.714285714285715,Lose Weight
64,145,175,47.3469387755102,Lose Weight
64,40,180,12.345679012345679,Gain Weight
64,45,180,13.888888888888888,Gain Weight
64,50,180,15.432098765432098,Gain Weight
64,55,180,16.975308641975307,Gain Weight
64,60,180,18.51851851851852,Maintain Weight
64,65,180,20.061728395061728,Maintain Weight
64,70,180,21.604938271604937,Maintain Weight
64,75,180,23.148148148148145,Maintain Weight
64,80,180,24.691358024691358,Maintain Weight
64,85,180,26.234567901234566,Lose Weight
64,90,180,27.777777777777775,Lose Weight
64,95,180,29.320987654320987,Lose Weight
64,100,180,30.864197530864196,Lose Weight
64,105,180,32.407407407407405,Lose Weight
64,110,180,33.95061728395061,Lose Weight
64,115,180,35.49382716049382,Lose Weight
64,120,180,37.03703703703704,Lose Weight
64,125,180,38.58024691358025,Lose Weight
64,130,180,40.123456790123456,Lose Weight
64,135,180,41.666666666666664,Lose Weight
64,140,180,43.20987654320987,Lose Weight
64,145,180,44.75308641975308,Lose Weight
64,40,185,11.68736303871439,Gain Weight
64,45,185,13.148283418553687,Gain Weight
64,50,185,14.609203798392986,Gain Weight
64,55,185,16.070124178232284,Gain Weight
64,60,185,17.531044558071585,Gain Weight
64,65,185,18.991964937910883,Maintain Weight
64,70,185,20.45288531775018,Maintain Weight
64,75,185,21.913805697589478,Maintain Weight
64,80,185,23.37472607742878,Maintain Weight
64,85,185,24.835646457268076,Maintain Weight
64,90,185,26.296566837107374,Lose Weight
64,95,185,27.757487216946675,Lose Weight
64,100,185,29.218407596785973,Lose Weight
64,105,185,30.67932797662527,Lose Weight
64,110,185,32.14024835646457,Lose Weight
64,115,185,33.60116873630387,Lose Weight
64,120,185,35.06208911614317,Lose Weight
64,125,185,36.523009495982464,Lose Weight
64,130,185,37.983929875821765,Lose Weight
64,135,185,39.444850255661066,Lose Weight
64,140,185,40.90577063550036,Lose Weight
64,145,185,42.36669101533966,Lose Weight
64,40,190,11.0803324099723,Gain Weight
64,45,190,12.465373961218837,Gain Weight
64,50,190,13.850415512465375,Gain Weight
64,55,190,15.235457063711912,Gain Weight
64,60,190,16.62049861495845,Gain Weight
64,65,190,18.005540166204987,Gain Weight
64,70,190,19.390581717451525,Maintain Weight
64,75,190,20.775623268698062,Maintain Weight
64,80,190,22.1606648199446,Maintain Weight
64,85,190,23.545706371191137,Maintain Weight
64,90,190,24.930747922437675,Lose Weight
64,95,190,26.315789473684212,Lose Weight
64,100,190,27.70083102493075,Lose Weight
64,105,190,29.085872576177287,Lose Weight
64,110,190,30.470914127423825,Lose Weight
64,115,190,31.855955678670362,Lose Weight
64,120,190,33.2409972299169,Lose Weight
64,125,190,34.62603878116344,Lose Weight
64,130,190,36.011080332409975,Lose Weight
64,135,190,37.39612188365651,Lose Weight
64,140,190,38.78116343490305,Lose Weight
64,145,190,40.16620498614959,Lose Weight
64,40,195,10.519395134779751,Gain Weight
64,45,195,11.834319526627219,Gain Weight
64,50,195,13.149243918474689,Gain Weight
64,55,195,14.464168310322158,Gain Weight
64,60,195,15.779092702169626,Gain Weight
64,65,195,17.094017094017094,Gain Weight
64,70,195,18.408941485864563,Gain Weight
64,75,195,19.723865877712033,Maintain Weight
64,80,195,21.038790269559502,Maintain Weight
64,85,195,22.353714661406972,Maintain Weight
64,90,195,23.668639053254438,Maintain Weight
64,95,195,24.983563445101908,Lose Weight
64,100,195,26.298487836949377,Lose Weight
64,105,195,27.613412228796847,Lose Weight
64,110,195,28.928336620644316,Lose Weight
64,115,195,30.243261012491782,Lose Weight
64,120,195,31.558185404339252,Lose Weight
64,125,195,32.87310979618672,Lose Weight
64,130,195,34.18803418803419,Lose Weight
64,135,195,35.50295857988166,Lose Weight
64,140,195,36.81788297172913,Lose Weight
64,145,195,38.132807363576596,Lose Weight
65,40,150,17.77777777777778,Gain Weight
65,45,150,20.0,Maintain Weight
65,50,150,22.22222222222222,Maintain Weight
65,55,150,24.444444444444443,Maintain Weight
65,60,150,26.666666666666668,Lose Weight
65,65,150,28.88888888888889,Lose Weight
65,70,150,31.11111111111111,Lose Weight
65,75,150,33.333333333333336,Lose Weight
65,80,150,35.55555555555556,Lose Weight
65,85,150,37.77777777777778,Lose Weight
65,90,150,40.0,Lose Weight
65,95,150,42.22222222222222,Lose Weight
65,100,150,44.44444444444444,Lose Weight
65,105,150,46.666666666666664,Lose Weight
65,110,150,48.888888888888886,Lose Weight
65,115,150,51.111111111111114,Lose Weight
65,120,150,53.333333333333336,Lose Weight
65,125,150,55.55555555555556,Lose Weight
65,130,150,57.77777777777778,Lose Weight
65,135,150,60.0,Lose Weight
65,140,150,62.22222222222222,Lose Weight
65,145,150,64.44444444444444,Lose Weight
65,40,155,16.649323621227886,Gain Weight
65,45,155,18.730489073881373,Maintain Weight
65,50,155,20.811654526534856,Maintain Weight
65,55,155,22.892819979188342,Maintain Weight
65,60,155,24.97398543184183,Lose Weight
65,65,155,27.055150884495315,Lose Weight
65,70,155,29.1363163371488,Lose Weight
65,75,155,31.217481789802285,Lose Weight
65,80,155,33.29864724245577,Lose Weight
65,85,155,35.37981269510926,Lose Weight
65,90,155,37.460978147762745,Lose Weight
65,95,155,39.54214360041623,Lose Weight
65,100,155,41.62330905306971,Lose Weight
65,105,155,43.7044745057232,Lose Weight
65,110,155,45.785639958376684,Lose Weight
65,115,155,47.86680541103017,Lose Weight
65,120,155,49.94797086368366,Lose Weight
65,125,155,52.029136316337144,Lose Weight
65,130,155,54.11030176899063,Lose Weight
65,135,155,56.19146722164411,Lose Weight
65,140,155,58.2726326742976,Lose Weight
65,145,155,60.353798126951084,Lose Weight
65,40,160,15.624999999999996,Gain Weight
65,45,160,17.578124999999996,Gain Weight
65,50,160,19.531249999999996,Maintain Weight
65,55,160,21.484374999999996,Maintain Weight
65,60,160,23.437499999999996,Maintain Weight
65,65,160,25.390624999999996,Lose Weight
65,70,160,27.343749999999996,Lose Weight
65,75,160,29.296874999999993,Lose Weight
65,80,160,31.249999999999993,Lose Weight
65,85,160,33.20312499999999,Lose Weight
65,90,160,35.15624999999999,Lose Weight
65,95,160,37.10937499999999,Lose Weight
65,100,160,39.06249999999999,Lose Weight
65,105,160,41.01562499999999,Lose Weight
65,110,160,42.96874999999999,Lose Weight
65,115,160,44.92187499999999,Lose Weight
65,120,160,46.87499999999999,Lose Weight
65,125,160,48.82812499999999,Lose Weight
65,130,160,50.78124999999999,Lose Weight
65,135,160,52.73437499999999,Lose Weight
65,140,160,54.68749999999999,Lose Weight
65,145,160,56.640624999999986,Lose Weight
65,40,165,14.692378328741967,Gain Weight
65,45,165,16.528925619834713,Gain Weight
65,50,165,18.36547291092746,Gain Weight
65,55,165,20.202020202020204,Maintain Weight
65,60,165,22.03856749311295,Maintain Weight
65,65,165,23.875114784205696,Maintain Weight
65,70,165,25.71166207529844,Lose Weight
65,75,165,27.548209366391188,Lose Weight
65,80,165,29.384756657483933,Lose Weight
65,85,165,31.22130394857668,Lose Weight
65,90,165,33.057851239669425,Lose Weight
65,95,165,34.894398530762174,Lose Weight
65,100,165,36.73094582185492,Lose Weight
65,105,165,38.567493112947666,Lose Weight
65,110,165,40.40404040404041,Lose Weight
65,115,165,42.24058769513316,Lose Weight
65,120,165,44.0771349862259,Lose Weight
65,125,165,45.91368227731865,Lose Weight
65,130,165,47.75022956841139,Lose Weight
65,135,165,49.58677685950414,Lose Weight
65,140,165,51.42332415059688,Lose Weight
65,145,165,53.25987144168963,Lose Weight
65,40,170,13.84083044982699,Gain Weight
65,45,170,15.570934256055365,Gain Weight
65,50,170,17.301038062283737,Gain Weight
65,55,170,19.031141868512112,Maintain Weight
65,60,170,20.761245674740486,Maintain Weight
65,65,170,22.49134948096886,Maintain Weight
65,70,170,24.221453287197235,Maintain Weight
65,75,170,25.95155709342561,Lose Weight
65,80,170,27.68166089965398,Lose Weight
65,85,170,29.411764705882355,Lose Weight
65,90,170,31.14186851211073,Lose Weight
65,95,170,32.871972318339104,Lose Weight
65,100,170,34.602076124567475,Lose Weight
65,105,170,36.33217993079585,Lose Weight
65,110,170,38.062283737024224,Lose Weight
65,115,170,39.7923875432526,Lose Weight
65,120,170,41.52249134948097,Lose Weight
65,125,170,43.25259515570935,Lose Weight
65,130,170,44.98269896193772,Lose Weight
65,135,170,46.71280276816609,Lose Weight
65,140,170,48.44290657439447,Lose Weight
65,145,170,50.17301038062284,Lose Weight
65,40,175,13.061224489795919,Gain Weight
65,45,175,14.693877551020408,Gain Weight
65,50,175,16.3265306122449,Gain Weight
65,55,175,17.959183673469386,Gain Weight
65,60,175,19.591836734693878,Maintain Weight
65,65,175,21.224489795918366,Maintain Weight
65,70,175,22.857142857142858,Maintain Weight
65,75,175,24.489795918367346,Maintain Weight
65,80,175,26.122448979591837,Lose Weight
65,85,175,27.755102040816325,Lose Weight
65,90,175,29.387755102040817,Lose Weight
65,95,175,31.020408163265305,Lose Weight
65,100,175,32.6530612244898,Lose Weight
65,105,175,34.285714285714285,Lose Weight
65,110,175,35.91836734693877,Lose Weight
65,115,175,37.55102040816327,Lose Weight
65,120,175,39.183673469387756,Lose Weight
65,125,175,40.816326530612244,Lose Weight
65,130,175,42.44897959183673,Lose Weight
65,135,175,44.08163265306123,Lose Weight
65,140,175,45.714285714285715,Lose Weight
65,145,175,47.3469387755102,Lose Weight
65,40,180,12.345679012345679,Gain Weight
65,45,180,13.888888888888888,Gain Weight
65,50,180,15.432098765432098,Gain Weight
65,55,180,16.975308641975307,Gain Weight
65,60,180,18.51851851851852,Maintain Weight
65,65,180,20.061728395061728,Maintain Weight
65,70,180,21.604938271604937,Maintain Weight
65,75,180,23.148148148148145,Maintain Weight
65,80,180,24.691358024691358,Maintain Weight
65,85,180,26.234567901234566,Lose Weight
65,90,180,27.777777777777775,Lose Weight
65,95,180,29.320987654320987,Lose Weight
65,100,180,30.864197530864196,Lose Weight
65,105,180,32.407407407407405,Lose Weight
65,110,180,33.95061728395061,Lose Weight
65,115,180,35.49382716049382,Lose Weight
65,120,180,37.03703703703704,Lose Weight
65,125,180,38.58024691358025,Lose Weight
65,130,180,40.123456790123456,Lose Weight
65,135,180,41.666666666666664,Lose Weight
65,140,180,43.20987654320987,Lose Weight
65,145,180,44.75308641975308,Lose Weight
65,40,185,11.68736303871439,Gain Weight
65,45,185,13.148283418553687,Gain Weight
65,50,185,14.609203798392986,Gain Weight
65,55,185,16.070124178232284,Gain Weight
65,60,185,17.531044558071585,Gain Weight
65,65,185,18.991964937910883,Maintain Weight
65,70,185,20.45288531775018,Maintain Weight
65,75,185,21.913805697589478,Maintain Weight
65,80,185,23.37472607742878,Maintain Weight
65,85,185,24.835646457268076,Maintain Weight
65,90,185,26.296566837107374,Lose Weight
65,95,185,27.757487216946675,Lose Weight
65,100,185,29.218407596785973,Lose Weight
65,105,185,30.67932797662527,Lose Weight
65,110,185,32.14024835646457,Lose Weight
65,115,185,33.60116873630387,Lose Weight
65,120,185,35.06208911614317,Lose Weight
65,125,185,36.523009495982464,Lose Weight
65,130,185,37.983929875821765,Lose Weight
65,135,185,39.444850255661066,Lose Weight
65,140,185,40.90577063550036,Lose Weight
65,145,185,42.36669101533966,Lose Weight
65,40,190,11.0803324099723,Gain Weight
65,45,190,12.465373961218837,Gain Weight
65,50,190,13.850415512465375,Gain Weight
65,55,190,15.235457063711912,Gain Weight
65,60,190,16.62049861495845,Gain Weight
65,65,190,18.005540166204987,Gain Weight
65,70,190,19.390581717451525,Maintain Weight
65,75,190,20.775623268698062,Maintain Weight
65,80,190,22.1606648199446,Maintain Weight
65,85,190,23.545706371191137,Maintain Weight
65,90,190,24.930747922437675,Lose Weight
65,95,190,26.315789473684212,Lose Weight
65,100,190,27.70083102493075,Lose Weight
65,105,190,29.085872576177287,Lose Weight
65,110,190,30.470914127423825,Lose Weight
65,115,190,31.855955678670362,Lose Weight
65,120,190,33.2409972299169,Lose Weight
65,125,190,34.62603878116344,Lose Weight
65,130,190,36.011080332409975,Lose Weight
65,135,190,37.39612188365651,Lose Weight
65,140,190,38.78116343490305,Lose Weight
65,145,190,40.16620498614959,Lose Weight
65,40,195,10.519395134779751,Gain Weight
65,45,195,11.834319526627219,Gain Weight
65,50,195,13.149243918474689,Gain Weight
65,55,195,14.464168310322158,Gain Weight
65,60,195,15.779092702169626,Gain Weight
65,65,195,17.094017094017094,Gain Weight
65,70,195,18.408941485864563,Gain Weight
65,75,195,19.723865877712033,Maintain Weight
65,80,195,21.038790269559502,Maintain Weight
65,85,195,22.353714661406972,Maintain Weight
65,90,195,23.668639053254438,Maintain Weight
65,95,195,24.983563445101908,Lose Weight
65,100,195,26.298487836949377,Lose Weight
65,105,195,27.613412228796847,Lose Weight
65,110,195,28.928336620644316,Lose Weight
65,115,195,30.243261012491782,Lose Weight
65,120,195,31.558185404339252,Lose Weight
65,125,195,32.87310979618672,Lose Weight
65,130,195,34.18803418803419,Lose Weight
65,135,195,35.50295857988166,Lose Weight
65,140,195,36.81788297172913,Lose Weight
65,145,195,38.132807363576596,Lose Weight
66,40,150,17.77777777777778,Gain Weight
66,45,150,20.0,Maintain Weight
66,50,150,22.22222222222222,Maintain Weight
66,55,150,24.444444444444443,Maintain Weight
66,60,150,26.666666666666668,Lose Weight
66,65,150,28.88888888888889,Lose Weight
66,70,150,31.11111111111111,Lose Weight
66,75,150,33.333333333333336,Lose Weight
66,80,150,35.55555555555556,Lose Weight
66,85,150,37.77777777777778,Lose Weight
66,90,150,40.0,Lose Weight
66,95,150,42.22222222222222,Lose Weight
66,100,150,44.44444444444444,Lose Weight
66,105,150,46.666666666666664,Lose Weight
66,110,150,48.888888888888886,Lose Weight
66,115,150,51.111111111111114,Lose Weight
66,120,150,53.333333333333336,Lose Weight
66,125,150,55.55555555555556,Lose Weight
66,130,150,57.77777777777778,Lose Weight
66,135,150,60.0,Lose Weight
66,140,150,62.22222222222222,Lose Weight
66,145,150,64.44444444444444,Lose Weight
66,40,155,16.649323621227886,Gain Weight
66,45,155,18.730489073881373,Maintain Weight
66,50,155,20.811654526534856,Maintain Weight
66,55,155,22.892819979188342,Maintain Weight
66,60,155,24.97398543184183,Lose Weight
66,65,155,27.055150884495315,Lose Weight
66,70,155,29.1363163371488,Lose Weight
66,75,155,31.217481789802285,Lose Weight
66,80,155,33.29864724245577,Lose Weight
66,85,155,35.37981269510926,Lose Weight
66,90,155,37.460978147762745,Lose Weight
66,95,155,39.54214360041623,Lose Weight
66,100,155,41.62330905306971,Lose Weight
66,105,155,43.7044745057232,Lose Weight
66,110,155,45.785639958376684,Lose Weight
66,115,155,47.86680541103017,Lose Weight
66,120,155,49.94797086368366,Lose Weight
66,125,155,52.029136316337144,Lose Weight
66,130,155,54.11030176899063,Lose Weight
66,135,155,56.19146722164411,Lose Weight
66,140,155,58.2726326742976,Lose Weight
66,145,155,60.353798126951084,Lose Weight
66,40,160,15.624999999999996,Gain Weight
66,45,160,17.578124999999996,Gain Weight
66,50,160,19.531249999999996,Maintain Weight
66,55,160,21.484374999999996,Maintain Weight
66,60,160,23.437499999999996,Maintain Weight
66,65,160,25.390624999999996,Lose Weight
66,70,160,27.343749999999996,Lose Weight
66,75,160,29.296874999999993,Lose Weight
66,80,160,31.249999999999993,Lose Weight
66,85,160,33.20312499999999,Lose Weight
66,90,160,35.15624999999999,Lose Weight
66,95,160,37.10937499999999,Lose Weight
66,100,160,39.06249999999999,Lose Weight
66,105,160,41.01562499999999,Lose Weight
66,110,160,42.96874999999999,Lose Weight
66,115,160,44.92187499999999,Lose Weight
66,120,160,46.87499999999999,Lose Weight
66,125,160,48.82812499999999,Lose Weight
66,130,160,50.78124999999999,Lose Weight
66,135,160,52.73437499999999,Lose Weight
66,140,160,54.68749999999999,Lose Weight
66,145,160,56.640624999999986,Lose Weight
66,40,165,14.692378328741967,Gain Weight
66,45,165,16.528925619834713,Gain Weight
66,50,165,18.36547291092746,Gain Weight
66,55,165,20.202020202020204,Maintain Weight
66,60,165,22.03856749311295,Maintain Weight
66,65,165,23.875114784205696,Maintain Weight
66,70,165,25.71166207529844,Lose Weight
66,75,165,27.548209366391188,Lose Weight
66,80,165,29.384756657483933,Lose Weight
66,85,165,31.22130394857668,Lose Weight
66,90,165,33.057851239669425,Lose Weight
66,95,165,34.894398530762174,Lose Weight
66,100,165,36.73094582185492,Lose Weight
66,105,165,38.567493112947666,Lose Weight
66,110,165,40.40404040404041,Lose Weight
66,115,165,42.24058769513316,Lose Weight
66,120,165,44.0771349862259,Lose Weight
66,125,165,45.91368227731865,Lose Weight
66,130,165,47.75022956841139,Lose Weight
66,135,165,49.58677685950414,Lose Weight
66,140,165,51.42332415059688,Lose Weight
66,145,165,53.25987144168963,Lose Weight
66,40,170,13.84083044982699,Gain Weight
66,45,170,15.570934256055365,Gain Weight
66,50,170,17.301038062283737,Gain Weight
66,55,170,19.031141868512112,Maintain Weight
66,60,170,20.761245674740486,Maintain Weight
66,65,170,22.49134948096886,Maintain Weight
66,70,170,24.221453287197235,Maintain Weight
66,75,170,25.95155709342561,Lose Weight
66,80,170,27.68166089965398,Lose Weight
66,85,170,29.411764705882355,Lose Weight
66,90,170,31.14186851211073,Lose Weight
66,95,170,32.871972318339104,Lose Weight
66,100,170,34.602076124567475,Lose Weight
66,105,170,36.33217993079585,Lose Weight
66,110,170,38.062283737024224,Lose Weight
66,115,170,39.7923875432526,Lose Weight
66,120,170,41.52249134948097,Lose Weight
66,125,170,43.25259515570935,Lose Weight
66,130,170,44.98269896193772,Lose Weight
66,135,170,46.71280276816609,Lose Weight
66,140,170,48.44290657439447,Lose Weight
66,145,170,50.17301038062284,Lose Weight
66,40,175,13.061224489795919,Gain Weight
66,45,175,14.693877551020408,Gain Weight
66,50,175,16.3265306122449,Gain Weight
66,55,175,17.959183673469386,Gain Weight
66,60,175,19.591836734693878,Maintain Weight
66,65,175,21.224489795918366,Maintain Weight
66,70,175,22.857142857142858,Maintain Weight
66,75,175,24.489795918367346,Maintain Weight
66,80,175,26.122448979591837,Lose Weight
66,85,175,27.755102040816325,Lose Weight
66,90,175,29.387755102040817,Lose Weight
66,95,175,31.020408163265305,Lose Weight
66,100,175,32.6530612244898,Lose Weight
66,105,175,34.285714285714285,Lose Weight
66,110,175,35.91836734693877,Lose Weight
66,115,175,37.55102040816327,Lose Weight
66,120,175,39.183673469387756,Lose Weight
66,125,175,40.816326530612244,Lose Weight
66,130,175,42.44897959183673,Lose Weight
66,135,175,44.08163265306123,Lose Weight
66,140,175,45.714285714285715,Lose Weight
66,145,175,47.3469387755102,Lose Weight
66,40,180,12.345679012345679,Gain Weight
66,45,180,13.888888888888888,Gain Weight
66,50,180,15.432098765432098,Gain Weight
66,55,180,16.975308641975307,Gain Weight
66,60,180,18.51851851851852,Maintain Weight
66,65,180,20.061728395061728,Maintain Weight
66,70,180,21.604938271604937,Maintain Weight
66,75,180,23.148148148148145,Maintain Weight
66,80,180,24.691358024691358,Maintain Weight
66,85,180,26.234567901234566,Lose Weight
66,90,180,27.777777777777775,Lose Weight
66,95,180,29.320987654320987,Lose Weight
66,100,180,30.864197530864196,Lose Weight
66,105,180,32.407407407407405,Lose Weight
66,110,180,33.95061728395061,Lose Weight
66,115,180,35.49382716049382,Lose Weight
66,120,180,37.03703703703704,Lose Weight
66,125,180,38.58024691358025,Lose Weight
66,130,180,40.123456790123456,Lose Weight
66,135,180,41.666666666666664,Lose Weight
66,140,180,43.20987654320987,Lose Weight
66,145,180,44.75308641975308,Lose Weight
66,40,185,11.68736303871439,Gain Weight
66,45,185,13.148283418553687,Gain Weight
66,50,185,14.609203798392986,Gain Weight
66,55,185,16.070124178232284,Gain Weight
66,60,185,17.531044558071585,Gain Weight
66,65,185,18.991964937910883,Maintain Weight
66,70,185,20.45288531775018,Maintain Weight
66,75,185,21.913805697589478,Maintain Weight
66,80,185,23.37472607742878,Maintain Weight
66,85,185,24.835646457268076,Maintain Weight
66,90,185,26.296566837107374,Lose Weight
66,95,185,27.757487216946675,Lose Weight
66,100,185,29.218407596785973,Lose Weight
66,105,185,30.67932797662527,Lose Weight
66,110,185,32.14024835646457,Lose Weight
66,115,185,33.60116873630387,Lose Weight
66,120,185,35.06208911614317,Lose Weight
66,125,185,36.523009495982464,Lose Weight
66,130,185,37.983929875821765,Lose Weight
66,135,185,39.444850255661066,Lose Weight
66,140,185,40.90577063550036,Lose Weight
66,145,185,42.36669101533966,Lose Weight
66,40,190,11.0803324099723,Gain Weight
66,45,190,12.465373961218837,Gain Weight
66,50,190,13.850415512465375,Gain Weight
66,55,190,15.235457063711912,Gain Weight
66,60,190,16.62049861495845,Gain Weight
66,65,190,18.005540166204987,Gain Weight
66,70,190,19.390581717451525,Maintain Weight
66,75,190,20.775623268698062,Maintain Weight
66,80,190,22.1606648199446,Maintain Weight
66,85,190,23.545706371191137,Maintain Weight
66,90,190,24.930747922437675,Lose Weight
66,95,190,26.315789473684212,Lose Weight
66,100,190,27.70083102493075,Lose Weight
66,105,190,29.085872576177287,Lose Weight
66,110,190,30.470914127423825,Lose Weight
66,115,190,31.855955678670362,Lose Weight
66,120,190,33.2409972299169,Lose Weight
66,125,190,34.62603878116344,Lose Weight
66,130,190,36.011080332409975,Lose Weight
66,135,190,37.39612188365651,Lose Weight
66,140,190,38.78116343490305,Lose Weight
66,145,190,40.16620498614959,Lose Weight
66,40,195,10.519395134779751,Gain Weight
66,45,195,11.834319526627219,Gain Weight
66,50,195,13.149243918474689,Gain Weight
66,55,195,14.464168310322158,Gain Weight
66,60,195,15.779092702169626,Gain Weight
66,65,195,17.094017094017094,Gain Weight
66,70,195,18.408941485864563,Gain Weight
66,75,195,19.723865877712033,Maintain Weight
66,80,195,21.038790269559502,Maintain Weight
66,85,195,22.353714661406972,Maintain Weight
66,90,195,23.668639053254438,Maintain Weight
66,95,195,24.983563445101908,Lose Weight
66,100,195,26.298487836949377,Lose Weight
66,105,195,27.613412228796847,Lose Weight
66,110,195,28.928336620644316,Lose Weight
66,115,195,30.243261012491782,Lose Weight
66,120,195,31.558185404339252,Lose Weight
66,125,195,32.87310979618672,Lose Weight
66,130,195,34.18803418803419,Lose Weight
66,135,195,35.50295857988166,Lose Weight
66,140,195,36.81788297172913,Lose Weight
66,145,195,38.132807363576596,Lose Weight
67,40,150,17.77777777777778,Gain Weight
67,45,150,20.0,Maintain Weight
67,50,150,22.22222222222222,Maintain Weight
67,55,150,24.444444444444443,Maintain Weight
67,60,150,26.666666666666668,Lose Weight
67,65,150,28.88888888888889,Lose Weight
67,70,150,31.11111111111111,Lose Weight
67,75,150,33.333333333333336,Lose Weight
67,80,150,35.55555555555556,Lose Weight
67,85,150,37.77777777777778,Lose Weight
67,90,150,40.0,Lose Weight
67,95,150,42.22222222222222,Lose Weight
67,100,150,44.44444444444444,Lose Weight
67,105,150,46.666666666666664,Lose Weight
67,110,150,48.888888888888886,Lose Weight
67,115,150,51.111111111111114,Lose Weight
67,120,150,53.333333333333336,Lose Weight
67,125,150,55.55555555555556,Lose Weight
67,130,150,57.77777777777778,Lose Weight
67,135,150,60.0,Lose Weight
67,140,150,62.22222222222222,Lose Weight
67,145,150,64.44444444444444,Lose Weight
67,40,155,16.649323621227886,Gain Weight
67,45,155,18.730489073881373,Maintain Weight
67,50,155,20.811654526534856,Maintain Weight
67,55,155,22.892819979188342,Maintain Weight
67,60,155,24.97398543184183,Lose Weight
67,65,155,27.055150884495315,Lose Weight
67,70,155,29.1363163371488,Lose Weight
67,75,155,31.217481789802285,Lose Weight
67,80,155,33.29864724245577,Lose Weight
67,85,155,35.37981269510926,Lose Weight
67,90,155,37.460978147762745,Lose Weight
67,95,155,39.54214360041623,Lose Weight
67,100,155,41.62330905306971,Lose Weight
67,105,155,43.7044745057232,Lose Weight
67,110,155,45.785639958376684,Lose Weight
67,115,155,47.86680541103017,Lose Weight
67,120,155,49.94797086368366,Lose Weight
67,125,155,52.029136316337144,Lose Weight
67,130,155,54.11030176899063,Lose Weight
67,135,155,56.19146722164411,Lose Weight
67,140,155,58.2726326742976,Lose Weight
67,145,155,60.353798126951084,Lose Weight
67,40,160,15.624999999999996,Gain Weight
67,45,160,17.578124999999996,Gain Weight
67,50,160,19.531249999999996,Maintain Weight
67,55,160,21.484374999999996,Maintain Weight
67,60,160,23.437499999999996,Maintain Weight
67,65,160,25.390624999999996,Lose Weight
67,70,160,27.343749999999996,Lose Weight
67,75,160,29.296874999999993,Lose Weight
67,80,160,31.249999999999993,Lose Weight
67,85,160,33.20312499999999,Lose Weight
67,90,160,35.15624999999999,Lose Weight
67,95,160,37.10937499999999,Lose Weight
67,100,160,39.06249999999999,Lose Weight
67,105,160,41.01562499999999,Lose Weight
67,110,160,42.96874999999999,Lose Weight
67,115,160,44.92187499999999,Lose Weight
67,120,160,46.87499999999999,Lose Weight
67,125,160,48.82812499999999,Lose Weight
67,130,160,50.78124999999999,Lose Weight
67,135,160,52.73437499999999,Lose Weight
67,140,160,54.68749999999999,Lose Weight
67,145,160,56.640624999999986,Lose Weight
67,40,165,14.692378328741967,Gain Weight
67,45,165,16.528925619834713,Gain Weight
67,50,165,18.36547291092746,Gain Weight
67,55,165,20.202020202020204,Maintain Weight
67,60,165,22.03856749311295,Maintain Weight
67,65,165,23.875114784205696,Maintain Weight
67,70,165,25.71166207529844,Lose Weight
67,75,165,27.548209366391188,Lose Weight
67,80,165,29.384756657483933,Lose Weight
67,85,165,31.22130394857668,Lose Weight
67,90,165,33.057851239669425,Lose Weight
67,95,165,34.894398530762174,Lose Weight
67,100,165,36.73094582185492,Lose Weight
67,105,165,38.567493112947666,Lose Weight
67,110,165,40.40404040404041,Lose Weight
67,115,165,42.24058769513316,Lose Weight
67,120,165,44.0771349862259,Lose Weight
67,125,165,45.91368227731865,Lose Weight
67,130,165,47.75022956841139,Lose Weight
67,135,165,49.58677685950414,Lose Weight
67,140,165,51.42332415059688,Lose Weight
67,145,165,53.25987144168963,Lose Weight
67,40,170,13.84083044982699,Gain Weight
67,45,170,15.570934256055365,Gain Weight
67,50,170,17.301038062283737,Gain Weight
67,55,170,19.031141868512112,Maintain Weight
67,60,170,20.761245674740486,Maintain Weight
67,65,170,22.49134948096886,Maintain Weight
67,70,170,24.221453287197235,Maintain Weight
67,75,170,25.95155709342561,Lose Weight
67,80,170,27.68166089965398,Lose Weight
67,85,170,29.411764705882355,Lose Weight
67,90,170,31.14186851211073,Lose Weight
67,95,170,32.871972318339104,Lose Weight
67,100,170,34.602076124567475,Lose Weight
67,105,170,36.33217993079585,Lose Weight
67,110,170,38.062283737024224,Lose Weight
67,115,170,39.7923875432526,Lose Weight
67,120,170,41.52249134948097,Lose Weight
67,125,170,43.25259515570935,Lose Weight
67,130,170,44.98269896193772,Lose Weight
67,135,170,46.71280276816609,Lose Weight
67,140,170,48.44290657439447,Lose Weight
67,145,170,50.17301038062284,Lose Weight
67,40,175,13.061224489795919,Gain Weight
67,45,175,14.693877551020408,Gain Weight
67,50,175,16.3265306122449,Gain Weight
67,55,175,17.959183673469386,Gain Weight
67,60,175,19.591836734693878,Maintain Weight
67,65,175,21.224489795918366,Maintain Weight
67,70,175,22.857142857142858,Maintain Weight
67,75,175,24.489795918367346,Maintain Weight
67,80,175,26.122448979591837,Lose Weight
67,85,175,27.755102040816325,Lose Weight
67,90,175,29.387755102040817,Lose Weight
67,95,175,31.020408163265305,Lose Weight
67,100,175,32.6530612244898,Lose Weight
67,105,175,34.285714285714285,Lose Weight
67,110,175,35.91836734693877,Lose Weight
67,115,175,37.55102040816327,Lose Weight
67,120,175,39.183673469387756,Lose Weight
67,125,175,40.816326530612244,Lose Weight
67,130,175,42.44897959183673,Lose Weight
67,135,175,44.08163265306123,Lose Weight
67,140,175,45.714285714285715,Lose Weight
67,145,175,47.3469387755102,Lose Weight
67,40,180,12.345679012345679,Gain Weight
67,45,180,13.888888888888888,Gain Weight
67,50,180,15.432098765432098,Gain Weight
67,55,180,16.975308641975307,Gain Weight
67,60,180,18.51851851851852,Maintain Weight
67,65,180,20.061728395061728,Maintain Weight
67,70,180,21.604938271604937,Maintain Weight
67,75,180,23.148148148148145,Maintain Weight
67,80,180,24.691358024691358,Maintain Weight
67,85,180,26.234567901234566,Lose Weight
67,90,180,27.777777777777775,Lose Weight
67,95,180,29.320987654320987,Lose Weight
67,100,180,30.864197530864196,Lose Weight
67,105,180,32.407407407407405,Lose Weight
67,110,180,33.95061728395061,Lose Weight
67,115,180,35.49382716049382,Lose Weight
67,120,180,37.03703703703704,Lose Weight
67,125,180,38.58024691358025,Lose Weight
67,130,180,40.123456790123456,Lose Weight
67,135,180,41.666666666666664,Lose Weight
67,140,180,43.20987654320987,Lose Weight
67,145,180,44.75308641975308,Lose Weight
67,40,185,11.68736303871439,Gain Weight
67,45,185,13.148283418553687,Gain Weight
67,50,185,14.609203798392986,Gain Weight
67,55,185,16.070124178232284,Gain Weight
67,60,185,17.531044558071585,Gain Weight
67,65,185,18.991964937910883,Maintain Weight
67,70,185,20.45288531775018,Maintain Weight
67,75,185,21.913805697589478,Maintain Weight
67,80,185,23.37472607742878,Maintain Weight
67,85,185,24.835646457268076,Maintain Weight
67,90,185,26.296566837107374,Lose Weight
67,95,185,27.757487216946675,Lose Weight
67,100,185,29.218407596785973,Lose Weight
67,105,185,30.67932797662527,Lose Weight
67,110,185,32.14024835646457,Lose Weight
67,115,185,33.60116873630387,Lose Weight
67,120,185,35.06208911614317,Lose Weight
67,125,185,36.523009495982464,Lose Weight
67,130,185,37.983929875821765,Lose Weight
67,135,185,39.444850255661066,Lose Weight
67,140,185,40.90577063550036,Lose Weight
67,145,185,42.36669101533966,Lose Weight
67,40,190,11.0803324099723,Gain Weight
67,45,190,12.465373961218837,Gain Weight
67,50,190,13.850415512465375,Gain Weight
67,55,190,15.235457063711912,Gain Weight
67,60,190,16.62049861495845,Gain Weight
67,65,190,18.005540166204987,Gain Weight
67,70,190,19.390581717451525,Maintain Weight
67,75,190,20.775623268698062,Maintain Weight
67,80,190,22.1606648199446,Maintain Weight
67,85,190,23.545706371191137,Maintain Weight
67,90,190,24.930747922437675,Lose Weight
67,95,190,26.315789473684212,Lose Weight
67,100,190,27.70083102493075,Lose Weight
67,105,190,29.085872576177287,Lose Weight
67,110,190,30.470914127423825,Lose Weight
67,115,190,31.855955678670362,Lose Weight
67,120,190,33.2409972299169,Lose Weight
67,125,190,34.62603878116344,Lose Weight
67,130,190,36.011080332409975,Lose Weight
67,135,190,37.39612188365651,Lose Weight
67,140,190,38.78116343490305,Lose Weight
67,145,190,40.16620498614959,Lose Weight
67,40,195,10.519395134779751,Gain Weight
67,45,195,11.834319526627219,Gain Weight
67,50,195,13.149243918474689,Gain Weight
67,55,195,14.464168310322158,Gain Weight
67,60,195,15.779092702169626,Gain Weight
67,65,195,17.094017094017094,Gain Weight
67,70,195,18.408941485864563,Gain Weight
67,75,195,19.723865877712033,Maintain Weight
67,80,195,21.038790269559502,Maintain Weight
67,85,195,22.353714661406972,Maintain Weight
67,90,195,23.668639053254438,Maintain Weight
67,95,195,24.983563445101908,Lose Weight
67,100,195,26.298487836949377,Lose Weight
67,105,195,27.613412228796847,Lose Weight
67,110,195,28.928336620644316,Lose Weight
67,115,195,30.243261012491782,Lose Weight
67,120,195,31.558185404339252,Lose Weight
67,125,195,32.87310979618672,Lose Weight
67,130,195,34.18803418803419,Lose Weight
67,135,195,35.50295857988166,Lose Weight
67,140,195,36.81788297172913,Lose Weight
67,145,195,38.132807363576596,Lose Weight
68,40,150,17.77777777777778,Gain Weight
68,45,150,20.0,Maintain Weight
68,50,150,22.22222222222222,Maintain Weight
68,55,150,24.444444444444443,Maintain Weight
68,60,150,26.666666666666668,Lose Weight
68,65,150,28.88888888888889,Lose Weight
68,70,150,31.11111111111111,Lose Weight
68,75,150,33.333333333333336,Lose Weight
68,80,150,35.55555555555556,Lose Weight
68,85,150,37.77777777777778,Lose Weight
68,90,150,40.0,Lose Weight
68,95,150,42.22222222222222,Lose Weight
68,100,150,44.44444444444444,Lose Weight
68,105,150,46.666666666666664,Lose Weight
68,110,150,48.888888888888886,Lose Weight
68,115,150,51.111111111111114,Lose Weight
68,120,150,53.333333333333336,Lose Weight
68,125,150,55.55555555555556,Lose Weight
68,130,150,57.77777777777778,Lose Weight
68,135,150,60.0,Lose Weight
68,140,150,62.22222222222222,Lose Weight
68,145,150,64.44444444444444,Lose Weight
68,40,155,16.649323621227886,Gain Weight
68,45,155,18.730489073881373,Maintain Weight
68,50,155,20.811654526534856,Maintain Weight
68,55,155,22.892819979188342,Maintain Weight
68,60,155,24.97398543184183,Lose Weight
68,65,155,27.055150884495315,Lose Weight
68,70,155,29.1363163371488,Lose Weight
68,75,155,31.217481789802285,Lose Weight
68,80,155,33.29864724245577,Lose Weight
68,85,155,35.37981269510926,Lose Weight
68,90,155,37.460978147762745,Lose Weight
68,95,155,39.54214360041623,Lose Weight
68,100,155,41.62330905306971,Lose Weight
68,105,155,43.7044745057232,Lose Weight
68,110,155,45.785639958376684,Lose Weight
68,115,155,47.86680541103017,Lose Weight
68,120,155,49.94797086368366,Lose Weight
68,125,155,52.029136316337144,Lose Weight
68,130,155,54.11030176899063,Lose Weight
68,135,155,56.19146722164411,Lose Weight
68,140,155,58.2726326742976,Lose Weight
68,145,155,60.353798126951084,Lose Weight
68,40,160,15.624999999999996,Gain Weight
68,45,160,17.578124999999996,Gain Weight
68,50,160,19.531249999999996,Maintain Weight
68,55,160,21.484374999999996,Maintain Weight
68,60,160,23.437499999999996,Maintain Weight
68,65,160,25.390624999999996,Lose Weight
68,70,160,27.343749999999996,Lose Weight
68,75,160,29.296874999999993,Lose Weight
68,80,160,31.249999999999993,Lose Weight
68,85,160,33.20312499999999,Lose Weight
68,90,160,35.15624999999999,Lose Weight
68,95,160,37.10937499999999,Lose Weight
68,100,160,39.06249999999999,Lose Weight
68,105,160,41.01562499999999,Lose Weight
68,110,160,42.96874999999999,Lose Weight
68,115,160,44.92187499999999,Lose Weight
68,120,160,46.87499999999999,Lose Weight
68,125,160,48.82812499999999,Lose Weight
68,130,160,50.78124999999999,Lose Weight
68,135,160,52.73437499999999,Lose Weight
68,140,160,54.68749999999999,Lose Weight
68,145,160,56.640624999999986,Lose Weight
68,40,165,14.692378328741967,Gain Weight
68,45,165,16.528925619834713,Gain Weight
68,50,165,18.36547291092746,Gain Weight
68,55,165,20.202020202020204,Maintain Weight
68,60,165,22.03856749311295,Maintain Weight
68,65,165,23.875114784205696,Maintain Weight
68,70,165,25.71166207529844,Lose Weight
68,75,165,27.548209366391188,Lose Weight
68,80,165,29.384756657483933,Lose Weight
68,85,165,31.22130394857668,Lose Weight
68,90,165,33.057851239669425,Lose Weight
68,95,165,34.894398530762174,Lose Weight
68,100,165,36.73094582185492,Lose Weight
68,105,165,38.567493112947666,Lose Weight
68,110,165,40.40404040404041,Lose Weight
68,115,165,42.24058769513316,Lose Weight
68,120,165,44.0771349862259,Lose Weight
68,125,165,45.91368227731865,Lose Weight
68,130,165,47.75022956841139,Lose Weight
68,135,165,49.58677685950414,Lose Weight
68,140,165,51.42332415059688,Lose Weight
68,145,165,53.25987144168963,Lose Weight
68,40,170,13.84083044982699,Gain Weight
68,45,170,15.570934256055365,Gain Weight
68,50,170,17.301038062283737,Gain Weight
68,55,170,19.031141868512112,Maintain Weight
68,60,170,20.761245674740486,Maintain Weight
68,65,170,22.49134948096886,Maintain Weight
68,70,170,24.221453287197235,Maintain Weight
68,75,170,25.95155709342561,Lose Weight
68,80,170,27.68166089965398,Lose Weight
68,85,170,29.411764705882355,Lose Weight
68,90,170,31.14186851211073,Lose Weight
68,95,170,32.871972318339104,Lose Weight
68,100,170,34.602076124567475,Lose Weight
68,105,170,36.33217993079585,Lose Weight
68,110,170,38.062283737024224,Lose Weight
68,115,170,39.7923875432526,Lose Weight
68,120,170,41.52249134948097,Lose Weight
68,125,170,43.25259515570935,Lose Weight
68,130,170,44.98269896193772,Lose Weight
68,135,170,46.71280276816609,Lose Weight
68,140,170,48.44290657439447,Lose Weight
68,145,170,50.17301038062284,Lose Weight
68,40,175,13.061224489795919,Gain Weight
68,45,175,14.693877551020408,Gain Weight
68,50,175,16.3265306122449,Gain Weight
68,55,175,17.959183673469386,Gain Weight
68,60,175,19.591836734693878,Maintain Weight
68,65,175,21.224489795918366,Maintain Weight
68,70,175,22.857142857142858,Maintain Weight
68,75,175,24.489795918367346,Maintain Weight
68,80,175,26.122448979591837,Lose Weight
68,85,175,27.755102040816325,Lose Weight
68,90,175,29.387755102040817,Lose Weight
68,95,175,31.020408163265305,Lose Weight
68,100,175,32.6530612244898,Lose Weight
68,105,175,34.285714285714285,Lose Weight
68,110,175,35.91836734693877,Lose Weight
68,115,175,37.55102040816327,Lose Weight
68,120,175,39.183673469387756,Lose Weight
68,125,175,40.816326530612244,Lose Weight
68,130,175,42.44897959183673,Lose Weight
68,135,175,44.08163265306123,Lose Weight
68,140,175,45.714285714285715,Lose Weight
68,145,175,47.3469387755102,Lose Weight
68,40,180,12.345679012345679,Gain Weight
68,45,180,13.888888888888888,Gain Weight
68,50,180,15.432098765432098,Gain Weight
68,55,180,16.975308641975307,Gain Weight
68,60,180,18.51851851851852,Maintain Weight
68,65,180,20.061728395061728,Maintain Weight
68,70,180,21.604938271604937,Maintain Weight
68,75,180,23.148148148148145,Maintain Weight
68,80,180,24.691358024691358,Maintain Weight
68,85,180,26.234567901234566,Lose Weight
68,90,180,27.777777777777775,Lose Weight
68,95,180,29.320987654320987,Lose Weight
68,100,180,30.864197530864196,Lose Weight
68,105,180,32.407407407407405,Lose Weight
68,110,180,33.95061728395061,Lose Weight
68,115,180,35.49382716049382,Lose Weight
68,120,180,37.03703703703704,Lose Weight
68,125,180,38.58024691358025,Lose Weight
68,130,180,40.123456790123456,Lose Weight
68,135,180,41.666666666666664,Lose Weight
68,140,180,43.20987654320987,Lose Weight
68,145,180,44.75308641975308,Lose Weight
68,40,185,11.68736303871439,Gain Weight
68,45,185,13.148283418553687,Gain Weight
68,50,185,14.609203798392986,Gain Weight
68,55,185,16.070124178232284,Gain Weight
68,60,185,17.531044558071585,Gain Weight
68,65,185,18.991964937910883,Maintain Weight
68,70,185,20.45288531775018,Maintain Weight
68,75,185,21.913805697589478,Maintain Weight
68,80,185,23.37472607742878,Maintain Weight
68,85,185,24.835646457268076,Maintain Weight
68,90,185,26.296566837107374,Lose Weight
68,95,185,27.757487216946675,Lose Weight
68,100,185,29.218407596785973,Lose Weight
68,105,185,30.67932797662527,Lose Weight
68,110,185,32.14024835646457,Lose Weight
68,115,185,33.60116873630387,Lose Weight
68,120,185,35.06208911614317,Lose Weight
68,125,185,36.523009495982464,Lose Weight
68,130,185,37.983929875821765,Lose Weight
68,135,185,39.444850255661066,Lose Weight
68,140,185,40.90577063550036,Lose Weight
68,145,185,42.36669101533966,Lose Weight
68,40,190,11.0803324099723,Gain Weight
68,45,190,12.465373961218837,Gain Weight
68,50,190,13.850415512465375,Gain Weight
68,55,190,15.235457063711912,Gain Weight
68,60,190,16.62049861495845,Gain Weight
68,65,190,18.005540166204987,Gain Weight
68,70,190,19.390581717451525,Maintain Weight
68,75,190,20.775623268698062,Maintain Weight
68,80,190,22.1606648199446,Maintain Weight
68,85,190,23.545706371191137,Maintain Weight
68,90,190,24.930747922437675,Lose Weight
68,95,190,26.315789473684212,Lose Weight
68,100,190,27.70083102493075,Lose Weight
68,105,190,29.085872576177287,Lose Weight
68,110,190,30.470914127423825,Lose Weight
68,115,190,31.855955678670362,Lose Weight
68,120,190,33.2409972299169,Lose Weight
68,125,190,34.62603878116344,Lose Weight
68,130,190,36.011080332409975,Lose Weight
68,135,190,37.39612188365651,Lose Weight
68,140,190,38.78116343490305,Lose Weight
68,145,190,40.16620498614959,Lose Weight
68,40,195,10.519395134779751,Gain Weight
68,45,195,11.834319526627219,Gain Weight
68,50,195,13.149243918474689,Gain Weight
68,55,195,14.464168310322158,Gain Weight
68,60,195,15.779092702169626,Gain Weight
68,65,195,17.094017094017094,Gain Weight
68,70,195,18.408941485864563,Gain Weight
68,75,195,19.723865877712033,Maintain Weight
68,80,195,21.038790269559502,Maintain Weight
68,85,195,22.353714661406972,Maintain Weight
68,90,195,23.668639053254438,Maintain Weight
68,95,195,24.983563445101908,Lose Weight
68,100,195,26.298487836949377,Lose Weight
68,105,195,27.613412228796847,Lose Weight
68,110,195,28.928336620644316,Lose Weight
68,115,195,30.243261012491782,Lose Weight
68,120,195,31.558185404339252,Lose Weight
68,125,195,32.87310979618672,Lose Weight
68,130,195,34.18803418803419,Lose Weight
68,135,195,35.50295857988166,Lose Weight
68,140,195,36.81788297172913,Lose Weight
68,145,195,38.132807363576596,Lose Weight
69,40,150,17.77777777777778,Gain Weight
69,45,150,20.0,Maintain Weight
69,50,150,22.22222222222222,Maintain Weight
69,55,150,24.444444444444443,Maintain Weight
69,60,150,26.666666666666668,Lose Weight
69,65,150,28.88888888888889,Lose Weight
69,70,150,31.11111111111111,Lose Weight
69,75,150,33.333333333333336,Lose Weight
69,80,150,35.55555555555556,Lose Weight
69,85,150,37.77777777777778,Lose Weight
69,90,150,40.0,Lose Weight
69,95,150,42.22222222222222,Lose Weight
69,100,150,44.44444444444444,Lose Weight
69,105,150,46.666666666666664,Lose Weight
69,110,150,48.888888888888886,Lose Weight
69,115,150,51.111111111111114,Lose Weight
69,120,150,53.333333333333336,Lose Weight
69,125,150,55.55555555555556,Lose Weight
69,130,150,57.77777777777778,Lose Weight
69,135,150,60.0,Lose Weight
69,140,150,62.22222222222222,Lose Weight
69,145,150,64.44444444444444,Lose Weight
69,40,155,16.649323621227886,Gain Weight
69,45,155,18.730489073881373,Maintain Weight
69,50,155,20.811654526534856,Maintain Weight
69,55,155,22.892819979188342,Maintain Weight
69,60,155,24.97398543184183,Lose Weight
69,65,155,27.055150884495315,Lose Weight
69,70,155,29.1363163371488,Lose Weight
69,75,155,31.217481789802285,Lose Weight
69,80,155,33.29864724245577,Lose Weight
69,85,155,35.37981269510926,Lose Weight
69,90,155,37.460978147762745,Lose Weight
69,95,155,39.54214360041623,Lose Weight
69,100,155,41.62330905306971,Lose Weight
69,105,155,43.7044745057232,Lose Weight
69,110,155,45.785639958376684,Lose Weight
69,115,155,47.86680541103017,Lose Weight
69,120,155,49.94797086368366,Lose Weight
69,125,155,52.029136316337144,Lose Weight
69,130,155,54.11030176899063,Lose Weight
69,135,155,56.19146722164411,Lose Weight
69,140,155,58.2726326742976,Lose Weight
69,145,155,60.353798126951084,Lose Weight
69,40,160,15.624999999999996,Gain Weight
69,45,160,17.578124999999996,Gain Weight
69,50,160,19.531249999999996,Maintain Weight
69,55,160,21.484374999999996,Maintain Weight
69,60,160,23.437499999999996,Maintain Weight
69,65,160,25.390624999999996,Lose Weight
69,70,160,27.343749999999996,Lose Weight
69,75,160,29.296874999999993,Lose Weight
69,80,160,31.249999999999993,Lose Weight
69,85,160,33.20312499999999,Lose Weight
69,90,160,35.15624999999999,Lose Weight
69,95,160,37.10937499999999,Lose Weight
69,100,160,39.06249999999999,Lose Weight
69,105,160,41.01562499999999,Lose Weight
69,110,160,42.96874999999999,Lose Weight
69,115,160,44.92187499999999,Lose Weight
69,120,160,46.87499999999999,Lose Weight
69,125,160,48.82812499999999,Lose Weight
69,130,160,50.78124999999999,Lose Weight
69,135,160,52.73437499999999,Lose Weight
69,140,160,54.68749999999999,Lose Weight
69,145,160,56.640624999999986,Lose Weight
69,40,165,14.692378328741967,Gain Weight
69,45,165,16.528925619834713,Gain Weight
69,50,165,18.36547291092746,Gain Weight
69,55,165,20.202020202020204,Maintain Weight
69,60,165,22.03856749311295,Maintain Weight
69,65,165,23.875114784205696,Maintain Weight
69,70,165,25.71166207529844,Lose Weight
69,75,165,27.548209366391188,Lose Weight
69,80,165,29.384756657483933,Lose Weight
69,85,165,31.22130394857668,Lose Weight
69,90,165,33.057851239669425,Lose Weight
69,95,165,34.894398530762174,Lose Weight
69,100,165,36.73094582185492,Lose Weight
69,105,165,38.567493112947666,Lose Weight
69,110,165,40.40404040404041,Lose Weight
69,115,165,42.24058769513316,Lose Weight
69,120,165,44.0771349862259,Lose Weight
69,125,165,45.91368227731865,Lose Weight
69,130,165,47.75022956841139,Lose Weight
69,135,165,49.58677685950414,Lose Weight
69,140,165,51.42332415059688,Lose Weight
69,145,165,53.25987144168963,Lose Weight
69,40,170,13.84083044982699,Gain Weight
69,45,170,15.570934256055365,Gain Weight
69,50,170,17.301038062283737,Gain Weight
69,55,170,19.031141868512112,Maintain Weight
69,60,170,20.761245674740486,Maintain Weight
69,65,170,22.49134948096886,Maintain Weight
69,70,170,24.221453287197235,Maintain Weight
69,75,170,25.95155709342561,Lose Weight
69,80,170,27.68166089965398,Lose Weight
69,85,170,29.411764705882355,Lose Weight
69,90,170,31.14186851211073,Lose Weight
69,95,170,32.871972318339104,Lose Weight
69,100,170,34.602076124567475,Lose Weight
69,105,170,36.33217993079585,Lose Weight
69,110,170,38.062283737024224,Lose Weight
69,115,170,39.7923875432526,Lose Weight
69,120,170,41.52249134948097,Lose Weight
69,125,170,43.25259515570935,Lose Weight
69,130,170,44.98269896193772,Lose Weight
69,135,170,46.71280276816609,Lose Weight
69,140,170,48.44290657439447,Lose Weight
69,145,170,50.17301038062284,Lose Weight
69,40,175,13.061224489795919,Gain Weight
69,45,175,14.693877551020408,Gain Weight
69,50,175,16.3265306122449,Gain Weight
69,55,175,17.959183673469386,Gain Weight
69,60,175,19.591836734693878,Maintain Weight
69,65,175,21.224489795918366,Maintain Weight
69,70,175,22.857142857142858,Maintain Weight
69,75,175,24.489795918367346,Maintain Weight
69,80,175,26.122448979591837,Lose Weight
69,85,175,27.755102040816325,Lose Weight
69,90,175,29.387755102040817,Lose Weight
69,95,175,31.020408163265305,Lose Weight
69,100,175,32.6530612244898,Lose Weight
69,105,175,34.285714285714285,Lose Weight
69,110,175,35.91836734693877,Lose Weight
69,115,175,37.55102040816327,Lose Weight
69,120,175,39.183673469387756,Lose Weight
69,125,175,40.816326530612244,Lose Weight
69,130,175,42.44897959183673,Lose Weight
69,135,175,44.08163265306123,Lose Weight
69,140,175,45.714285714285715,Lose Weight
69,145,175,47.3469387755102,Lose Weight
69,40,180,12.345679012345679,Gain Weight
69,45,180,13.888888888888888,Gain Weight
69,50,180,15.432098765432098,Gain Weight
69,55,180,16.975308641975307,Gain Weight
69,60,180,18.51851851851852,Maintain Weight
69,65,180,20.061728395061728,Maintain Weight
69,70,180,21.604938271604937,Maintain Weight
69,75,180,23.148148148148145,Maintain Weight
69,80,180,24.691358024691358,Maintain Weight
69,85,180,26.234567901234566,Lose Weight
69,90,180,27.777777777777775,Lose Weight
69,95,180,29.320987654320987,Lose Weight
69,100,180,30.864197530864196,Lose Weight
69,105,180,32.407407407407405,Lose Weight
69,110,180,33.95061728395061,Lose Weight
69,115,180,35.49382716049382,Lose Weight
69,120,180,37.03703703703704,Lose Weight
69,125,180,38.58024691358025,Lose Weight
69,130,180,40.123456790123456,Lose Weight
69,135,180,41.666666666666664,Lose Weight
69,140,180,43.20987654320987,Lose Weight
69,145,180,44.75308641975308,Lose Weight
69,40,185,11.68736303871439,Gain Weight
69,45,185,13.148283418553687,Gain Weight
69,50,185,14.609203798392986,Gain Weight
69,55,185,16.070124178232284,Gain Weight
69,60,185,17.531044558071585,Gain Weight
69,65,185,18.991964937910883,Maintain Weight
69,70,185,20.45288531775018,Maintain Weight
69,75,185,21.913805697589478,Maintain Weight
69,80,185,23.37472607742878,Maintain Weight
69,85,185,24.835646457268076,Maintain Weight
69,90,185,26.296566837107374,Lose Weight
69,95,185,27.757487216946675,Lose Weight
69,100,185,29.218407596785973,Lose Weight
69,105,185,30.67932797662527,Lose Weight
69,110,185,32.14024835646457,Lose Weight
69,115,185,33.60116873630387,Lose Weight
69,120,185,35.06208911614317,Lose Weight
69,125,185,36.523009495982464,Lose Weight
69,130,185,37.983929875821765,Lose Weight
69,135,185,39.444850255661066,Lose Weight
69,140,185,40.90577063550036,Lose Weight
69,145,185,42.36669101533966,Lose Weight
69,40,190,11.0803324099723,Gain Weight
69,45,190,12.465373961218837,Gain Weight
69,50,190,13.850415512465375,Gain Weight
69,55,190,15.235457063711912,Gain Weight
69,60,190,16.62049861495845,Gain Weight
69,65,190,18.005540166204987,Gain Weight
69,70,190,19.390581717451525,Maintain Weight
69,75,190,20.775623268698062,Maintain Weight
69,80,190,22.1606648199446,Maintain Weight
69,85,190,23.545706371191137,Maintain Weight
69,90,190,24.930747922437675,Lose Weight
69,95,190,26.315789473684212,Lose Weight
69,100,190,27.70083102493075,Lose Weight
69,105,190,29.085872576177287,Lose Weight
69,110,190,30.470914127423825,Lose Weight
69,115,190,31.855955678670362,Lose Weight
69,120,190,33.2409972299169,Lose Weight
69,125,190,34.62603878116344,Lose Weight
69,130,190,36.011080332409975,Lose Weight
69,135,190,37.39612188365651,Lose Weight
69,140,190,38.78116343490305,Lose Weight
69,145,190,40.16620498614959,Lose Weight
69,40,195,10.519395134779751,Gain Weight
69,45,195,11.834319526627219,Gain Weight
69,50,195,13.149243918474689,Gain Weight
69,55,195,14.464168310322158,Gain Weight
69,60,195,15.779092702169626,Gain Weight
69,65,195,17.094017094017094,Gain Weight
69,70,195,18.408941485864563,Gain Weight
69,75,195,19.723865877712033,Maintain Weight
69,80,195,21.038790269559502,Maintain Weight
69,85,195,22.353714661406972,Maintain Weight
69,90,195,23.668639053254438,Maintain Weight
69,95,195,24.983563445101908,Lose Weight
69,100,195,26.298487836949377,Lose Weight
69,105,195,27.613412228796847,Lose Weight
69,110,195,28.928336620644316,Lose Weight
69,115,195,30.243261012491782,Lose Weight
69,120,195,31.558185404339252,Lose Weight
69,125,195,32.87310979618672,Lose Weight
69,130,195,34.18803418803419,Lose Weight
69,135,195,35.50295857988166,Lose Weight
69,140,195,36.81788297172913,Lose Weight
69,145,195,38.132807363576596,Lose Weight
